date,open,high,low,close,volume
2012-01-03,121.80000305175781,133.8000030517578,121.80000305175781,129.0,345
2012-01-04,134.39999389648438,141.60000610351562,127.19999694824219,131.39999389648438,425
2012-01-05,135.0,138.0,127.19999694824219,136.1999969482422,308
2012-01-06,137.39999389648438,137.39999389648438,124.19999694824219,126.0,328
2012-01-09,130.1999969482422,136.8000030517578,121.19999694824219,126.0,507
2012-01-10,126.0,129.0,124.80000305175781,127.19999694824219,188
2012-01-11,129.0,133.1999969482422,122.4000015258789,123.0,693
2012-01-12,120.5999984741211,125.4000015258789,117.0,119.4000015258789,933
2012-01-13,120.0,127.19999694824219,120.0,126.5999984741211,573
2012-01-17,132.0,132.0,118.80000305175781,118.80000305175781,987
2012-01-18,118.80000305175781,129.0,118.80000305175781,124.80000305175781,515
2012-01-19,127.80000305175781,129.0,121.80000305175781,127.80000305175781,312
2012-01-20,129.0,132.0,124.19999694824219,129.0,915
2012-01-23,129.0,133.8000030517578,123.5999984741211,129.0,1185
2012-01-24,130.1999969482422,130.1999969482422,124.19999694824219,124.19999694824219,570
2012-01-25,125.4000015258789,126.5999984741211,119.4000015258789,120.0,890
2012-01-26,124.80000305175781,131.39999389648438,122.4000015258789,126.5999984741211,208
2012-01-27,123.0,130.8000030517578,123.0,126.5999984741211,383
2012-01-30,123.0,132.0,120.5999984741211,132.0,588
2012-01-31,132.0,132.0,124.80000305175781,126.0,830
2012-02-01,129.0,136.8000030517578,129.0,135.60000610351562,780
2012-02-02,133.1999969482422,144.0,133.1999969482422,142.8000030517578,903
2012-02-03,144.60000610351562,153.60000610351562,141.0,147.60000610351562,1617
2012-02-06,147.60000610351562,150.0,144.60000610351562,150.0,532
2012-02-07,151.1999969482422,228.0,149.39999389648438,201.0,6185
2012-02-08,210.0,210.0,181.8000030517578,192.0,2830
2012-02-09,196.1999969482422,196.1999969482422,174.60000610351562,192.0,1590
2012-02-10,195.0,217.8000030517578,180.0,199.8000030517578,2940
2012-02-13,204.60000610351562,225.0,199.8000030517578,216.60000610351562,1582
2012-02-14,238.8000030517578,250.8000030517578,222.0,230.39999389648438,3002
2012-02-15,235.1999969482422,236.39999389648438,222.0,224.39999389648438,1405
2012-02-16,222.0,224.39999389648438,210.0,214.8000030517578,1425
2012-02-17,212.39999389648438,216.60000610351562,191.39999389648438,216.60000610351562,1283
2012-02-21,216.60000610351562,244.1999969482422,215.39999389648438,221.39999389648438,1600
2012-02-22,235.8000030517578,235.8000030517578,210.0,210.0,1335
2012-02-23,204.0,211.1999969482422,200.39999389648438,208.1999969482422,492
2012-02-24,205.1999969482422,207.60000610351562,186.0,188.39999389648438,1175
2012-02-27,190.8000030517578,190.8000030517578,174.0,176.39999389648438,2225
2012-02-28,180.60000610351562,185.39999389648438,176.39999389648438,180.0,437
2012-02-29,178.8000030517578,180.60000610351562,174.0,175.8000030517578,253
2012-03-01,179.39999389648438,180.60000610351562,175.8000030517578,177.0,222
2012-03-02,178.8000030517578,178.8000030517578,168.0,170.39999389648438,593
2012-03-05,170.39999389648438,178.8000030517578,169.8000030517578,170.39999389648438,305
2012-03-06,168.0,175.8000030517578,168.0,168.60000610351562,573
2012-03-07,171.0,175.1999969482422,170.39999389648438,170.39999389648438,188
2012-03-08,173.39999389648438,179.39999389648438,168.60000610351562,175.8000030517578,715
2012-03-09,173.39999389648438,177.0,167.39999389648438,172.8000030517578,445
2012-03-12,177.0,189.60000610351562,173.39999389648438,187.1999969482422,628
2012-03-13,192.0,201.0,186.0,195.60000610351562,948
2012-03-14,195.60000610351562,195.60000610351562,182.39999389648438,192.0,298
2012-03-15,193.1999969482422,198.60000610351562,189.60000610351562,195.60000610351562,358
2012-03-16,195.60000610351562,202.8000030517578,195.60000610351562,202.8000030517578,320
2012-03-19,204.0,204.0,196.8000030517578,198.0,143
2012-03-20,197.39999389648438,197.39999389648438,183.60000610351562,192.0,417
2012-03-21,194.39999389648438,195.0,187.1999969482422,192.60000610351562,167
2012-03-22,193.8000030517578,195.0,184.8000030517578,191.39999389648438,298
2012-03-23,187.8000030517578,201.60000610351562,186.0,195.0,487
2012-03-26,195.0,198.0,186.0,192.60000610351562,410
2012-03-27,195.60000610351562,196.1999969482422,187.1999969482422,189.0,308
2012-03-28,190.8000030517578,190.8000030517578,186.60000610351562,190.1999969482422,58
2012-03-29,189.60000610351562,192.0,181.1999969482422,192.0,397
2012-03-30,189.0,195.60000610351562,184.8000030517578,192.0,295
2012-04-02,196.1999969482422,196.1999969482422,189.0,191.39999389648438,302
2012-04-03,195.0,195.0,187.8000030517578,189.0,205
2012-04-04,186.60000610351562,189.60000610351562,181.1999969482422,184.8000030517578,310
2012-04-05,181.1999969482422,195.0,181.1999969482422,195.0,257
2012-04-09,185.39999389648438,192.0,184.1999969482422,184.1999969482422,178
2012-04-10,186.0,189.60000610351562,180.60000610351562,189.0,417
2012-04-11,191.39999389648438,191.39999389648438,180.60000610351562,181.1999969482422,1085
2012-04-12,181.1999969482422,183.60000610351562,180.60000610351562,181.8000030517578,240
2012-04-13,181.8000030517578,182.39999389648438,180.60000610351562,181.1999969482422,120
2012-04-16,180.60000610351562,183.0,177.0,181.8000030517578,365
2012-04-17,182.39999389648438,183.0,180.0,180.60000610351562,118
2012-04-18,180.60000610351562,181.1999969482422,174.0,174.0,557
2012-04-19,176.39999389648438,181.8000030517578,171.60000610351562,172.8000030517578,607
2012-04-20,175.8000030517578,183.0,169.1999969482422,183.0,398
2012-04-23,169.8000030517578,172.8000030517578,168.0,168.60000610351562,583
2012-04-24,168.60000610351562,176.39999389648438,168.60000610351562,170.39999389648438,430
2012-04-25,170.39999389648438,170.39999389648438,168.0,168.60000610351562,268
2012-04-26,170.39999389648438,174.60000610351562,160.8000030517578,163.1999969482422,518
2012-04-27,162.0,162.0,152.39999389648438,152.39999389648438,250
2012-04-30,151.8000030517578,153.60000610351562,147.60000610351562,150.0,383
2012-05-01,148.1999969482422,159.60000610351562,148.1999969482422,151.8000030517578,267
2012-05-02,151.8000030517578,154.8000030517578,146.39999389648438,152.39999389648438,283
2012-05-03,151.8000030517578,151.8000030517578,144.60000610351562,147.60000610351562,138
2012-05-04,145.8000030517578,150.0,145.1999969482422,150.0,243
2012-05-07,149.39999389648438,149.39999389648438,141.60000610351562,147.0,358
2012-05-08,148.8000030517578,148.8000030517578,136.8000030517578,139.8000030517578,275
2012-05-09,139.8000030517578,139.8000030517578,127.80000305175781,129.0,757
2012-05-10,130.1999969482422,137.39999389648438,124.80000305175781,124.80000305175781,467
2012-05-11,124.80000305175781,128.39999389648438,124.80000305175781,124.80000305175781,272
2012-05-14,124.80000305175781,128.39999389648438,124.19999694824219,124.80000305175781,383
2012-05-15,124.80000305175781,124.80000305175781,122.4000015258789,123.0,385
2012-05-16,122.4000015258789,124.80000305175781,120.0,120.0,817
2012-05-17,120.5999984741211,121.19999694824219,120.0,121.19999694824219,167
2012-05-18,121.19999694824219,129.0,120.0,126.0,233
2012-05-21,124.80000305175781,127.19999694824219,121.19999694824219,122.4000015258789,157
2012-05-22,121.80000305175781,133.8000030517578,114.5999984741211,118.80000305175781,438
2012-05-23,120.0,123.5999984741211,117.0,122.4000015258789,167
2012-05-24,123.0,129.0,121.80000305175781,121.80000305175781,283
2012-05-25,123.0,124.19999694824219,120.5999984741211,120.5999984741211,227
2012-05-29,122.4000015258789,132.60000610351562,120.0,123.0,582
2012-05-30,126.0,128.39999389648438,123.0,124.80000305175781,183
2012-05-31,124.80000305175781,126.5999984741211,123.5999984741211,124.19999694824219,45
2012-06-01,127.19999694824219,135.0,124.19999694824219,135.0,342
2012-06-04,135.60000610351562,135.60000610351562,129.60000610351562,130.1999969482422,233
2012-06-05,135.0,136.8000030517578,130.8000030517578,134.39999389648438,227
2012-06-06,135.60000610351562,137.39999389648438,133.8000030517578,135.60000610351562,38
2012-06-07,136.1999969482422,136.1999969482422,124.80000305175781,127.80000305175781,295
2012-06-08,127.80000305175781,132.0,127.80000305175781,132.0,88
2012-06-11,132.0,132.0,129.0,129.0,40
2012-06-12,128.39999389648438,131.39999389648438,128.39999389648438,129.60000610351562,135
2012-06-13,131.39999389648438,131.39999389648438,124.80000305175781,126.5999984741211,378
2012-06-14,126.0,129.0,123.0,123.0,125
2012-06-15,123.0,129.0,117.5999984741211,129.0,435
2012-06-18,127.19999694824219,127.19999694824219,122.4000015258789,122.4000015258789,62
2012-06-19,121.19999694824219,126.0,118.19999694824219,120.5999984741211,570
2012-06-20,120.5999984741211,132.60000610351562,120.0,126.5999984741211,458
2012-06-21,121.19999694824219,124.80000305175781,121.19999694824219,123.0,333
2012-06-22,124.80000305175781,127.19999694824219,117.0,117.0,1157
2012-06-25,120.0,124.80000305175781,117.0,118.19999694824219,207
2012-06-26,124.19999694824219,132.0,120.5999984741211,130.1999969482422,157
2012-06-27,126.5999984741211,129.0,123.0,123.5999984741211,75
2012-06-28,124.80000305175781,126.5999984741211,118.80000305175781,118.80000305175781,200
2012-06-29,119.4000015258789,123.0,119.4000015258789,121.19999694824219,122
2012-07-02,135.0,135.0,125.4000015258789,129.0,192
2012-07-03,130.8000030517578,130.8000030517578,120.0,130.1999969482422,182
2012-07-05,127.19999694824219,131.39999389648438,121.80000305175781,129.0,278
2012-07-06,124.80000305175781,135.0,124.80000305175781,135.0,240
2012-07-09,130.1999969482422,136.1999969482422,127.80000305175781,136.1999969482422,413
2012-07-10,134.39999389648438,140.39999389648438,130.8000030517578,140.39999389648438,547
2012-07-11,141.0,143.39999389648438,135.0,143.39999389648438,105
2012-07-12,138.60000610351562,141.0,135.60000610351562,141.0,70
2012-07-13,144.0,156.0,144.0,150.0,530
2012-07-16,150.0,153.0,150.0,153.0,45
2012-07-17,156.0,157.1999969482422,150.0,155.39999389648438,203
2012-07-18,150.60000610351562,150.60000610351562,144.60000610351562,144.60000610351562,118
2012-07-19,147.0,147.0,138.0,141.60000610351562,267
2012-07-20,139.8000030517578,139.8000030517578,133.1999969482422,139.1999969482422,167
2012-07-23,133.1999969482422,134.39999389648438,132.0,132.0,103
2012-07-24,132.60000610351562,132.60000610351562,123.0,128.39999389648438,222
2012-07-25,130.1999969482422,130.8000030517578,122.4000015258789,124.19999694824219,412
2012-07-26,128.39999389648438,130.1999969482422,122.4000015258789,123.0,290
2012-07-27,130.8000030517578,131.39999389648438,123.0,126.0,855
2012-07-30,126.5999984741211,142.8000030517578,126.5999984741211,141.60000610351562,467
2012-07-31,138.0,149.39999389648438,127.19999694824219,148.8000030517578,643
2012-08-01,153.0,159.60000610351562,139.8000030517578,154.1999969482422,493
2012-08-02,154.8000030517578,164.39999389648438,154.8000030517578,155.39999389648438,272
2012-08-03,150.0,150.0,129.0,136.1999969482422,400
2012-08-06,136.1999969482422,149.39999389648438,132.60000610351562,136.1999969482422,317
2012-08-07,142.1999969482422,148.1999969482422,129.60000610351562,139.1999969482422,290
2012-08-08,135.0,139.1999969482422,131.39999389648438,133.1999969482422,113
2012-08-09,131.39999389648438,138.60000610351562,131.39999389648438,132.0,140
2012-08-10,131.39999389648438,139.1999969482422,131.39999389648438,135.60000610351562,127
2012-08-13,135.0,135.0,126.5999984741211,129.60000610351562,222
2012-08-14,129.0,135.60000610351562,129.0,129.60000610351562,88
2012-08-15,129.0,135.0,129.0,134.39999389648438,83
2012-08-16,134.39999389648438,134.39999389648438,130.1999969482422,132.0,62
2012-08-17,132.0,134.39999389648438,128.39999389648438,134.39999389648438,68
2012-08-20,129.60000610351562,139.1999969482422,129.60000610351562,129.60000610351562,260
2012-08-21,130.8000030517578,136.1999969482422,129.0,136.1999969482422,235
2012-08-22,130.8000030517578,136.1999969482422,129.60000610351562,129.60000610351562,175
2012-08-23,129.0,133.8000030517578,129.0,129.0,758
2012-08-24,133.1999969482422,133.1999969482422,129.0,130.8000030517578,540
2012-08-27,132.0,132.60000610351562,130.1999969482422,130.1999969482422,78
2012-08-28,127.80000305175781,129.0,126.0,129.0,432
2012-08-29,126.0,133.1999969482422,126.0,133.1999969482422,1550
2012-08-30,129.60000610351562,132.0,129.0,129.0,58
2012-08-31,132.0,135.60000610351562,127.19999694824219,131.39999389648438,400
2012-09-04,129.0,131.39999389648438,127.19999694824219,127.19999694824219,78
2012-09-05,126.0,133.1999969482422,124.19999694824219,127.19999694824219,317
2012-09-06,133.1999969482422,133.1999969482422,126.5999984741211,129.0,270
2012-09-07,128.39999389648438,130.8000030517578,126.5999984741211,130.8000030517578,82
2012-09-10,136.1999969482422,136.1999969482422,126.5999984741211,128.39999389648438,153
2012-09-11,127.80000305175781,128.39999389648438,126.0,126.0,248
2012-09-12,126.0,126.5999984741211,124.80000305175781,126.0,90
2012-09-13,124.80000305175781,127.80000305175781,120.5999984741211,124.19999694824219,393
2012-09-14,122.4000015258789,130.8000030517578,121.19999694824219,128.39999389648438,417
2012-09-17,128.39999389648438,129.0,122.4000015258789,126.0,132
2012-09-18,126.0,127.19999694824219,123.5999984741211,127.19999694824219,37
2012-09-19,123.5999984741211,127.19999694824219,123.0,126.0,250
2012-09-20,124.19999694824219,127.19999694824219,120.0,121.80000305175781,210
2012-09-21,123.0,127.80000305175781,123.0,127.80000305175781,562
2012-09-24,127.80000305175781,128.39999389648438,120.5999984741211,120.5999984741211,180
2012-09-25,120.5999984741211,126.0,120.5999984741211,121.19999694824219,398
2012-09-26,120.5999984741211,126.0,120.5999984741211,121.19999694824219,225
2012-09-27,120.5999984741211,124.80000305175781,120.5999984741211,124.19999694824219,43
2012-09-28,121.80000305175781,124.19999694824219,121.19999694824219,121.19999694824219,75
2012-10-01,121.19999694824219,127.80000305175781,120.0,120.0,348
2012-10-02,120.0,124.80000305175781,120.0,122.4000015258789,182
2012-10-03,120.5999984741211,124.19999694824219,120.0,123.5999984741211,367
2012-10-04,120.0,124.19999694824219,120.0,121.19999694824219,72
2012-10-05,120.0,122.4000015258789,120.0,121.19999694824219,168
2012-10-08,120.5999984741211,122.4000015258789,120.0,121.80000305175781,312
2012-10-09,122.4000015258789,123.0,120.5999984741211,123.0,50
2012-10-10,121.80000305175781,123.0,120.0,120.0,205
2012-10-11,123.0,123.0,120.5999984741211,120.5999984741211,18
2012-10-12,121.80000305175781,121.80000305175781,120.0,120.0,1087
2012-10-15,120.0,121.19999694824219,120.0,120.0,547
2012-10-16,120.0,122.4000015258789,120.0,120.0,167
2012-10-17,120.0,122.4000015258789,120.0,121.80000305175781,65
2012-10-18,120.5999984741211,120.5999984741211,120.0,120.0,25
2012-10-19,120.0,120.0,117.0,118.80000305175781,440
2012-10-22,120.0,120.0,112.19999694824219,119.4000015258789,370
2012-10-23,115.19999694824219,119.4000015258789,111.5999984741211,111.5999984741211,257
2012-10-24,113.4000015258789,117.0,111.0,111.0,97
2012-10-25,111.0,116.4000015258789,108.0,110.4000015258789,148
2012-10-26,110.4000015258789,110.4000015258789,91.80000305175781,100.80000305175781,1395
2012-10-31,101.4000015258789,114.0,99.0,102.0,272
2012-11-01,106.80000305175781,108.5999984741211,104.4000015258789,108.5999984741211,233
2012-11-02,106.80000305175781,106.80000305175781,105.5999984741211,105.5999984741211,135
2012-11-05,105.5999984741211,106.19999694824219,97.19999694824219,104.4000015258789,185
2012-11-06,113.4000015258789,113.4000015258789,102.0,109.80000305175781,148
2012-11-07,108.0,110.4000015258789,102.0,108.0,163
2012-11-08,106.80000305175781,106.80000305175781,94.19999694824219,96.0,457
2012-11-09,78.5999984741211,96.0,76.19999694824219,95.4000015258789,682
2012-11-12,96.0,99.0,94.80000305175781,96.0,1332
2012-11-13,96.0,100.80000305175781,96.0,98.4000015258789,383
2012-11-14,94.80000305175781,97.19999694824219,93.5999984741211,97.19999694824219,218
2012-11-15,93.5999984741211,96.0,80.4000015258789,96.0,672
2012-11-16,78.0,106.80000305175781,78.0,94.80000305175781,618
2012-11-19,94.80000305175781,96.0,90.0,96.0,148
2012-11-20,96.0,96.0,86.4000015258789,91.80000305175781,190
2012-11-21,85.19999694824219,91.19999694824219,82.19999694824219,84.5999984741211,182
2012-11-23,83.4000015258789,89.4000015258789,81.5999984741211,81.5999984741211,540
2012-11-26,78.0,81.0,73.19999694824219,76.19999694824219,703
2012-11-27,75.5999984741211,76.19999694824219,72.0,72.0,702
2012-11-28,71.4000015258789,75.5999984741211,63.0,69.5999984741211,2197
2012-11-29,66.0,73.80000305175781,66.0,73.80000305175781,300
2012-11-30,69.5999984741211,77.4000015258789,69.5999984741211,73.19999694824219,660
2012-12-03,75.0,85.80000305175781,73.19999694824219,85.19999694824219,725
2012-12-04,96.0,103.19999694824219,90.5999984741211,95.4000015258789,862
2012-12-05,90.5999984741211,100.19999694824219,88.19999694824219,92.4000015258789,305
2012-12-06,93.5999984741211,98.4000015258789,93.5999984741211,98.4000015258789,415
2012-12-07,98.4000015258789,119.4000015258789,98.4000015258789,115.19999694824219,902
2012-12-10,115.19999694824219,115.19999694824219,108.0,109.19999694824219,257
2012-12-11,109.19999694824219,121.80000305175781,105.5999984741211,115.19999694824219,522
2012-12-12,118.80000305175781,119.4000015258789,103.19999694824219,108.0,543
2012-12-13,105.5999984741211,108.0,105.0,105.0,233
2012-12-14,103.19999694824219,111.0,99.0,102.0,493
2012-12-17,102.0,102.0,85.19999694824219,94.80000305175781,965
2012-12-18,86.4000015258789,93.5999984741211,85.80000305175781,88.19999694824219,177
2012-12-19,87.0,87.0,78.0,82.19999694824219,555
2012-12-20,78.5999984741211,94.19999694824219,78.5999984741211,86.4000015258789,283
2012-12-21,82.19999694824219,86.4000015258789,75.0,84.5999984741211,687
2012-12-24,76.80000305175781,83.4000015258789,76.80000305175781,81.5999984741211,212
2012-12-26,79.80000305175781,86.4000015258789,79.80000305175781,81.5999984741211,277
2012-12-27,81.0,84.0,78.0,82.19999694824219,575
2012-12-28,78.0,91.80000305175781,75.0,90.0,1405
2012-12-31,61.20000076293945,96.0,61.20000076293945,84.5999984741211,822
2013-01-02,77.4000015258789,95.4000015258789,77.4000015258789,89.4000015258789,238
2013-01-03,100.80000305175781,102.5999984741211,93.0,96.5999984741211,875
2013-01-04,102.0,120.5999984741211,82.80000305175781,105.0,625
2013-01-07,109.19999694824219,118.19999694824219,109.19999694824219,113.4000015258789,468
2013-01-08,114.0,119.4000015258789,110.4000015258789,117.0,977
2013-01-09,117.0,117.0,112.19999694824219,117.0,417
2013-01-10,119.4000015258789,119.4000015258789,112.19999694824219,116.4000015258789,170
2013-01-11,117.5999984741211,118.80000305175781,114.5999984741211,117.0,362
2013-01-14,117.0,117.0,108.5999984741211,110.4000015258789,282
2013-01-15,114.5999984741211,114.5999984741211,101.4000015258789,108.0,272
2013-01-16,100.80000305175781,104.4000015258789,100.80000305175781,103.19999694824219,220
2013-01-17,99.0,111.0,99.0,103.80000305175781,372
2013-01-18,108.5999984741211,108.5999984741211,99.0,105.5999984741211,103
2013-01-22,102.5999984741211,105.5999984741211,100.19999694824219,102.5999984741211,180
2013-01-23,108.0,112.19999694824219,106.19999694824219,106.19999694824219,285
2013-01-24,111.0,111.0,102.5999984741211,105.0,130
2013-01-25,104.4000015258789,105.0,99.0,99.0,160
2013-01-28,100.80000305175781,108.0,100.80000305175781,102.0,360
2013-01-29,108.0,117.0,106.19999694824219,116.4000015258789,532
2013-01-30,120.0,123.5999984741211,112.80000305175781,116.4000015258789,640
2013-01-31,120.5999984741211,125.4000015258789,111.5999984741211,119.4000015258789,778
2013-02-01,126.0,128.39999389648438,106.19999694824219,116.4000015258789,1055
2013-02-04,117.0,120.0,107.4000015258789,111.5999984741211,312
2013-02-05,117.0,117.0,106.19999694824219,107.4000015258789,667
2013-02-06,109.80000305175781,117.0,106.80000305175781,108.5999984741211,100
2013-02-07,114.5999984741211,114.5999984741211,108.5999984741211,109.80000305175781,133
2013-02-08,112.80000305175781,115.19999694824219,109.19999694824219,110.4000015258789,102
2013-02-11,113.4000015258789,113.4000015258789,109.80000305175781,112.80000305175781,132
2013-02-12,112.19999694824219,121.80000305175781,112.19999694824219,115.80000305175781,322
2013-02-13,118.19999694824219,121.19999694824219,117.5999984741211,120.0,168
2013-02-14,123.5999984741211,123.5999984741211,114.0,114.0,202
2013-02-15,120.0,120.0,111.5999984741211,116.4000015258789,152
2013-02-19,120.0,120.0,105.0,115.19999694824219,567
2013-02-20,109.80000305175781,117.5999984741211,108.0,108.0,165
2013-02-21,108.0,118.19999694824219,108.0,114.5999984741211,158
2013-02-22,108.0,113.4000015258789,106.19999694824219,110.4000015258789,292
2013-02-25,113.4000015258789,120.0,111.0,119.4000015258789,1028
2013-02-26,120.0,123.0,116.4000015258789,119.4000015258789,1075
2013-02-27,119.4000015258789,124.19999694824219,119.4000015258789,124.19999694824219,533
2013-02-28,144.0,150.0,124.19999694824219,138.0,1377
2013-03-01,149.39999389648438,149.39999389648438,105.0,114.0,2030
2013-03-04,114.0,114.0,105.0,106.80000305175781,533
2013-03-05,104.4000015258789,111.0,100.80000305175781,104.4000015258789,555
2013-03-06,108.0,110.4000015258789,103.19999694824219,103.80000305175781,258
2013-03-07,105.0,110.4000015258789,105.0,105.5999984741211,173
2013-03-08,105.0,105.5999984741211,102.5999984741211,103.19999694824219,195
2013-03-11,105.0,109.19999694824219,103.19999694824219,107.4000015258789,452
2013-03-12,109.80000305175781,113.4000015258789,109.19999694824219,113.4000015258789,182
2013-03-13,105.5999984741211,112.80000305175781,105.0,105.5999984741211,183
2013-03-14,106.80000305175781,106.80000305175781,104.4000015258789,105.0,27
2013-03-15,105.0,114.0,103.19999694824219,112.19999694824219,158
2013-03-18,103.19999694824219,114.0,103.19999694824219,106.19999694824219,535
2013-03-19,103.80000305175781,113.4000015258789,99.0,110.4000015258789,232
2013-03-20,106.19999694824219,111.5999984741211,102.0,105.5999984741211,298
2013-03-21,109.19999694824219,112.19999694824219,109.19999694824219,110.4000015258789,28
2013-03-22,108.0,112.19999694824219,103.19999694824219,109.80000305175781,48
2013-03-25,109.19999694824219,109.80000305175781,108.0,109.19999694824219,168
2013-03-26,109.19999694824219,109.19999694824219,100.19999694824219,101.4000015258789,97
2013-03-27,105.0,107.4000015258789,100.19999694824219,107.4000015258789,232
2013-03-28,107.4000015258789,109.19999694824219,100.19999694824219,104.4000015258789,165
2013-04-01,102.0,111.0,102.0,108.5999984741211,453
2013-04-02,106.80000305175781,110.4000015258789,102.0,108.0,97
2013-04-03,105.0,108.5999984741211,102.5999984741211,106.19999694824219,80
2013-04-04,103.80000305175781,105.0,100.19999694824219,102.0,95
2013-04-05,103.19999694824219,109.19999694824219,102.5999984741211,108.0,268
2013-04-08,103.80000305175781,105.0,101.4000015258789,104.4000015258789,52
2013-04-09,106.19999694824219,106.19999694824219,99.5999984741211,105.5999984741211,53
2013-04-10,106.19999694824219,106.19999694824219,99.5999984741211,99.5999984741211,183
2013-04-11,100.19999694824219,101.4000015258789,98.4000015258789,99.5999984741211,120
2013-04-12,97.19999694824219,99.0,97.19999694824219,99.0,68
2013-04-15,99.0,99.5999984741211,96.0,99.0,407
2013-04-16,96.0,98.4000015258789,96.0,98.4000015258789,60
2013-04-17,99.0,99.0,90.5999984741211,90.5999984741211,82
2013-04-18,90.5999984741211,97.80000305175781,90.5999984741211,94.19999694824219,262
2013-04-19,90.0,96.0,88.80000305175781,93.0,257
2013-04-22,95.4000015258789,96.0,88.80000305175781,89.4000015258789,122
2013-04-23,88.19999694824219,96.0,88.19999694824219,94.80000305175781,273
2013-04-24,91.80000305175781,94.19999694824219,90.0,90.0,75
2013-04-25,90.0,90.0,88.19999694824219,89.4000015258789,403
2013-04-26,90.0,90.0,87.0,87.0,215
2013-04-29,87.0,90.0,87.0,88.19999694824219,218
2013-04-30,87.5999984741211,94.80000305175781,87.0,87.5999984741211,230
2013-05-01,86.4000015258789,91.19999694824219,86.4000015258789,89.4000015258789,127
2013-05-02,87.5999984741211,88.80000305175781,86.4000015258789,86.4000015258789,255
2013-05-03,85.19999694824219,88.80000305175781,85.19999694824219,88.80000305175781,140
2013-05-06,82.80000305175781,88.19999694824219,81.0,88.19999694824219,633
2013-05-07,84.5999984741211,84.5999984741211,81.0,84.0,157
2013-05-08,81.0,87.0,81.0,82.80000305175781,352
2013-05-09,84.0,99.5999984741211,84.0,93.5999984741211,570
2013-05-10,94.80000305175781,102.0,94.19999694824219,100.19999694824219,198
2013-05-13,102.0,105.0,99.5999984741211,101.4000015258789,267
2013-05-14,101.4000015258789,108.0,101.4000015258789,103.80000305175781,130
2013-05-15,103.19999694824219,104.4000015258789,101.4000015258789,102.0,200
2013-05-16,102.0,105.0,100.80000305175781,102.0,107
2013-05-17,101.4000015258789,105.0,101.4000015258789,103.19999694824219,85
2013-05-20,102.0,103.19999694824219,99.0,102.0,90
2013-05-21,103.80000305175781,103.80000305175781,93.5999984741211,102.0,178
2013-05-22,94.80000305175781,102.5999984741211,90.0,94.80000305175781,160
2013-05-23,96.5999984741211,103.19999694824219,96.5999984741211,101.4000015258789,45
2013-05-24,98.4000015258789,100.80000305175781,97.80000305175781,100.80000305175781,22
2013-05-28,98.4000015258789,102.5999984741211,91.19999694824219,102.0,128
2013-05-29,99.5999984741211,102.0,98.4000015258789,102.0,12
2013-05-30,100.80000305175781,102.5999984741211,98.4000015258789,102.0,98
2013-05-31,99.5999984741211,102.0,96.5999984741211,101.4000015258789,253
2013-06-03,99.5999984741211,102.0,96.0,97.19999694824219,115
2013-06-04,94.80000305175781,96.0,93.5999984741211,94.19999694824219,70
2013-06-05,94.80000305175781,96.5999984741211,93.5999984741211,94.19999694824219,133
2013-06-06,94.19999694824219,100.19999694824219,93.5999984741211,95.4000015258789,255
2013-06-07,95.4000015258789,95.4000015258789,91.80000305175781,93.0,203
2013-06-10,91.80000305175781,108.0,91.19999694824219,103.19999694824219,1147
2013-06-11,109.80000305175781,109.80000305175781,103.19999694824219,105.5999984741211,440
2013-06-12,104.4000015258789,105.5999984741211,99.5999984741211,99.5999984741211,187
2013-06-13,102.5999984741211,107.4000015258789,101.4000015258789,106.80000305175781,95
2013-06-14,108.0,108.0,106.80000305175781,108.0,290
2013-06-17,108.0,108.0,101.4000015258789,102.0,423
2013-06-18,101.4000015258789,108.0,90.0,103.80000305175781,177
2013-06-19,98.4000015258789,99.5999984741211,97.80000305175781,99.5999984741211,5
2013-06-20,94.19999694824219,99.5999984741211,93.0,95.4000015258789,80
2013-06-21,93.0,99.0,93.0,98.4000015258789,233
2013-06-24,90.5999984741211,102.0,90.0,93.5999984741211,623
2013-06-25,91.80000305175781,100.19999694824219,91.80000305175781,96.5999984741211,163
2013-06-26,99.5999984741211,105.0,99.5999984741211,102.0,93
2013-06-27,100.19999694824219,105.0,100.19999694824219,105.0,177
2013-06-28,105.0,105.0,101.4000015258789,103.19999694824219,233
2013-07-01,105.0,105.0,102.0,102.0,158
2013-07-02,104.4000015258789,104.4000015258789,100.19999694824219,100.19999694824219,112
2013-07-03,99.5999984741211,102.0,99.5999984741211,102.0,40
2013-07-05,99.0,99.5999984741211,96.0,96.5999984741211,148
2013-07-08,96.0,97.80000305175781,91.80000305175781,96.5999984741211,438
2013-07-09,93.0,97.80000305175781,92.4000015258789,94.80000305175781,135
2013-07-10,94.19999694824219,99.0,93.5999984741211,97.19999694824219,285
2013-07-11,97.19999694824219,99.5999984741211,96.0,98.4000015258789,298
2013-07-12,98.4000015258789,102.0,97.80000305175781,97.80000305175781,122
2013-07-15,97.80000305175781,97.80000305175781,93.5999984741211,94.19999694824219,200
2013-07-16,94.19999694824219,96.5999984741211,90.5999984741211,94.19999694824219,300
2013-07-17,93.0,96.0,93.0,94.80000305175781,158
2013-07-18,90.0,94.19999694824219,90.0,90.5999984741211,973
2013-07-19,93.5999984741211,96.0,91.19999694824219,91.80000305175781,183
2013-07-22,91.80000305175781,95.4000015258789,91.19999694824219,93.0,202
2013-07-23,92.4000015258789,96.0,91.19999694824219,93.0,327
2013-07-24,93.0,96.5999984741211,92.4000015258789,96.5999984741211,125
2013-07-25,97.19999694824219,97.80000305175781,93.0,95.4000015258789,108
2013-07-26,96.0,96.0,93.5999984741211,96.0,65
2013-07-29,96.5999984741211,196.8000030517578,96.5999984741211,189.0,32240
2013-07-30,189.0,190.1999969482422,141.0,151.1999969482422,17402
2013-07-31,156.0,156.0,129.0,131.39999389648438,7067
2013-08-01,137.39999389648438,147.0,129.60000610351562,131.39999389648438,4623
2013-08-02,131.39999389648438,131.39999389648438,109.80000305175781,115.80000305175781,3615
2013-08-05,117.0,128.39999389648438,117.0,122.4000015258789,1595
2013-08-06,121.80000305175781,121.80000305175781,107.4000015258789,115.80000305175781,1140
2013-08-07,118.19999694824219,123.0,114.0,117.0,987
2013-08-08,120.5999984741211,129.0,116.4000015258789,116.4000015258789,908
2013-08-09,118.80000305175781,120.0,109.19999694824219,109.19999694824219,800
2013-08-12,112.19999694824219,118.80000305175781,108.5999984741211,113.4000015258789,675
2013-08-13,116.4000015258789,118.19999694824219,109.80000305175781,112.80000305175781,867
2013-08-14,110.4000015258789,118.19999694824219,110.4000015258789,112.19999694824219,838
2013-08-15,113.4000015258789,115.80000305175781,110.4000015258789,112.80000305175781,655
2013-08-16,114.0,114.0,112.19999694824219,113.4000015258789,195
2013-08-19,116.4000015258789,118.19999694824219,112.19999694824219,114.0,915
2013-08-20,116.4000015258789,116.4000015258789,111.5999984741211,114.0,575
2013-08-21,114.0,114.0,110.4000015258789,113.4000015258789,163
2013-08-22,114.0,114.0,111.5999984741211,111.5999984741211,248
2013-08-23,114.0,114.5999984741211,105.0,106.19999694824219,962
2013-08-26,119.4000015258789,119.4000015258789,103.80000305175781,106.80000305175781,833
2013-08-27,105.5999984741211,108.0,100.80000305175781,102.5999984741211,295
2013-08-28,102.0,109.19999694824219,102.0,103.80000305175781,127
2013-08-29,104.4000015258789,105.0,99.5999984741211,100.80000305175781,542
2013-08-30,100.80000305175781,105.0,99.0,103.80000305175781,425
2013-09-03,103.19999694824219,103.80000305175781,99.0,99.5999984741211,252
2013-09-04,100.19999694824219,102.0,99.5999984741211,100.80000305175781,173
2013-09-05,102.0,102.0,100.80000305175781,100.80000305175781,105
2013-09-06,102.0,109.19999694824219,102.0,105.0,207
2013-09-09,105.0,109.19999694824219,99.0,108.0,328
2013-09-10,108.5999984741211,109.19999694824219,101.4000015258789,102.5999984741211,387
2013-09-11,100.80000305175781,106.19999694824219,99.5999984741211,105.5999984741211,117
2013-09-12,104.4000015258789,104.4000015258789,102.0,102.5999984741211,130
2013-09-13,103.80000305175781,107.4000015258789,103.80000305175781,105.5999984741211,633
2013-09-16,106.80000305175781,115.80000305175781,105.0,108.0,878
2013-09-17,105.0,113.4000015258789,105.0,105.0,768
2013-09-18,105.5999984741211,107.4000015258789,103.19999694824219,104.4000015258789,95
2013-09-19,103.80000305175781,106.80000305175781,103.80000305175781,103.80000305175781,232
2013-09-20,103.80000305175781,114.0,102.5999984741211,114.0,240
2013-09-23,114.5999984741211,114.5999984741211,105.0,112.80000305175781,455
2013-09-24,111.0,112.19999694824219,108.5999984741211,108.5999984741211,252
2013-09-25,109.80000305175781,111.0,108.0,108.0,110
2013-09-26,109.80000305175781,111.0,105.0,107.4000015258789,213
2013-09-27,108.5999984741211,111.0,105.0,106.19999694824219,330
2013-09-30,106.19999694824219,110.4000015258789,105.0,107.4000015258789,288
2013-10-01,106.19999694824219,113.4000015258789,106.19999694824219,112.19999694824219,545
2013-10-02,113.4000015258789,114.0,108.0,113.4000015258789,613
2013-10-03,114.0,114.0,109.19999694824219,109.80000305175781,275
2013-10-04,108.0,114.0,108.0,110.4000015258789,265
2013-10-07,111.0,135.0,111.0,127.19999694824219,4595
2013-10-08,120.0,127.19999694824219,118.19999694824219,120.0,1300
2013-10-09,130.1999969482422,130.1999969482422,117.5999984741211,120.0,1210
2013-10-10,118.19999694824219,123.5999984741211,114.5999984741211,116.4000015258789,1130
2013-10-11,121.19999694824219,121.19999694824219,110.4000015258789,110.4000015258789,1560
2013-10-14,111.0,120.5999984741211,106.80000305175781,108.0,1290
2013-10-15,109.80000305175781,115.80000305175781,108.0,110.4000015258789,1663
2013-10-16,114.0,114.0,109.80000305175781,113.4000015258789,917
2013-10-17,114.0,115.19999694824219,109.80000305175781,112.80000305175781,733
2013-10-18,115.19999694824219,123.0,110.4000015258789,117.0,1165
2013-10-21,123.0,124.80000305175781,120.0,121.80000305175781,675
2013-10-22,108.5999984741211,108.5999984741211,103.19999694824219,105.0,7530
2013-10-23,103.19999694824219,105.0,102.0,103.80000305175781,1712
2013-10-24,106.80000305175781,106.80000305175781,94.19999694824219,98.4000015258789,3158
2013-10-25,100.19999694824219,100.19999694824219,93.0,94.80000305175781,2843
2013-10-28,96.0,97.80000305175781,93.0,94.80000305175781,1443
2013-10-29,93.5999984741211,99.0,91.80000305175781,94.80000305175781,983
2013-10-30,94.19999694824219,96.0,93.5999984741211,96.0,735
2013-10-31,96.0,98.4000015258789,91.80000305175781,93.5999984741211,1412
2013-11-01,94.80000305175781,96.0,90.5999984741211,91.19999694824219,393
2013-11-04,91.19999694824219,98.4000015258789,91.19999694824219,97.80000305175781,255
2013-11-05,96.0,99.0,93.5999984741211,94.80000305175781,1212
2013-11-06,95.4000015258789,95.4000015258789,91.80000305175781,94.80000305175781,192
2013-11-07,97.19999694824219,97.19999694824219,90.0,90.0,798
2013-11-08,93.5999984741211,96.0,91.19999694824219,93.0,485
2013-11-11,94.19999694824219,95.4000015258789,92.4000015258789,93.0,293
2013-11-12,93.5999984741211,97.19999694824219,91.80000305175781,93.0,823
2013-11-13,96.0,96.0,91.80000305175781,93.5999984741211,635
2013-11-14,94.19999694824219,94.80000305175781,93.5999984741211,94.80000305175781,578
2013-11-15,94.80000305175781,94.80000305175781,91.19999694824219,91.19999694824219,717
2013-11-18,93.5999984741211,94.80000305175781,91.80000305175781,92.4000015258789,212
2013-11-19,96.0,96.0,91.80000305175781,91.80000305175781,355
2013-11-20,93.0,94.80000305175781,91.80000305175781,93.0,418
2013-11-21,95.4000015258789,99.0,93.0,94.19999694824219,357
2013-11-22,96.5999984741211,98.4000015258789,94.19999694824219,94.80000305175781,280
2013-11-25,94.80000305175781,98.4000015258789,94.80000305175781,97.19999694824219,328
2013-11-26,96.0,97.80000305175781,94.80000305175781,95.4000015258789,565
2013-11-27,96.5999984741211,96.5999984741211,95.4000015258789,96.0,143
2013-11-29,97.19999694824219,99.5999984741211,96.0,99.5999984741211,215
2013-12-02,99.5999984741211,103.19999694824219,96.0,99.5999984741211,697
2013-12-03,100.80000305175781,101.4000015258789,96.5999984741211,97.80000305175781,120
2013-12-04,96.0,99.0,93.5999984741211,93.5999984741211,347
2013-12-05,95.4000015258789,99.0,91.19999694824219,91.80000305175781,250
2013-12-06,90.0,97.19999694824219,90.0,91.80000305175781,662
2013-12-09,90.0,93.0,90.0,91.19999694824219,342
2013-12-10,91.19999694824219,92.4000015258789,85.80000305175781,87.5999984741211,800
2013-12-11,88.19999694824219,90.0,88.19999694824219,88.80000305175781,257
2013-12-12,89.4000015258789,90.5999984741211,89.4000015258789,90.5999984741211,392
2013-12-13,89.4000015258789,90.5999984741211,88.19999694824219,88.80000305175781,1123
2013-12-16,90.0,93.0,90.0,91.19999694824219,288
2013-12-17,90.0,90.0,79.19999694824219,86.4000015258789,1918
2013-12-18,84.5999984741211,85.19999694824219,82.19999694824219,84.5999984741211,883
2013-12-19,84.5999984741211,105.5999984741211,84.0,88.80000305175781,12572
2013-12-20,90.0,90.0,80.4000015258789,82.19999694824219,7912
2013-12-23,84.0,92.4000015258789,84.0,92.4000015258789,6897
2013-12-24,94.80000305175781,99.5999984741211,93.5999984741211,94.80000305175781,3272
2013-12-26,94.80000305175781,96.5999984741211,91.80000305175781,94.80000305175781,2223
2013-12-27,97.80000305175781,97.80000305175781,92.4000015258789,92.4000015258789,830
2013-12-30,94.19999694824219,94.19999694824219,92.4000015258789,94.19999694824219,2017
2013-12-31,93.5999984741211,93.5999984741211,84.5999984741211,87.0,4933
2014-01-02,88.19999694824219,100.19999694824219,88.19999694824219,97.19999694824219,3158
2014-01-03,105.0,105.0,99.0,100.19999694824219,1890
2014-01-06,110.4000015258789,110.4000015258789,99.5999984741211,100.19999694824219,1812
2014-01-07,102.0,102.0,93.5999984741211,94.80000305175781,1167
2014-01-08,96.0,105.0,96.0,100.19999694824219,1620
2014-01-09,102.0,103.80000305175781,99.0,102.5999984741211,778
2014-01-10,103.80000305175781,105.0,100.19999694824219,105.0,1227
2014-01-13,106.80000305175781,108.5999984741211,103.19999694824219,108.5999984741211,1962
2014-01-14,108.0,110.4000015258789,105.5999984741211,109.19999694824219,1820
2014-01-15,109.19999694824219,110.4000015258789,108.0,110.4000015258789,830
2014-01-16,110.4000015258789,117.0,109.19999694824219,116.4000015258789,2548
2014-01-17,115.19999694824219,127.19999694824219,115.19999694824219,123.5999984741211,3627
2014-01-21,129.0,134.39999389648438,126.0,133.8000030517578,3637
2014-01-22,135.0,167.39999389648438,134.39999389648438,144.60000610351562,10047
2014-01-23,148.1999969482422,156.0,134.39999389648438,143.39999389648438,5488
2014-01-24,142.1999969482422,143.39999389648438,131.39999389648438,134.39999389648438,2253
2014-01-27,131.39999389648438,132.60000610351562,123.0,124.80000305175781,3062
2014-01-28,126.0,135.60000610351562,123.0,135.0,1910
2014-01-29,136.1999969482422,155.39999389648438,136.1999969482422,142.8000030517578,3477
2014-01-30,148.1999969482422,171.0,147.0,160.1999969482422,5157
2014-01-31,156.0,170.39999389648438,153.0,160.1999969482422,2598
2014-02-03,168.0,171.0,155.39999389648438,156.60000610351562,2898
2014-02-04,156.60000610351562,156.60000610351562,143.39999389648438,147.0,2562
2014-02-05,143.39999389648438,144.60000610351562,132.0,133.1999969482422,1990
2014-02-06,133.1999969482422,141.60000610351562,133.1999969482422,138.60000610351562,1147
2014-02-07,138.60000610351562,150.0,138.60000610351562,144.0,1185
2014-02-10,144.60000610351562,153.0,140.39999389648438,151.1999969482422,772
2014-02-11,151.8000030517578,152.39999389648438,144.0,144.60000610351562,1047
2014-02-12,144.0,145.1999969482422,138.0,138.60000610351562,1230
2014-02-13,135.0,143.39999389648438,133.1999969482422,138.60000610351562,737
2014-02-14,138.0,142.1999969482422,138.0,138.60000610351562,840
2014-02-18,150.0,196.8000030517578,150.0,172.1999969482422,34955
2014-02-19,185.39999389648438,186.0,175.8000030517578,178.8000030517578,15255
2014-02-20,186.0,216.0,181.8000030517578,206.39999389648438,16568
2014-02-21,211.8000030517578,216.0,192.60000610351562,192.60000610351562,8433
2014-02-24,195.60000610351562,213.0,195.60000610351562,205.1999969482422,4583
2014-02-25,204.0,208.1999969482422,199.8000030517578,201.60000610351562,1848
2014-02-26,203.39999389648438,217.1999969482422,201.0,208.1999969482422,4728
2014-02-27,211.1999969482422,213.0,198.0,207.0,2118
2014-02-28,208.1999969482422,208.1999969482422,178.8000030517578,186.0,4653
2014-03-03,196.8000030517578,202.8000030517578,187.8000030517578,199.8000030517578,2428
2014-03-04,198.0,210.0,198.0,202.8000030517578,1667
2014-03-05,207.0,225.0,205.8000030517578,225.0,6345
2014-03-06,225.0,227.39999389648438,213.0,214.1999969482422,3805
2014-03-07,213.0,218.39999389648438,204.60000610351562,211.1999969482422,2223
2014-03-10,213.60000610351562,213.60000610351562,195.0,202.8000030517578,3052
2014-03-11,199.1999969482422,206.39999389648438,189.60000610351562,190.1999969482422,3897
2014-03-12,187.8000030517578,188.39999389648438,161.39999389648438,165.60000610351562,8395
2014-03-13,168.60000610351562,173.39999389648438,157.8000030517578,161.39999389648438,2532
2014-03-14,158.39999389648438,178.1999969482422,158.39999389648438,175.1999969482422,7088
2014-03-17,175.8000030517578,190.8000030517578,171.0,171.0,4690
2014-03-18,171.0,171.0,162.60000610351562,166.8000030517578,2145
2014-03-19,168.0,171.0,162.0,162.0,2347
2014-03-20,162.0,171.0,162.0,166.8000030517578,1643
2014-03-21,171.0,220.8000030517578,169.1999969482422,213.60000610351562,15355
2014-03-24,213.60000610351562,214.8000030517578,187.1999969482422,199.1999969482422,6025
2014-03-25,196.1999969482422,200.39999389648438,175.1999969482422,180.0,5840
2014-03-26,183.60000610351562,191.39999389648438,180.0,190.8000030517578,2475
2014-03-27,195.0,197.39999389648438,166.8000030517578,173.39999389648438,2967
2014-03-28,171.0,173.39999389648438,150.0,153.0,5098
2014-03-31,152.39999389648438,166.1999969482422,150.0,161.39999389648438,2350
2014-04-01,159.60000610351562,172.8000030517578,159.60000610351562,169.8000030517578,847
2014-04-02,168.60000610351562,172.8000030517578,162.60000610351562,165.60000610351562,1837
2014-04-03,168.0,170.39999389648438,159.60000610351562,162.0,1753
2014-04-04,165.0,165.0,150.0,150.60000610351562,2940
2014-04-07,151.8000030517578,160.8000030517578,150.60000610351562,156.0,2927
2014-04-08,156.0,163.8000030517578,150.60000610351562,153.0,2017
2014-04-09,153.0,155.39999389648438,150.0,153.0,905
2014-04-10,154.1999969482422,155.39999389648438,147.0,148.8000030517578,760
2014-04-11,146.39999389648438,146.39999389648438,129.60000610351562,132.60000610351562,2910
2014-04-14,133.1999969482422,135.0,116.4000015258789,118.80000305175781,4547
2014-04-15,117.5999984741211,122.4000015258789,117.0,118.80000305175781,1197
2014-04-16,120.0,151.1999969482422,120.0,142.8000030517578,4663
2014-04-17,140.39999389648438,142.1999969482422,135.0,136.1999969482422,1200
2014-04-21,138.0,147.60000610351562,137.39999389648438,142.1999969482422,2400
2014-04-22,144.0,147.0,142.1999969482422,142.8000030517578,763
2014-04-23,142.1999969482422,147.0,136.8000030517578,140.39999389648438,1142
2014-04-24,139.8000030517578,142.1999969482422,132.60000610351562,137.39999389648438,632
2014-04-25,135.0,136.1999969482422,132.0,132.0,600
2014-04-28,133.1999969482422,139.1999969482422,133.1999969482422,135.60000610351562,868
2014-04-29,136.8000030517578,136.8000030517578,127.80000305175781,129.0,787
2014-04-30,127.80000305175781,140.39999389648438,127.80000305175781,138.60000610351562,760
2014-05-01,138.0,140.39999389648438,133.8000030517578,138.60000610351562,405
2014-05-02,139.8000030517578,159.0,139.8000030517578,145.1999969482422,1717
2014-05-05,143.39999389648438,154.1999969482422,143.39999389648438,153.0,937
2014-05-06,151.8000030517578,160.8000030517578,151.1999969482422,151.8000030517578,887
2014-05-07,153.0,157.8000030517578,151.8000030517578,153.0,925
2014-05-08,156.0,160.8000030517578,152.39999389648438,154.1999969482422,792
2014-05-09,153.0,153.0,135.0,137.39999389648438,3443
2014-05-12,139.8000030517578,150.0,138.0,142.1999969482422,1168
2014-05-13,140.39999389648438,147.0,140.39999389648438,144.60000610351562,460
2014-05-14,145.1999969482422,148.8000030517578,141.60000610351562,143.39999389648438,647
2014-05-15,144.0,144.0,134.39999389648438,135.60000610351562,1275
2014-05-16,135.0,143.39999389648438,135.0,135.0,515
2014-05-19,135.0,137.39999389648438,134.39999389648438,135.0,555
2014-05-20,135.0,138.0,135.0,137.39999389648438,337
2014-05-21,136.1999969482422,139.1999969482422,135.0,136.1999969482422,677
2014-05-22,135.0,137.39999389648438,133.1999969482422,135.0,607
2014-05-23,136.8000030517578,144.60000610351562,135.60000610351562,140.39999389648438,1040
2014-05-27,141.60000610351562,145.1999969482422,138.0,141.0,410
2014-05-28,141.60000610351562,144.60000610351562,141.60000610351562,141.60000610351562,265
2014-05-29,145.1999969482422,147.60000610351562,141.60000610351562,144.60000610351562,760
2014-05-30,145.1999969482422,145.1999969482422,141.60000610351562,143.39999389648438,465
2014-06-02,144.60000610351562,147.60000610351562,142.1999969482422,145.1999969482422,515
2014-06-03,148.8000030517578,150.0,143.39999389648438,147.0,652
2014-06-04,147.60000610351562,153.0,144.60000610351562,147.60000610351562,745
2014-06-05,145.8000030517578,149.39999389648438,144.0,146.39999389648438,345
2014-06-06,147.0,150.0,145.1999969482422,148.8000030517578,630
2014-06-09,150.0,150.0,141.60000610351562,144.60000610351562,1610
2014-06-10,142.8000030517578,144.0,138.0,139.1999969482422,587
2014-06-11,141.60000610351562,145.8000030517578,139.8000030517578,145.1999969482422,1202
2014-06-12,141.60000610351562,144.60000610351562,141.60000610351562,144.0,678
2014-06-13,146.39999389648438,157.8000030517578,142.1999969482422,154.8000030517578,1853
2014-06-16,156.0,156.0,145.8000030517578,147.60000610351562,545
2014-06-17,145.1999969482422,152.39999389648438,144.0,145.8000030517578,340
2014-06-18,146.39999389648438,150.0,145.8000030517578,148.8000030517578,307
2014-06-19,148.8000030517578,150.0,147.60000610351562,150.0,428
2014-06-20,151.8000030517578,151.8000030517578,148.1999969482422,151.1999969482422,642
2014-06-23,150.0,158.39999389648438,147.60000610351562,154.1999969482422,2820
2014-06-24,156.0,172.1999969482422,155.39999389648438,163.8000030517578,2423
2014-06-25,165.60000610351562,168.0,162.0,163.1999969482422,762
2014-06-26,162.0,165.0,160.1999969482422,161.39999389648438,525
2014-06-27,163.8000030517578,169.1999969482422,163.8000030517578,163.8000030517578,1053
2014-06-30,163.8000030517578,169.1999969482422,162.0,166.1999969482422,452
2014-07-01,164.39999389648438,169.1999969482422,163.8000030517578,166.1999969482422,647
2014-07-02,167.39999389648438,206.39999389648438,167.39999389648438,172.1999969482422,7940
2014-07-03,180.0,186.0,173.39999389648438,184.1999969482422,1733
2014-07-07,188.39999389648438,189.0,180.0,181.1999969482422,2335
2014-07-08,180.0,181.1999969482422,165.0,171.60000610351562,2288
2014-07-09,177.0,180.0,171.60000610351562,177.60000610351562,1027
2014-07-10,180.0,180.60000610351562,165.0,169.8000030517578,1675
2014-07-11,171.0,174.0,166.1999969482422,172.8000030517578,803
2014-07-14,175.1999969482422,180.60000610351562,172.8000030517578,175.8000030517578,770
2014-07-15,177.0,177.0,169.8000030517578,171.60000610351562,590
2014-07-16,174.0,176.39999389648438,168.0,171.60000610351562,368
2014-07-17,174.60000610351562,175.1999969482422,167.39999389648438,167.39999389648438,302
2014-07-18,171.60000610351562,174.60000610351562,165.60000610351562,171.60000610351562,507
2014-07-21,174.60000610351562,175.1999969482422,163.8000030517578,165.60000610351562,825
2014-07-22,163.8000030517578,166.8000030517578,163.8000030517578,166.8000030517578,605
2014-07-23,165.0,165.0,156.0,162.60000610351562,708
2014-07-24,166.8000030517578,171.0,163.8000030517578,170.39999389648438,903
2014-07-25,169.1999969482422,172.8000030517578,159.0,171.0,892
2014-07-28,171.0,186.0,168.0,183.60000610351562,3382
2014-07-29,186.0,204.0,183.60000610351562,201.0,5143
2014-07-30,204.0,212.39999389648438,201.0,205.8000030517578,4607
2014-07-31,201.0,210.0,195.0,208.8000030517578,2197
2014-08-01,208.1999969482422,212.39999389648438,194.39999389648438,204.0,1673
2014-08-04,207.0,211.1999969482422,177.0,183.60000610351562,2095
2014-08-05,187.8000030517578,196.8000030517578,174.0,180.0,1767
2014-08-06,180.0,180.60000610351562,171.0,177.60000610351562,1673
2014-08-07,175.1999969482422,180.0,152.39999389648438,158.39999389648438,3538
2014-08-08,157.1999969482422,159.60000610351562,151.1999969482422,153.60000610351562,1723
2014-08-11,156.0,172.8000030517578,156.0,167.39999389648438,1128
2014-08-12,169.8000030517578,171.60000610351562,159.0,160.1999969482422,787
2014-08-13,156.0,166.1999969482422,156.0,158.39999389648438,893
2014-08-14,158.39999389648438,168.60000610351562,158.39999389648438,163.8000030517578,627
2014-08-15,166.8000030517578,166.8000030517578,159.0,159.0,795
2014-08-18,162.0,163.8000030517578,159.0,162.0,550
2014-08-19,160.8000030517578,173.39999389648438,160.8000030517578,166.1999969482422,497
2014-08-20,168.0,171.60000610351562,166.8000030517578,169.8000030517578,145
2014-08-21,168.0,169.8000030517578,168.0,168.0,382
2014-08-22,168.0,180.0,168.0,174.60000610351562,1297
2014-08-25,177.0,186.0,177.0,180.60000610351562,1132
2014-08-26,180.0,183.0,171.60000610351562,175.1999969482422,680
2014-08-27,178.8000030517578,180.0,173.39999389648438,178.8000030517578,477
2014-08-28,182.39999389648438,182.39999389648438,177.60000610351562,180.0,613
2014-08-29,180.0,180.60000610351562,175.1999969482422,180.0,938
2014-09-02,180.0,180.0,174.60000610351562,175.1999969482422,723
2014-09-03,179.39999389648438,180.0,175.8000030517578,179.39999389648438,583
2014-09-04,177.60000610351562,178.8000030517578,168.0,168.0,997
2014-09-05,168.0,169.8000030517578,162.0,162.0,972
2014-09-08,162.0,162.0,153.60000610351562,156.0,1293
2014-09-09,156.0,156.60000610351562,147.0,148.8000030517578,1498
2014-09-10,147.0,152.39999389648438,145.1999969482422,145.1999969482422,1270
2014-09-11,145.1999969482422,148.1999969482422,141.0,142.8000030517578,1117
2014-09-12,141.0,144.60000610351562,141.0,143.39999389648438,665
2014-09-15,142.1999969482422,145.1999969482422,141.0,142.1999969482422,682
2014-09-16,141.0,142.1999969482422,135.0,138.0,1357
2014-09-17,138.0,139.8000030517578,135.0,138.60000610351562,473
2014-09-18,141.0,150.0,141.0,148.1999969482422,750
2014-09-19,145.1999969482422,150.0,145.1999969482422,149.39999389648438,690
2014-09-22,148.1999969482422,150.0,139.1999969482422,139.1999969482422,962
2014-09-23,138.0,141.60000610351562,135.0,139.1999969482422,483
2014-09-24,141.0,141.0,138.0,140.39999389648438,147
2014-09-25,140.39999389648438,143.39999389648438,138.60000610351562,139.1999969482422,222
2014-09-26,139.8000030517578,140.39999389648438,135.60000610351562,140.39999389648438,415
2014-09-29,139.1999969482422,141.0,138.0,138.0,245
2014-09-30,141.0,141.0,136.8000030517578,138.0,682
2014-10-01,138.0,138.0,135.0,137.39999389648438,547
2014-10-02,138.0,139.1999969482422,133.1999969482422,135.0,692
2014-10-03,135.60000610351562,138.60000610351562,135.60000610351562,138.60000610351562,117
2014-10-06,141.0,141.0,138.0,139.8000030517578,305
2014-10-07,139.1999969482422,139.8000030517578,133.1999969482422,133.1999969482422,512
2014-10-08,133.1999969482422,139.8000030517578,123.5999984741211,125.4000015258789,1332
2014-10-09,123.5999984741211,133.8000030517578,117.5999984741211,120.5999984741211,1147
2014-10-10,120.0,128.39999389648438,117.0,123.0,672
2014-10-13,121.19999694824219,121.19999694824219,105.0,105.0,2100
2014-10-14,108.5999984741211,111.0,106.80000305175781,108.5999984741211,965
2014-10-15,104.4000015258789,111.0,102.0,106.19999694824219,883
2014-10-16,105.0,123.0,105.0,117.5999984741211,1150
2014-10-17,119.4000015258789,124.19999694824219,114.0,114.5999984741211,1017
2014-10-20,121.80000305175781,138.0,118.19999694824219,119.4000015258789,2777
2014-10-21,121.80000305175781,121.80000305175781,116.4000015258789,118.19999694824219,2258
2014-10-22,117.5999984741211,117.5999984741211,111.5999984741211,111.5999984741211,738
2014-10-23,111.0,112.80000305175781,111.0,112.19999694824219,632
2014-10-24,110.4000015258789,113.4000015258789,105.0,105.0,1033
2014-10-27,106.80000305175781,112.19999694824219,106.19999694824219,108.0,588
2014-10-28,106.19999694824219,109.80000305175781,106.19999694824219,108.5999984741211,390
2014-10-29,105.0,108.5999984741211,105.0,107.4000015258789,657
2014-10-30,108.5999984741211,110.4000015258789,107.4000015258789,109.19999694824219,392
2014-10-31,109.80000305175781,123.5999984741211,108.0,118.80000305175781,903
2014-11-03,121.19999694824219,133.1999969482422,121.19999694824219,129.0,1102
2014-11-04,129.0,131.39999389648438,123.5999984741211,124.80000305175781,383
2014-11-05,123.5999984741211,123.5999984741211,116.4000015258789,120.5999984741211,373
2014-11-06,122.4000015258789,141.0,121.19999694824219,138.60000610351562,1053
2014-11-07,138.0,138.0,127.19999694824219,127.80000305175781,775
2014-11-10,127.19999694824219,137.39999389648438,125.4000015258789,127.80000305175781,330
2014-11-11,132.60000610351562,142.1999969482422,132.60000610351562,140.39999389648438,1247
2014-11-12,130.1999969482422,131.39999389648438,121.19999694824219,123.5999984741211,1215
2014-11-13,121.19999694824219,130.1999969482422,121.19999694824219,123.0,460
2014-11-14,121.80000305175781,127.19999694824219,117.0,120.0,567
2014-11-17,121.80000305175781,126.5999984741211,111.0,123.5999984741211,268
2014-11-18,121.19999694824219,125.4000015258789,115.19999694824219,123.0,1618
2014-11-19,120.0,123.5999984741211,117.5999984741211,123.0,332
2014-11-20,124.19999694824219,132.60000610351562,121.19999694824219,127.19999694824219,1468
2014-11-21,129.0,129.0,120.5999984741211,120.5999984741211,1198
2014-11-24,120.5999984741211,123.0,120.0,120.0,528
2014-11-25,119.4000015258789,128.39999389648438,119.4000015258789,121.80000305175781,493
2014-11-26,120.0,124.80000305175781,119.4000015258789,123.0,255
2014-11-28,123.0,123.0,120.0,123.0,178
2014-12-01,123.0,124.19999694824219,120.0,122.4000015258789,293
2014-12-02,121.19999694824219,123.0,119.4000015258789,121.80000305175781,688
2014-12-03,119.4000015258789,132.0,117.5999984741211,123.5999984741211,888
2014-12-04,121.80000305175781,132.0,121.80000305175781,123.0,148
2014-12-05,121.80000305175781,126.0,120.0,120.0,417
2014-12-08,120.0,122.4000015258789,117.0,117.0,857
2014-12-09,114.0,121.80000305175781,114.0,118.80000305175781,602
2014-12-10,117.0,122.4000015258789,114.0,114.5999984741211,1035
2014-12-11,114.5999984741211,121.19999694824219,114.5999984741211,115.19999694824219,447
2014-12-12,114.0,120.0,114.0,115.19999694824219,1198
2014-12-15,114.0,122.4000015258789,114.0,119.4000015258789,665
2014-12-16,116.4000015258789,122.4000015258789,105.5999984741211,110.4000015258789,948
2014-12-17,117.0,120.5999984741211,104.4000015258789,106.19999694824219,2642
2014-12-18,106.80000305175781,108.0,104.4000015258789,105.5999984741211,867
2014-12-19,106.19999694824219,108.0,104.4000015258789,108.0,1203
2014-12-22,109.80000305175781,120.0,109.19999694824219,109.80000305175781,490
2014-12-23,108.5999984741211,109.19999694824219,105.0,105.0,352
2014-12-24,104.4000015258789,109.19999694824219,104.4000015258789,107.4000015258789,310
2014-12-26,105.5999984741211,109.19999694824219,104.4000015258789,105.0,248
2014-12-29,106.19999694824219,110.4000015258789,106.19999694824219,108.0,1347
2014-12-30,108.0,111.0,91.19999694824219,94.19999694824219,2283
2014-12-31,96.0,102.0,91.19999694824219,93.0,3037
2015-01-02,94.80000305175781,110.4000015258789,86.4000015258789,94.19999694824219,1177
2015-01-05,98.4000015258789,101.4000015258789,94.19999694824219,95.4000015258789,698
2015-01-06,98.4000015258789,98.4000015258789,93.0,93.0,287
2015-01-07,97.19999694824219,98.4000015258789,96.0,98.4000015258789,618
2015-01-08,99.0,99.0,96.5999984741211,98.4000015258789,630
2015-01-09,99.0,99.5999984741211,94.80000305175781,94.80000305175781,833
2015-01-12,99.5999984741211,102.0,94.80000305175781,97.19999694824219,162
2015-01-13,97.80000305175781,99.0,97.19999694824219,98.4000015258789,468
2015-01-14,97.19999694824219,98.4000015258789,95.4000015258789,95.4000015258789,397
2015-01-15,99.0,99.5999984741211,94.80000305175781,96.0,382
2015-01-16,96.0,96.0,93.0,93.0,378
2015-01-20,96.0,96.0,93.0,94.80000305175781,87
2015-01-21,94.80000305175781,94.80000305175781,90.0,91.19999694824219,373
2015-01-22,90.0,92.4000015258789,78.5999984741211,85.80000305175781,1655
2015-01-23,87.0,89.4000015258789,81.0,88.80000305175781,662
2015-01-26,90.0,94.19999694824219,85.19999694824219,85.80000305175781,625
2015-01-27,81.5999984741211,93.0,81.0,91.19999694824219,1233
2015-01-28,93.5999984741211,93.5999984741211,85.80000305175781,85.80000305175781,868
2015-01-29,89.4000015258789,89.4000015258789,85.19999694824219,85.19999694824219,302
2015-01-30,85.80000305175781,88.19999694824219,85.19999694824219,85.80000305175781,295
2015-02-02,85.19999694824219,87.5999984741211,85.19999694824219,85.19999694824219,395
2015-02-03,85.19999694824219,87.5999984741211,85.19999694824219,87.0,210
2015-02-04,85.19999694824219,87.5999984741211,85.19999694824219,86.4000015258789,192
2015-02-05,83.4000015258789,86.4000015258789,81.5999984741211,84.5999984741211,1210
2015-02-06,83.4000015258789,85.19999694824219,81.5999984741211,83.4000015258789,1238
2015-02-09,81.0,84.0,79.80000305175781,79.80000305175781,802
2015-02-10,76.19999694824219,78.0,75.0,77.4000015258789,1307
2015-02-11,74.4000015258789,75.5999984741211,72.0,73.80000305175781,1397
2015-02-12,72.5999984741211,74.4000015258789,72.0,73.19999694824219,1180
2015-02-13,72.5999984741211,87.0,69.0,84.0,1853
2015-02-17,84.5999984741211,86.4000015258789,69.5999984741211,75.5999984741211,825
2015-02-18,75.0,83.4000015258789,75.0,76.80000305175781,913
2015-02-19,76.80000305175781,78.5999984741211,72.5999984741211,75.5999984741211,673
2015-02-20,78.0,78.5999984741211,73.80000305175781,75.0,355
2015-02-23,72.5999984741211,77.4000015258789,72.0,76.19999694824219,345
2015-02-24,74.4000015258789,76.80000305175781,72.5999984741211,75.0,372
2015-02-25,75.0,75.5999984741211,73.80000305175781,75.5999984741211,510
2015-02-26,75.5999984741211,76.19999694824219,72.5999984741211,72.5999984741211,525
2015-02-27,75.0,75.0,72.0,72.5999984741211,458
2015-03-02,72.0,73.19999694824219,72.0,72.5999984741211,123
2015-03-03,72.0,72.0,70.80000305175781,71.4000015258789,283
2015-03-04,72.0,72.5999984741211,69.0,69.0,357
2015-03-05,69.0,69.5999984741211,66.5999984741211,67.19999694824219,500
2015-03-06,68.4000015258789,68.4000015258789,63.0,65.4000015258789,933
2015-03-09,64.19999694824219,66.0,61.79999923706055,61.79999923706055,650
2015-03-10,62.400001525878906,68.4000015258789,62.400001525878906,63.599998474121094,1698
2015-03-11,63.599998474121094,67.19999694824219,63.0,63.599998474121094,827
2015-03-12,63.0,68.4000015258789,63.0,67.19999694824219,943
2015-03-13,70.19999694824219,70.80000305175781,66.5999984741211,68.4000015258789,392
2015-03-16,69.0,73.19999694824219,68.4000015258789,72.0,768
2015-03-17,72.5999984741211,72.5999984741211,66.5999984741211,69.5999984741211,1230
2015-03-18,71.4000015258789,71.4000015258789,68.4000015258789,68.4000015258789,838
2015-03-19,68.4000015258789,68.4000015258789,64.19999694824219,65.4000015258789,710
2015-03-20,66.5999984741211,66.5999984741211,63.0,63.0,1438
2015-03-23,61.79999923706055,68.4000015258789,61.79999923706055,65.4000015258789,793
2015-03-24,63.599998474121094,65.4000015258789,62.400001525878906,64.19999694824219,202
2015-03-25,63.0,65.4000015258789,63.0,63.599998474121094,812
2015-03-26,64.80000305175781,67.80000305175781,62.400001525878906,66.5999984741211,808
2015-03-27,63.0,68.4000015258789,63.0,67.19999694824219,315
2015-03-30,69.0,69.0,67.19999694824219,68.4000015258789,220
2015-03-31,69.0,74.4000015258789,68.4000015258789,74.4000015258789,703
2015-04-01,75.5999984741211,91.19999694824219,73.19999694824219,75.5999984741211,2038
2015-04-02,78.5999984741211,78.5999984741211,70.19999694824219,71.4000015258789,723
2015-04-06,71.4000015258789,80.4000015258789,71.4000015258789,73.80000305175781,215
2015-04-07,74.4000015258789,79.19999694824219,74.4000015258789,75.5999984741211,238
2015-04-08,75.5999984741211,76.80000305175781,75.5999984741211,75.5999984741211,165
2015-04-09,75.5999984741211,76.80000305175781,75.5999984741211,76.19999694824219,78
2015-04-10,76.19999694824219,81.0,75.0,76.19999694824219,602
2015-04-13,81.5999984741211,81.5999984741211,75.5999984741211,77.4000015258789,772
2015-04-14,75.5999984741211,78.0,73.80000305175781,76.80000305175781,425
2015-04-15,78.0,78.0,75.5999984741211,78.0,175
2015-04-16,78.0,80.4000015258789,75.0,76.80000305175781,563
2015-04-17,78.5999984741211,78.5999984741211,73.19999694824219,75.0,78
2015-04-20,77.4000015258789,79.80000305175781,74.4000015258789,78.0,608
2015-04-21,78.5999984741211,80.4000015258789,78.5999984741211,79.80000305175781,155
2015-04-22,80.4000015258789,96.0,72.0,87.0,4983
2015-04-23,84.5999984741211,86.4000015258789,81.0,84.5999984741211,985
2015-04-24,84.0,94.19999694824219,84.0,91.19999694824219,2045
2015-04-27,93.0,99.5999984741211,82.80000305175781,87.0,1295
2015-04-28,88.19999694824219,88.19999694824219,82.19999694824219,83.4000015258789,825
2015-04-29,82.19999694824219,83.4000015258789,75.0,75.0,1280
2015-04-30,76.80000305175781,79.80000305175781,72.0,73.80000305175781,520
2015-05-01,74.4000015258789,78.5999984741211,72.0,72.0,352
2015-05-04,72.0,76.19999694824219,72.0,72.5999984741211,442
2015-05-05,72.0,78.0,72.0,72.0,322
2015-05-06,75.0,75.0,73.19999694824219,73.80000305175781,542
2015-05-07,72.0,75.0,72.0,75.0,968
2015-05-08,75.0,75.0,72.0,72.5999984741211,270
2015-05-11,78.0,78.0,72.0,73.80000305175781,127
2015-05-12,75.5999984741211,87.0,73.80000305175781,80.4000015258789,1517
2015-05-13,78.5999984741211,83.4000015258789,78.5999984741211,81.5999984741211,355
2015-05-14,85.19999694824219,85.19999694824219,81.0,81.0,377
2015-05-15,81.0,85.80000305175781,81.0,83.4000015258789,347
2015-05-18,110.4000015258789,175.1999969482422,105.0,108.0,252432
2015-05-19,103.80000305175781,107.4000015258789,93.5999984741211,95.4000015258789,29215
2015-05-20,94.19999694824219,99.0,84.5999984741211,85.80000305175781,14023
2015-05-21,88.80000305175781,92.4000015258789,78.0,80.4000015258789,14012
2015-05-22,82.19999694824219,85.80000305175781,75.5999984741211,78.0,7800
2015-05-26,76.19999694824219,81.0,71.4000015258789,73.19999694824219,5510
2015-05-27,72.0,81.0,72.0,76.19999694824219,4673
2015-05-28,78.0,84.5999984741211,75.5999984741211,75.5999984741211,4900
2015-05-29,75.5999984741211,81.5999984741211,73.19999694824219,73.80000305175781,3058
2015-06-01,75.0,80.4000015258789,73.19999694824219,78.0,3672
2015-06-02,82.80000305175781,85.80000305175781,77.4000015258789,81.0,5285
2015-06-03,82.80000305175781,86.4000015258789,78.5999984741211,78.5999984741211,4838
2015-06-04,81.5999984741211,106.80000305175781,78.5999984741211,103.19999694824219,47365
2015-06-05,106.19999694824219,108.0,79.19999694824219,81.0,48892
2015-06-08,79.80000305175781,82.80000305175781,78.0,78.0,4742
2015-06-09,81.0,81.0,73.19999694824219,73.80000305175781,8827
2015-06-10,75.0,75.5999984741211,71.4000015258789,71.4000015258789,9143
2015-06-11,72.0,72.0,67.80000305175781,69.0,4787
2015-06-12,69.0,73.80000305175781,66.5999984741211,70.80000305175781,5743
2015-06-15,73.80000305175781,73.80000305175781,67.80000305175781,67.80000305175781,3652
2015-06-16,69.0,73.19999694824219,67.19999694824219,70.19999694824219,4527
2015-06-17,72.5999984741211,74.4000015258789,70.80000305175781,72.5999984741211,3240
2015-06-18,73.19999694824219,75.5999984741211,72.0,72.0,4062
2015-06-19,72.0,80.4000015258789,72.0,76.80000305175781,5582
2015-06-22,79.19999694824219,79.19999694824219,72.5999984741211,74.4000015258789,3813
2015-06-23,73.19999694824219,73.80000305175781,69.0,70.19999694824219,4275
2015-06-24,72.5999984741211,72.5999984741211,70.80000305175781,70.80000305175781,2363
2015-06-25,72.0,72.0,70.80000305175781,70.80000305175781,1693
2015-06-26,71.4000015258789,71.4000015258789,68.4000015258789,68.4000015258789,1085
2015-06-29,69.0,69.0,65.4000015258789,65.4000015258789,3485
2015-06-30,66.5999984741211,69.5999984741211,66.5999984741211,67.19999694824219,1045
2015-07-01,67.19999694824219,70.80000305175781,64.80000305175781,64.80000305175781,2697
2015-07-02,64.80000305175781,66.0,61.79999923706055,62.400001525878906,5917
2015-07-06,70.19999694824219,70.19999694824219,64.19999694824219,64.19999694824219,4002
2015-07-07,67.19999694824219,68.4000015258789,60.0,61.20000076293945,5602
2015-07-08,64.19999694824219,64.19999694824219,60.0,62.400001525878906,4073
2015-07-09,66.0,67.19999694824219,60.0,60.0,8845
2015-07-10,63.0,63.0,59.400001525878906,61.20000076293945,2903
2015-07-13,63.0,63.599998474121094,60.599998474121094,61.20000076293945,1367
2015-07-14,60.599998474121094,65.4000015258789,60.599998474121094,65.4000015258789,2743
2015-07-15,65.4000015258789,68.4000015258789,61.20000076293945,62.400001525878906,4402
2015-07-16,62.400001525878906,63.599998474121094,60.599998474121094,61.79999923706055,2512
2015-07-17,63.599998474121094,63.599998474121094,60.599998474121094,61.79999923706055,1360
2015-07-20,61.79999923706055,61.79999923706055,54.599998474121094,56.400001525878906,4487
2015-07-21,57.0,58.20000076293945,54.599998474121094,54.599998474121094,2837
2015-07-22,55.20000076293945,57.0,54.599998474121094,57.0,975
2015-07-23,57.0,57.0,54.0,54.599998474121094,2190
2015-07-24,55.79999923706055,55.79999923706055,45.0,48.0,4523
2015-07-27,48.0,54.0,47.400001525878906,49.79999923706055,2588
2015-07-28,51.0,53.400001525878906,48.0,51.0,950
2015-07-29,50.400001525878906,52.20000076293945,46.79999923706055,51.0,1577
2015-07-30,49.79999923706055,50.400001525878906,48.0,49.20000076293945,515
2015-07-31,50.400001525878906,51.599998474121094,48.599998474121094,49.79999923706055,793
2015-08-03,51.0,57.0,51.0,52.20000076293945,1042
2015-08-04,52.20000076293945,56.400001525878906,51.0,52.20000076293945,355
2015-08-05,52.79999923706055,55.79999923706055,51.599998474121094,54.0,1377
2015-08-06,55.79999923706055,55.79999923706055,52.79999923706055,55.79999923706055,1367
2015-08-07,57.599998474121094,58.79999923706055,55.20000076293945,58.79999923706055,1212
2015-08-10,60.0,65.4000015258789,59.400001525878906,64.19999694824219,2100
2015-08-11,65.4000015258789,66.0,60.0,60.599998474121094,1382
2015-08-12,60.0,63.599998474121094,58.20000076293945,63.0,1072
2015-08-13,61.20000076293945,61.20000076293945,57.0,59.400001525878906,790
2015-08-14,57.599998474121094,63.599998474121094,57.599998474121094,61.20000076293945,230
2015-08-17,63.0,63.0,61.20000076293945,61.79999923706055,597
2015-08-18,61.79999923706055,61.79999923706055,57.0,58.79999923706055,1490
2015-08-19,60.0,63.599998474121094,60.0,63.0,2260
2015-08-20,61.79999923706055,63.0,60.0,60.599998474121094,752
2015-08-21,60.0,61.20000076293945,55.79999923706055,58.79999923706055,1228
2015-08-24,55.79999923706055,61.79999923706055,54.0,56.400001525878906,1650
2015-08-25,60.0,61.20000076293945,55.79999923706055,57.0,1273
2015-08-26,56.400001525878906,60.0,56.400001525878906,59.400001525878906,290
2015-08-27,57.0,64.80000305175781,57.0,60.599998474121094,723
2015-08-28,58.79999923706055,64.80000305175781,58.20000076293945,63.0,1390
2015-08-31,63.0,63.0,56.400001525878906,58.79999923706055,2313
2015-09-01,60.0,60.0,55.20000076293945,57.0,728
2015-09-02,57.0,58.79999923706055,54.599998474121094,55.20000076293945,538
2015-09-03,56.400001525878906,57.599998474121094,55.20000076293945,57.0,253
2015-09-04,57.599998474121094,57.599998474121094,54.599998474121094,55.20000076293945,305
2015-09-08,57.599998474121094,60.599998474121094,55.20000076293945,57.0,1842
2015-09-09,58.79999923706055,63.0,58.79999923706055,61.79999923706055,1680
2015-09-10,59.400001525878906,64.80000305175781,59.400001525878906,64.80000305175781,2195
2015-09-11,64.80000305175781,64.80000305175781,61.79999923706055,63.599998474121094,1188
2015-09-14,66.0,84.5999984741211,60.599998474121094,61.79999923706055,85645
2015-09-15,64.19999694824219,64.19999694824219,55.20000076293945,57.0,4553
2015-09-16,55.20000076293945,58.79999923706055,53.400001525878906,57.0,2562
2015-09-17,55.20000076293945,58.79999923706055,55.20000076293945,58.79999923706055,1832
2015-09-18,58.20000076293945,60.0,55.79999923706055,55.79999923706055,1370
2015-09-21,56.400001525878906,57.0,54.0,55.20000076293945,793
2015-09-22,54.0,56.400001525878906,54.0,54.599998474121094,605
2015-09-23,55.20000076293945,55.20000076293945,52.79999923706055,53.400001525878906,687
2015-09-24,53.400001525878906,53.400001525878906,51.0,52.20000076293945,1082
2015-09-25,51.599998474121094,55.79999923706055,51.599998474121094,55.79999923706055,1422
2015-09-28,52.79999923706055,54.599998474121094,51.599998474121094,53.400001525878906,833
2015-09-29,53.400001525878906,53.400001525878906,51.599998474121094,52.20000076293945,365
2015-09-30,51.599998474121094,52.79999923706055,49.20000076293945,49.79999923706055,1633
2015-10-01,50.400001525878906,50.400001525878906,48.0,48.599998474121094,625
2015-10-02,48.0,49.20000076293945,45.0,48.0,1197
2015-10-05,50.400001525878906,54.0,49.20000076293945,53.400001525878906,1028
2015-10-06,55.20000076293945,56.400001525878906,49.79999923706055,54.599998474121094,1070
2015-10-07,55.79999923706055,58.79999923706055,52.20000076293945,54.599998474121094,1305
2015-10-08,55.20000076293945,57.599998474121094,54.0,54.599998474121094,293
2015-10-09,55.20000076293945,58.79999923706055,54.0,57.0,1555
2015-10-12,57.599998474121094,57.599998474121094,56.400001525878906,56.400001525878906,358
2015-10-13,58.20000076293945,59.400001525878906,57.0,58.79999923706055,190
2015-10-14,58.79999923706055,60.0,57.0,58.79999923706055,452
2015-10-15,58.20000076293945,63.599998474121094,57.599998474121094,61.79999923706055,1755
2015-10-16,62.400001525878906,62.400001525878906,60.599998474121094,61.20000076293945,738
2015-10-19,65.4000015258789,79.19999694824219,60.599998474121094,61.79999923706055,31500
2015-10-20,64.80000305175781,64.80000305175781,60.0,60.599998474121094,2597
2015-10-21,60.599998474121094,61.79999923706055,60.0,61.79999923706055,992
2015-10-22,64.80000305175781,64.80000305175781,60.0,60.0,457
2015-10-23,60.0,61.20000076293945,58.79999923706055,61.20000076293945,1040
2015-10-26,60.599998474121094,61.20000076293945,60.599998474121094,61.20000076293945,440
2015-10-27,59.400001525878906,59.400001525878906,58.20000076293945,58.79999923706055,1183
2015-10-28,60.0,61.20000076293945,60.0,61.20000076293945,483
2015-10-29,58.79999923706055,60.0,58.79999923706055,60.0,368
2015-10-30,58.79999923706055,60.599998474121094,58.20000076293945,60.599998474121094,1465
2015-11-02,60.0,60.599998474121094,58.79999923706055,60.0,658
2015-11-03,60.599998474121094,60.599998474121094,57.599998474121094,60.599998474121094,695
2015-11-04,59.400001525878906,60.599998474121094,59.400001525878906,60.0,725
2015-11-05,61.20000076293945,63.599998474121094,57.599998474121094,61.20000076293945,1915
2015-11-06,61.20000076293945,61.20000076293945,57.0,57.0,1112
2015-11-09,58.20000076293945,58.20000076293945,57.0,57.0,237
2015-11-10,57.0,58.20000076293945,57.0,57.0,53
2015-11-11,57.0,58.20000076293945,57.0,58.20000076293945,297
2015-11-12,57.599998474121094,58.20000076293945,57.0,58.20000076293945,122
2015-11-13,57.599998474121094,58.20000076293945,55.79999923706055,57.599998474121094,462
2015-11-16,55.79999923706055,57.599998474121094,54.599998474121094,55.79999923706055,287
2015-11-17,57.599998474121094,57.599998474121094,54.0,55.79999923706055,348
2015-11-18,54.0,57.599998474121094,52.79999923706055,52.79999923706055,440
2015-11-19,52.20000076293945,56.400001525878906,52.20000076293945,54.0,1180
2015-11-20,55.20000076293945,57.599998474121094,52.79999923706055,55.20000076293945,595
2015-11-23,53.400001525878906,55.79999923706055,52.20000076293945,55.20000076293945,1033
2015-11-24,55.79999923706055,55.79999923706055,52.79999923706055,53.400001525878906,462
2015-11-25,55.20000076293945,55.20000076293945,54.599998474121094,55.20000076293945,188
2015-11-27,54.599998474121094,55.20000076293945,54.0,54.599998474121094,103
2015-11-30,54.0,57.0,54.0,55.79999923706055,510
2015-12-01,57.0,57.0,52.79999923706055,55.79999923706055,827
2015-12-02,57.0,57.599998474121094,54.0,55.79999923706055,905
2015-12-03,54.0,57.0,51.0,55.79999923706055,612
2015-12-04,56.400001525878906,57.0,52.20000076293945,56.400001525878906,295
2015-12-07,54.0,57.0,51.0,51.0,568
2015-12-08,55.20000076293945,57.599998474121094,52.79999923706055,56.400001525878906,1037
2015-12-09,57.0,58.79999923706055,56.400001525878906,57.599998474121094,577
2015-12-10,58.20000076293945,60.0,57.0,59.400001525878906,607
2015-12-11,58.79999923706055,59.400001525878906,54.0,57.599998474121094,427
2015-12-14,54.599998474121094,58.20000076293945,54.0,56.400001525878906,575
2015-12-15,56.400001525878906,57.0,53.400001525878906,53.400001525878906,798
2015-12-16,53.400001525878906,57.0,53.400001525878906,54.0,333
2015-12-17,55.79999923706055,56.400001525878906,52.79999923706055,54.0,787
2015-12-18,55.20000076293945,56.400001525878906,51.599998474121094,52.20000076293945,1570
2015-12-21,58.20000076293945,69.0,55.79999923706055,57.0,11928
2015-12-22,57.0,61.20000076293945,57.0,57.599998474121094,927
2015-12-23,55.79999923706055,64.80000305175781,55.79999923706055,61.79999923706055,1862
2015-12-24,60.0,64.19999694824219,58.79999923706055,61.20000076293945,602
2015-12-28,60.599998474121094,64.80000305175781,58.20000076293945,60.0,900
2015-12-29,61.20000076293945,63.0,58.79999923706055,60.599998474121094,425
2015-12-30,61.79999923706055,63.0,58.79999923706055,58.79999923706055,890
2015-12-31,59.400001525878906,63.0,59.400001525878906,60.0,1110
2016-01-04,59.400001525878906,59.400001525878906,57.599998474121094,57.599998474121094,528
2016-01-05,57.599998474121094,57.599998474121094,56.400001525878906,57.0,313
2016-01-06,58.79999923706055,58.79999923706055,55.20000076293945,57.0,547
2016-01-07,58.20000076293945,59.400001525878906,55.20000076293945,55.20000076293945,743
2016-01-08,59.400001525878906,60.0,52.20000076293945,52.20000076293945,1250
2016-01-11,55.20000076293945,55.20000076293945,52.79999923706055,52.79999923706055,552
2016-01-12,59.400001525878906,61.79999923706055,50.400001525878906,52.79999923706055,2407
2016-01-13,50.400001525878906,54.0,49.79999923706055,49.79999923706055,1222
2016-01-14,49.79999923706055,53.400001525878906,48.0,50.400001525878906,972
2016-01-15,51.0,53.400001525878906,46.20000076293945,51.599998474121094,2577
2016-01-19,52.20000076293945,52.20000076293945,45.599998474121094,46.20000076293945,1568
2016-01-20,47.400001525878906,47.400001525878906,30.600000381469727,34.79999923706055,2402
2016-01-21,60.0,60.0,40.20000076293945,46.20000076293945,6668
2016-01-22,42.599998474121094,46.79999923706055,40.79999923706055,44.400001525878906,572
2016-01-25,43.79999923706055,44.400001525878906,42.0,42.599998474121094,893
2016-01-26,43.20000076293945,45.0,42.599998474121094,43.20000076293945,1220
2016-01-27,45.0,45.0,42.0,43.20000076293945,603
2016-01-28,43.20000076293945,44.400001525878906,40.79999923706055,41.400001525878906,2512
2016-01-29,42.599998474121094,43.79999923706055,40.20000076293945,42.0,1050
2016-02-01,42.599998474121094,43.20000076293945,39.599998474121094,43.20000076293945,1113
2016-02-02,42.599998474121094,42.599998474121094,39.0,42.0,953
2016-02-03,42.599998474121094,42.599998474121094,37.20000076293945,38.400001525878906,1338
2016-02-04,39.0,49.79999923706055,39.0,42.0,1410
2016-02-05,41.400001525878906,45.599998474121094,40.20000076293945,42.599998474121094,1422
2016-02-08,41.400001525878906,41.400001525878906,37.20000076293945,39.0,405
2016-02-09,42.0,42.0,39.0,40.79999923706055,402
2016-02-10,41.400001525878906,42.0,39.599998474121094,42.0,243
2016-02-11,42.0,42.0,39.0,41.400001525878906,113
2016-02-12,41.400001525878906,41.400001525878906,39.599998474121094,39.599998474121094,103
2016-02-16,42.0,43.20000076293945,40.79999923706055,43.20000076293945,385
2016-02-17,43.20000076293945,43.20000076293945,39.599998474121094,41.400001525878906,442
2016-02-18,42.0,42.599998474121094,40.20000076293945,40.79999923706055,245
2016-02-19,40.20000076293945,42.599998474121094,38.400001525878906,38.400001525878906,2068
2016-02-22,39.0,42.0,39.0,41.400001525878906,587
2016-02-23,40.79999923706055,42.599998474121094,39.0,41.400001525878906,518
2016-02-24,39.599998474121094,41.400001525878906,37.79999923706055,39.0,1612
2016-02-25,40.79999923706055,40.79999923706055,39.0,39.599998474121094,348
2016-02-26,41.400001525878906,41.400001525878906,39.0,39.0,530
2016-02-29,40.20000076293945,40.79999923706055,36.599998474121094,37.79999923706055,897
2016-03-01,37.79999923706055,40.20000076293945,37.79999923706055,39.0,788
2016-03-02,39.0,40.20000076293945,37.79999923706055,38.400001525878906,1543
2016-03-03,38.400001525878906,39.599998474121094,38.400001525878906,38.400001525878906,1967
2016-03-04,37.79999923706055,39.0,35.400001525878906,36.0,2562
2016-03-07,36.0,36.599998474121094,30.600000381469727,34.79999923706055,1162
2016-03-08,34.79999923706055,36.0,31.200000762939453,36.0,2390
2016-03-09,36.599998474121094,36.599998474121094,33.0,34.20000076293945,1395
2016-03-10,36.599998474121094,36.599998474121094,34.20000076293945,36.599998474121094,967
2016-03-11,39.0,42.0,36.599998474121094,38.400001525878906,1280
2016-03-14,39.0,42.0,39.0,42.0,1687
2016-03-15,46.79999923706055,46.79999923706055,35.400001525878906,40.79999923706055,2903
2016-03-16,42.0,42.0,33.0,34.79999923706055,7268
2016-03-17,34.79999923706055,37.79999923706055,33.0,35.400001525878906,3035
2016-03-18,36.0,39.0,36.0,36.0,1650
2016-03-21,36.599998474121094,39.599998474121094,36.599998474121094,38.400001525878906,1973
2016-03-22,39.0,39.0,36.0,37.20000076293945,1517
2016-03-23,37.20000076293945,37.79999923706055,36.0,36.599998474121094,2243
2016-03-24,37.20000076293945,37.79999923706055,36.599998474121094,36.599998474121094,1353
2016-03-28,36.599998474121094,37.20000076293945,34.20000076293945,34.79999923706055,2735
2016-03-29,34.79999923706055,36.0,34.20000076293945,34.20000076293945,3033
2016-03-30,34.79999923706055,38.400001525878906,34.20000076293945,34.79999923706055,1138
2016-03-31,35.400001525878906,35.400001525878906,33.599998474121094,33.599998474121094,1477
2016-04-01,34.79999923706055,35.400001525878906,33.599998474121094,33.599998474121094,1113
2016-04-04,34.79999923706055,35.400001525878906,34.20000076293945,35.400001525878906,903
2016-04-05,35.400001525878906,36.0,33.0,34.20000076293945,1538
2016-04-06,34.20000076293945,34.20000076293945,31.799999237060547,31.799999237060547,1370
2016-04-07,31.799999237060547,33.0,30.600000381469727,31.200000762939453,1650
2016-04-08,33.0,33.0,31.200000762939453,31.799999237060547,1197
2016-04-11,31.799999237060547,32.400001525878906,31.799999237060547,31.799999237060547,1308
2016-04-12,31.200000762939453,34.20000076293945,31.200000762939453,34.20000076293945,1790
2016-04-13,34.79999923706055,35.400001525878906,33.599998474121094,33.599998474121094,1673
2016-04-14,35.400001525878906,36.0,32.400001525878906,34.79999923706055,1412
2016-04-15,34.79999923706055,34.79999923706055,30.600000381469727,32.400001525878906,2792
2016-04-18,33.0,33.599998474121094,30.600000381469727,30.600000381469727,1532
2016-04-19,31.200000762939453,31.799999237060547,27.0,30.0,4002
2016-04-20,30.0,30.0,27.0,28.200000762939453,2547
2016-04-21,28.799999237060547,30.0,27.0,28.799999237060547,2575
2016-04-22,29.399999618530273,30.0,27.0,27.600000381469727,1617
2016-04-25,29.399999618530273,29.399999618530273,24.600000381469727,27.0,1367
2016-04-26,25.200000762939453,27.0,24.600000381469727,24.600000381469727,3568
2016-04-27,24.600000381469727,26.399999618530273,24.600000381469727,25.200000762939453,2148
2016-04-28,25.799999237060547,26.399999618530273,24.600000381469727,25.799999237060547,1308
2016-04-29,25.200000762939453,26.399999618530273,24.600000381469727,24.600000381469727,1440
2016-05-02,24.600000381469727,26.399999618530273,24.600000381469727,25.200000762939453,493
2016-05-03,25.799999237060547,26.399999618530273,25.799999237060547,25.799999237060547,1378
2016-05-04,25.799999237060547,25.799999237060547,24.600000381469727,25.200000762939453,458
2016-05-05,26.399999618530273,26.399999618530273,25.200000762939453,25.799999237060547,1145
2016-05-06,26.399999618530273,28.200000762939453,26.399999618530273,27.600000381469727,1742
2016-05-09,28.200000762939453,33.0,28.200000762939453,31.200000762939453,5718
2016-05-10,31.799999237060547,31.799999237060547,30.0,30.0,1530
2016-05-11,31.799999237060547,33.0,27.0,28.200000762939453,3913
2016-05-12,29.399999618530273,31.200000762939453,28.200000762939453,28.200000762939453,1858
2016-05-13,28.200000762939453,29.399999618530273,27.600000381469727,28.799999237060547,1130
2016-05-16,28.799999237060547,29.399999618530273,27.600000381469727,28.200000762939453,1828
2016-05-17,28.799999237060547,29.399999618530273,28.200000762939453,28.200000762939453,1297
2016-05-18,28.200000762939453,28.799999237060547,27.600000381469727,27.600000381469727,1088
2016-05-19,28.200000762939453,30.0,27.0,27.600000381469727,1485
2016-05-20,28.200000762939453,29.399999618530273,26.399999618530273,27.0,2918
2016-05-23,27.0,28.799999237060547,27.0,27.600000381469727,2118
2016-05-24,28.200000762939453,28.799999237060547,27.600000381469727,27.600000381469727,1505
2016-05-25,28.200000762939453,29.399999618530273,27.600000381469727,28.200000762939453,1555
2016-05-26,28.200000762939453,29.399999618530273,27.600000381469727,28.200000762939453,903
2016-05-27,28.200000762939453,28.799999237060547,27.0,27.0,1005
2016-05-31,28.200000762939453,29.399999618530273,27.600000381469727,28.799999237060547,1537
2016-06-01,29.399999618530273,29.399999618530273,28.200000762939453,29.399999618530273,1455
2016-06-02,29.399999618530273,31.200000762939453,28.200000762939453,29.399999618530273,7182
2016-06-03,29.399999618530273,29.399999618530273,25.200000762939453,27.0,10670
2016-06-06,28.200000762939453,28.799999237060547,24.0,27.600000381469727,5422
2016-06-07,28.200000762939453,30.0,24.600000381469727,25.799999237060547,11535
2016-06-08,25.799999237060547,27.0,25.200000762939453,25.799999237060547,2203
2016-06-09,26.399999618530273,27.0,24.600000381469727,25.200000762939453,3017
2016-06-10,25.799999237060547,25.799999237060547,24.0,24.600000381469727,1820
2016-06-13,24.0,25.200000762939453,21.0,21.600000381469727,3208
2016-06-14,21.600000381469727,22.799999237060547,21.0,21.0,3010
2016-06-15,21.600000381469727,25.200000762939453,21.0,25.200000762939453,2797
2016-06-16,25.200000762939453,25.200000762939453,21.600000381469727,25.200000762939453,935
2016-06-17,25.200000762939453,25.200000762939453,21.600000381469727,21.600000381469727,6993
2016-06-20,22.799999237060547,25.799999237060547,22.799999237060547,24.0,3677
2016-06-21,26.399999618530273,26.399999618530273,25.200000762939453,25.799999237060547,2198
2016-06-22,26.399999618530273,26.399999618530273,24.600000381469727,26.399999618530273,702
2016-06-23,25.799999237060547,25.799999237060547,24.600000381469727,24.600000381469727,1073
2016-06-24,23.399999618530273,24.600000381469727,23.399999618530273,23.399999618530273,865
2016-06-27,23.399999618530273,25.200000762939453,23.399999618530273,23.399999618530273,1088
2016-06-28,24.0,25.200000762939453,23.399999618530273,25.200000762939453,1715
2016-06-29,28.200000762939453,29.399999618530273,25.799999237060547,27.0,5618
2016-06-30,28.799999237060547,29.399999618530273,27.0,27.600000381469727,2362
2016-07-01,27.600000381469727,31.200000762939453,27.600000381469727,30.0,1825
2016-07-05,31.799999237060547,42.599998474121094,31.799999237060547,40.79999923706055,25578
2016-07-06,39.0,39.0,31.799999237060547,33.599998474121094,5583
2016-07-07,34.20000076293945,34.79999923706055,31.200000762939453,31.200000762939453,1768
2016-07-08,31.799999237060547,33.0,30.600000381469727,32.400001525878906,1492
2016-07-11,33.0,36.0,30.600000381469727,36.0,3023
2016-07-12,36.0,39.0,36.0,37.79999923706055,3113
2016-07-13,39.0,39.599998474121094,36.0,36.0,3117
2016-07-14,36.0,37.79999923706055,36.0,36.599998474121094,2120
2016-07-15,36.599998474121094,36.599998474121094,30.0,34.20000076293945,3830
2016-07-18,33.599998474121094,34.20000076293945,32.400001525878906,33.0,1377
2016-07-19,33.599998474121094,37.20000076293945,33.0,34.79999923706055,1407
2016-07-20,38.63999938964844,38.63999938964844,30.600000381469727,36.2400016784668,3817
2016-07-21,36.0,36.47999954223633,33.599998474121094,33.720001220703125,2533
2016-07-22,35.63999938964844,35.63999938964844,33.720001220703125,34.79999923706055,2967
2016-07-25,35.400001525878906,38.279998779296875,33.599998474121094,33.599998474121094,2417
2016-07-26,33.84000015258789,39.84000015258789,33.84000015258789,34.439998626708984,4425
2016-07-27,34.79999923706055,35.63999938964844,34.439998626708984,35.63999938964844,1750
2016-07-28,38.400001525878906,43.79999923706055,36.2400016784668,41.52000045776367,6592
2016-07-29,42.2400016784668,42.2400016784668,37.79999923706055,38.880001068115234,4275
2016-08-01,38.63999938964844,41.279998779296875,38.400001525878906,41.279998779296875,3125
2016-08-02,40.79999923706055,40.79999923706055,38.7599983215332,39.0,3258
2016-08-03,39.119998931884766,40.91999816894531,36.119998931884766,37.439998626708984,8142
2016-08-04,37.31999969482422,38.52000045776367,37.20000076293945,37.439998626708984,1525
2016-08-05,37.79999923706055,38.15999984741211,36.119998931884766,36.599998474121094,2033
2016-08-08,36.720001220703125,40.79999923706055,36.720001220703125,40.79999923706055,2600
2016-08-09,39.119998931884766,40.79999923706055,38.52000045776367,40.20000076293945,1925
2016-08-10,40.20000076293945,40.20000076293945,38.040000915527344,40.08000183105469,2242
2016-08-11,40.439998626708984,41.52000045776367,39.599998474121094,39.959999084472656,2067
2016-08-12,39.599998474121094,39.599998474121094,37.20000076293945,38.279998779296875,2608
2016-08-15,38.15999984741211,38.15999984741211,36.36000061035156,36.959999084472656,1833
2016-08-16,37.08000183105469,37.08000183105469,36.36000061035156,36.599998474121094,1192
2016-08-17,36.36000061035156,38.63999938964844,36.2400016784668,36.599998474121094,2225
2016-08-18,35.63999938964844,36.36000061035156,34.31999969482422,34.560001373291016,2025
2016-08-19,35.880001068115234,35.880001068115234,33.959999084472656,34.91999816894531,1858
2016-08-22,34.439998626708984,35.880001068115234,33.720001220703125,33.959999084472656,1467
2016-08-23,33.720001220703125,33.720001220703125,33.119998931884766,33.119998931884766,1833
2016-08-24,33.84000015258789,34.560001373291016,30.719999313354492,30.84000015258789,3317
2016-08-25,31.200000762939453,33.0,30.0,30.0,867
2016-08-26,31.31999969482422,31.31999969482422,30.360000610351562,30.600000381469727,1642
2016-08-29,32.52000045776367,32.52000045776367,31.200000762939453,31.200000762939453,1608
2016-08-30,31.200000762939453,32.15999984741211,30.719999313354492,30.84000015258789,1142
2016-08-31,31.079999923706055,31.68000030517578,30.239999771118164,30.360000610351562,1483
2016-09-01,30.360000610351562,30.360000610351562,30.0,30.0,1400
2016-09-02,30.0,31.559999465942383,30.0,31.559999465942383,1358
2016-09-06,31.559999465942383,31.68000030517578,30.84000015258789,31.079999923706055,1675
2016-09-07,30.719999313354492,30.84000015258789,26.15999984741211,26.15999984741211,5525
2016-09-08,28.200000762939453,28.200000762939453,24.239999771118164,24.959999084472656,6983
2016-09-09,24.600000381469727,25.920000076293945,24.1200008392334,25.200000762939453,4900
2016-09-12,25.200000762939453,25.200000762939453,22.920000076293945,23.760000228881836,3242
2016-09-13,23.280000686645508,23.520000457763672,22.920000076293945,23.520000457763672,2267
2016-09-14,23.399999618530273,24.1200008392334,22.200000762939453,22.920000076293945,3142
2016-09-15,22.799999237060547,23.8799991607666,22.079999923706055,22.440000534057617,1325
2016-09-16,23.15999984741211,23.8799991607666,21.719999313354492,21.719999313354492,1142
2016-09-19,21.719999313354492,22.68000030517578,21.719999313354492,21.719999313354492,1208
2016-09-20,22.440000534057617,23.8799991607666,22.200000762939453,23.760000228881836,3950
2016-09-21,24.0,24.719999313354492,22.799999237060547,23.040000915527344,1492
2016-09-22,23.8799991607666,24.1200008392334,23.15999984741211,23.15999984741211,592
2016-09-23,22.920000076293945,23.8799991607666,22.799999237060547,23.520000457763672,742
2016-09-26,23.8799991607666,24.239999771118164,23.8799991607666,24.1200008392334,558
2016-09-27,24.360000610351562,25.440000534057617,22.799999237060547,22.920000076293945,9450
2016-09-28,23.280000686645508,24.719999313354492,21.360000610351562,22.079999923706055,8592
2016-09-29,21.84000015258789,21.84000015258789,20.040000915527344,21.719999313354492,5325
2016-09-30,21.479999542236328,21.479999542236328,20.520000457763672,20.8799991607666,2342
2016-10-03,21.239999771118164,21.959999084472656,21.239999771118164,21.479999542236328,1050
2016-10-04,21.719999313354492,21.719999313354492,18.959999084472656,19.31999969482422,2492
2016-10-05,19.799999237060547,19.799999237060547,19.440000534057617,19.68000030517578,675
2016-10-06,19.559999465942383,19.799999237060547,19.079999923706055,19.440000534057617,2558
2016-10-07,19.200000762939453,19.440000534057617,19.079999923706055,19.440000534057617,1258
2016-10-10,18.959999084472656,19.799999237060547,18.239999771118164,19.68000030517578,13367
2016-10-11,19.200000762939453,21.600000381469727,18.84000015258789,21.479999542236328,2567
2016-10-12,21.719999313354492,21.959999084472656,20.520000457763672,20.639999389648438,28225
2016-10-13,20.639999389648438,20.639999389648438,19.799999237060547,19.799999237060547,2442
2016-10-14,19.799999237060547,20.520000457763672,18.959999084472656,19.31999969482422,2617
2016-10-17,19.31999969482422,20.399999618530273,18.959999084472656,19.200000762939453,1500
2016-10-18,19.559999465942383,19.559999465942383,16.559999465942383,17.280000686645508,4383
2016-10-19,17.040000915527344,17.399999618530273,16.799999237060547,16.799999237060547,6408
2016-10-20,16.31999969482422,16.68000030517578,15.0,16.079999923706055,5325
2016-10-21,15.960000038146973,16.440000534057617,15.359999656677246,15.720000267028809,2375
2016-10-24,16.440000534057617,16.920000076293945,16.079999923706055,16.31999969482422,2542
2016-10-25,16.31999969482422,16.31999969482422,15.600000381469727,15.600000381469727,2100
2016-10-26,15.600000381469727,15.600000381469727,14.039999961853027,14.399999618530273,4017
2016-10-27,14.399999618530273,19.559999465942383,13.5600004196167,19.440000534057617,10933
2016-10-28,19.68000030517578,28.31999969482422,17.639999389648438,21.479999542236328,101208
2016-10-31,20.520000457763672,20.520000457763672,19.440000534057617,20.15999984741211,11133
2016-11-01,20.15999984741211,24.0,19.31999969482422,21.959999084472656,37367
2016-11-02,24.0,24.0,20.8799991607666,21.1200008392334,29333
2016-11-03,21.360000610351562,21.360000610351562,19.31999969482422,20.399999618530273,7258
2016-11-04,21.0,21.600000381469727,17.760000228881836,20.040000915527344,2750
2016-11-07,20.399999618530273,20.399999618530273,18.1200008392334,19.440000534057617,3317
2016-11-08,19.31999969482422,19.31999969482422,18.360000610351562,18.84000015258789,9442
2016-11-09,19.68000030517578,20.040000915527344,18.0,18.479999542236328,7392
2016-11-10,18.600000381469727,19.440000534057617,18.0,18.479999542236328,2258
2016-11-11,16.200000762939453,20.399999618530273,15.0,18.360000610351562,11783
2016-11-14,18.0,18.239999771118164,16.079999923706055,16.920000076293945,3350
2016-11-15,17.399999618530273,17.399999618530273,15.119999885559082,16.440000534057617,9500
2016-11-16,16.31999969482422,18.360000610351562,16.31999969482422,17.520000457763672,12125
2016-11-17,17.760000228881836,18.479999542236328,17.15999984741211,18.239999771118164,7933
2016-11-18,17.399999618530273,19.440000534057617,17.15999984741211,18.719999313354492,7408
2016-11-21,18.0,18.360000610351562,16.200000762939453,16.920000076293945,10083
2016-11-22,16.68000030517578,16.920000076293945,15.720000267028809,15.84000015258789,10300
2016-11-23,15.84000015258789,16.920000076293945,15.84000015258789,16.079999923706055,9867
2016-11-25,16.079999923706055,16.559999465942383,15.600000381469727,15.600000381469727,1892
2016-11-28,15.600000381469727,16.799999237060547,15.0,15.84000015258789,12658
2016-11-29,15.84000015258789,16.200000762939453,15.479999542236328,15.960000038146973,18575
2016-11-30,15.720000267028809,17.520000457763672,15.720000267028809,15.84000015258789,36467
2016-12-01,15.600000381469727,15.84000015258789,15.0,15.479999542236328,6550
2016-12-02,15.600000381469727,16.200000762939453,15.359999656677246,15.479999542236328,4675
2016-12-05,15.479999542236328,15.84000015258789,15.359999656677246,15.479999542236328,16125
2016-12-06,15.84000015258789,16.31999969482422,15.479999542236328,15.600000381469727,17583
2016-12-07,15.720000267028809,16.079999923706055,13.680000305175781,14.520000457763672,43767
2016-12-08,14.640000343322754,14.880000114440918,13.199999809265137,13.680000305175781,21058
2016-12-09,13.800000190734863,13.800000190734863,13.5600004196167,13.680000305175781,9892
2016-12-12,13.680000305175781,13.680000305175781,13.319999694824219,13.319999694824219,4058
2016-12-13,13.5600004196167,13.680000305175781,13.199999809265137,13.4399995803833,5433
2016-12-14,13.4399995803833,14.520000457763672,13.4399995803833,13.800000190734863,60167
2016-12-15,13.800000190734863,14.279999732971191,12.479999542236328,13.319999694824219,19542
2016-12-16,13.319999694824219,13.5600004196167,13.079999923706055,13.4399995803833,8967
2016-12-19,13.4399995803833,13.800000190734863,13.4399995803833,13.4399995803833,10400
2016-12-20,13.4399995803833,13.680000305175781,13.4399995803833,13.5600004196167,3508
2016-12-21,13.5600004196167,13.5600004196167,13.199999809265137,13.199999809265137,6125
2016-12-22,13.319999694824219,14.880000114440918,13.199999809265137,13.5600004196167,79183
2016-12-23,13.680000305175781,14.15999984741211,12.720000267028809,12.84000015258789,31808
2016-12-27,12.84000015258789,13.4399995803833,12.84000015258789,13.199999809265137,14975
2016-12-28,12.960000038146973,13.5600004196167,12.960000038146973,13.5600004196167,12325
2016-12-29,13.4399995803833,13.800000190734863,13.319999694824219,13.680000305175781,15100
2016-12-30,13.5600004196167,13.800000190734863,13.5600004196167,13.680000305175781,10683
2017-01-03,13.800000190734863,14.15999984741211,13.199999809265137,13.800000190734863,6492
2017-01-04,14.039999961853027,14.520000457763672,13.5600004196167,13.920000076293945,28717
2017-01-05,14.039999961853027,14.520000457763672,13.199999809265137,13.319999694824219,37717
2017-01-06,13.5600004196167,13.680000305175781,13.199999809265137,13.199999809265137,9625
2017-01-09,13.4399995803833,13.680000305175781,12.84000015258789,13.079999923706055,9350
2017-01-10,13.319999694824219,13.680000305175781,12.600000381469727,13.199999809265137,17933
2017-01-11,13.199999809265137,17.639999389648438,13.199999809265137,13.680000305175781,417750
2017-01-12,13.800000190734863,14.399999618530273,13.319999694824219,13.5600004196167,118775
2017-01-13,13.5600004196167,13.5600004196167,12.119999885559082,12.720000267028809,60242
2017-01-17,12.960000038146973,13.199999809265137,12.720000267028809,13.199999809265137,15542
2017-01-18,13.199999809265137,13.199999809265137,12.119999885559082,12.479999542236328,39692
2017-01-19,12.600000381469727,12.600000381469727,10.800000190734863,11.640000343322754,48375
2017-01-20,11.520000457763672,11.760000228881836,10.920000076293945,11.15999984741211,23900
2017-01-23,11.279999732971191,11.279999732971191,10.319999694824219,11.279999732971191,21300
2017-01-24,11.279999732971191,13.079999923706055,10.800000190734863,12.600000381469727,57350
2017-01-25,13.199999809265137,13.5600004196167,12.720000267028809,12.84000015258789,34308
2017-01-26,13.199999809265137,13.199999809265137,12.119999885559082,12.359999656677246,11108
2017-01-27,12.720000267028809,12.720000267028809,11.399999618530273,11.880000114440918,19100
2017-01-30,12.479999542236328,12.479999542236328,11.15999984741211,11.760000228881836,7958
2017-01-31,11.640000343322754,11.760000228881836,11.279999732971191,11.520000457763672,7542
2017-02-01,11.520000457763672,11.880000114440918,11.279999732971191,11.880000114440918,4958
2017-02-02,11.880000114440918,11.880000114440918,11.15999984741211,11.279999732971191,8700
2017-02-03,11.399999618530273,11.880000114440918,11.15999984741211,11.760000228881836,5700
2017-02-06,11.520000457763672,11.880000114440918,11.279999732971191,11.399999618530273,5058
2017-02-07,11.279999732971191,11.760000228881836,11.039999961853027,11.760000228881836,4067
2017-02-08,11.520000457763672,12.479999542236328,11.520000457763672,11.760000228881836,24967
2017-02-09,11.880000114440918,12.479999542236328,11.520000457763672,12.119999885559082,5808
2017-02-10,12.359999656677246,13.199999809265137,12.119999885559082,12.84000015258789,29183
2017-02-13,12.84000015258789,13.319999694824219,12.600000381469727,12.960000038146973,18858
2017-02-14,13.199999809265137,13.199999809265137,12.600000381469727,12.960000038146973,13317
2017-02-15,12.84000015258789,12.84000015258789,12.359999656677246,12.600000381469727,8642
2017-02-16,12.720000267028809,12.720000267028809,12.359999656677246,12.479999542236328,3883
2017-02-17,12.720000267028809,12.720000267028809,12.479999542236328,12.479999542236328,5017
2017-02-21,12.600000381469727,13.199999809265137,12.479999542236328,13.079999923706055,7742
2017-02-22,13.079999923706055,13.079999923706055,12.600000381469727,13.079999923706055,6475
2017-02-23,13.079999923706055,13.079999923706055,12.479999542236328,12.600000381469727,6158
2017-02-24,12.84000015258789,12.84000015258789,11.520000457763672,12.359999656677246,11117
2017-02-27,12.239999771118164,12.600000381469727,12.239999771118164,12.600000381469727,3917
2017-02-28,12.600000381469727,12.720000267028809,12.239999771118164,12.359999656677246,10292
2017-03-01,12.720000267028809,12.720000267028809,12.239999771118164,12.600000381469727,6358
2017-03-02,12.600000381469727,12.84000015258789,12.239999771118164,12.479999542236328,3067
2017-03-03,12.239999771118164,12.479999542236328,11.760000228881836,11.880000114440918,16308
2017-03-06,12.0,12.359999656677246,11.760000228881836,12.0,8875
2017-03-07,12.239999771118164,12.239999771118164,11.760000228881836,11.880000114440918,4658
2017-03-08,11.880000114440918,12.239999771118164,11.760000228881836,12.119999885559082,3192
2017-03-09,12.239999771118164,12.720000267028809,12.119999885559082,12.600000381469727,9633
2017-03-10,12.720000267028809,13.4399995803833,12.600000381469727,12.960000038146973,28467
2017-03-13,13.199999809265137,13.4399995803833,12.479999542236328,12.720000267028809,9475
2017-03-14,12.479999542236328,13.199999809265137,12.239999771118164,13.199999809265137,6567
2017-03-15,13.199999809265137,13.4399995803833,12.84000015258789,13.199999809265137,4758
2017-03-16,13.199999809265137,13.319999694824219,12.720000267028809,13.199999809265137,8358
2017-03-17,13.199999809265137,13.319999694824219,12.720000267028809,12.960000038146973,2350
2017-03-20,12.600000381469727,13.199999809265137,12.359999656677246,12.479999542236328,5742
2017-03-21,12.479999542236328,13.079999923706055,11.760000228881836,11.880000114440918,11333
2017-03-22,12.239999771118164,12.239999771118164,11.399999618530273,11.760000228881836,11958
2017-03-23,12.0,12.119999885559082,11.399999618530273,11.760000228881836,8375
2017-03-24,11.880000114440918,12.239999771118164,11.399999618530273,12.119999885559082,22092
2017-03-27,12.239999771118164,13.800000190734863,12.0,13.4399995803833,55783
2017-03-28,13.199999809265137,14.039999961853027,12.960000038146973,13.079999923706055,14892
2017-03-29,13.079999923706055,13.5600004196167,13.079999923706055,13.4399995803833,7767
2017-03-30,13.319999694824219,14.399999618530273,13.079999923706055,13.680000305175781,39650
2017-03-31,13.920000076293945,16.559999465942383,13.5600004196167,15.960000038146973,51975
2017-04-03,16.559999465942383,17.399999618530273,15.0,15.239999771118164,29867
2017-04-04,15.239999771118164,15.960000038146973,15.0,15.960000038146973,9883
2017-04-05,16.079999923706055,16.079999923706055,15.0,15.600000381469727,8833
2017-04-06,15.600000381469727,18.479999542236328,15.239999771118164,17.040000915527344,38042
2017-04-07,17.760000228881836,17.760000228881836,14.880000114440918,15.0,22383
2017-04-10,15.239999771118164,16.200000762939453,13.680000305175781,14.15999984741211,19692
2017-04-11,14.039999961853027,17.520000457763672,13.800000190734863,15.359999656677246,24267
2017-04-12,16.31999969482422,16.440000534057617,15.600000381469727,16.079999923706055,9217
2017-04-13,16.559999465942383,16.68000030517578,14.760000228881836,15.479999542236328,8383
2017-04-17,15.600000381469727,15.600000381469727,14.039999961853027,15.479999542236328,7683
2017-04-18,15.600000381469727,16.200000762939453,14.880000114440918,15.0,2583
2017-04-19,15.0,15.84000015258789,14.880000114440918,15.239999771118164,3792
2017-04-20,15.479999542236328,16.200000762939453,15.119999885559082,15.720000267028809,6017
2017-04-21,15.720000267028809,15.84000015258789,15.0,15.0,3392
2017-04-24,15.600000381469727,15.600000381469727,14.880000114440918,15.359999656677246,6667
2017-04-25,15.359999656677246,16.68000030517578,15.0,15.960000038146973,7050
2017-04-26,16.200000762939453,16.440000534057617,15.960000038146973,15.960000038146973,6825
2017-04-27,15.84000015258789,16.200000762939453,15.720000267028809,15.720000267028809,4950
2017-04-28,15.960000038146973,17.760000228881836,15.960000038146973,17.520000457763672,30317
2017-05-01,17.280000686645508,17.639999389648438,16.31999969482422,17.040000915527344,16092
2017-05-02,16.68000030517578,16.68000030517578,15.720000267028809,15.84000015258789,14258
2017-05-03,16.200000762939453,16.440000534057617,15.600000381469727,16.31999969482422,12717
2017-05-04,16.079999923706055,16.079999923706055,14.880000114440918,14.880000114440918,17150
2017-05-05,15.0,15.239999771118164,13.800000190734863,15.119999885559082,11142
2017-05-08,15.0,15.359999656677246,14.640000343322754,15.119999885559082,4542
2017-05-09,15.239999771118164,15.479999542236328,14.640000343322754,15.239999771118164,5342
2017-05-10,15.600000381469727,16.799999237060547,14.279999732971191,16.200000762939453,17750
2017-05-11,16.200000762939453,16.68000030517578,15.600000381469727,16.31999969482422,15258
2017-05-12,16.31999969482422,16.559999465942383,15.84000015258789,16.559999465942383,6900
2017-05-15,16.559999465942383,17.639999389648438,16.31999969482422,17.520000457763672,18483
2017-05-16,17.8799991607666,25.200000762939453,17.8799991607666,22.200000762939453,100242
2017-05-17,21.719999313354492,21.959999084472656,18.959999084472656,20.399999618530273,22175
2017-05-18,20.040000915527344,21.959999084472656,18.719999313354492,21.959999084472656,20708
2017-05-19,23.760000228881836,23.760000228881836,21.479999542236328,22.559999465942383,11925
2017-05-22,22.559999465942383,23.399999618530273,21.479999542236328,22.079999923706055,7492
2017-05-23,21.84000015258789,21.84000015258789,20.399999618530273,21.1200008392334,5300
2017-05-24,20.760000228881836,21.0,19.31999969482422,20.8799991607666,5283
2017-05-25,20.639999389648438,21.600000381469727,19.559999465942383,21.1200008392334,11775
2017-05-26,20.8799991607666,20.8799991607666,20.520000457763672,20.8799991607666,3167
2017-05-30,21.600000381469727,22.079999923706055,21.1200008392334,22.079999923706055,6308
2017-05-31,21.84000015258789,23.15999984741211,21.0,23.15999984741211,4558
2017-06-01,23.639999389648438,27.479999542236328,22.799999237060547,27.360000610351562,55658
2017-06-02,28.200000762939453,28.920000076293945,25.799999237060547,27.1200008392334,20317
2017-06-05,28.079999923706055,28.68000030517578,23.399999618530273,24.360000610351562,23758
2017-06-06,23.15999984741211,24.360000610351562,23.15999984741211,23.15999984741211,14200
2017-06-07,24.1200008392334,24.1200008392334,23.040000915527344,23.399999618530273,6258
2017-06-08,24.239999771118164,26.399999618530273,23.399999618530273,26.040000915527344,18467
2017-06-09,26.399999618530273,27.360000610351562,25.31999969482422,26.040000915527344,8350
2017-06-12,26.040000915527344,27.0,24.239999771118164,25.200000762939453,11508
2017-06-13,25.079999923706055,25.440000534057617,24.0,24.360000610351562,6467
2017-06-14,24.959999084472656,24.959999084472656,22.799999237060547,23.15999984741211,14850
2017-06-15,23.8799991607666,23.8799991607666,21.959999084472656,22.31999969482422,8708
2017-06-16,21.239999771118164,21.600000381469727,17.399999618530273,18.600000381469727,44583
2017-06-19,19.440000534057617,20.280000686645508,17.15999984741211,20.15999984741211,17408
2017-06-20,19.31999969482422,20.520000457763672,18.239999771118164,19.799999237060547,3492
2017-06-21,19.31999969482422,20.639999389648438,18.959999084472656,20.040000915527344,3392
2017-06-22,19.799999237060547,21.479999542236328,19.799999237060547,20.760000228881836,5075
2017-06-23,20.399999618530273,21.84000015258789,20.399999618530273,20.760000228881836,4958
2017-06-26,20.399999618530273,21.239999771118164,20.399999618530273,21.0,1492
2017-06-27,21.360000610351562,21.600000381469727,20.280000686645508,20.520000457763672,4383
2017-06-28,20.15999984741211,20.399999618530273,19.559999465942383,20.15999984741211,5150
2017-06-29,19.799999237060547,20.399999618530273,19.799999237060547,19.920000076293945,3183
2017-06-30,19.799999237060547,21.239999771118164,19.799999237060547,20.760000228881836,4083
2017-07-03,20.760000228881836,21.239999771118164,20.040000915527344,20.760000228881836,4033
2017-07-05,20.760000228881836,21.0,20.15999984741211,20.399999618530273,1808
2017-07-06,20.520000457763672,20.760000228881836,20.15999984741211,20.639999389648438,2000
2017-07-07,20.639999389648438,21.239999771118164,20.040000915527344,20.399999618530273,3492
2017-07-10,20.399999618530273,20.8799991607666,20.040000915527344,20.280000686645508,2950
2017-07-11,19.799999237060547,20.520000457763672,19.799999237060547,20.15999984741211,2333
2017-07-12,20.399999618530273,21.479999542236328,19.799999237060547,19.920000076293945,4250
2017-07-13,19.799999237060547,20.15999984741211,15.0,16.31999969482422,49225
2017-07-14,16.68000030517578,16.68000030517578,15.600000381469727,15.84000015258789,10625
2017-07-17,16.079999923706055,16.440000534057617,15.119999885559082,15.359999656677246,13992
2017-07-18,14.880000114440918,15.600000381469727,13.800000190734863,14.520000457763672,16567
2017-07-19,14.880000114440918,14.880000114440918,13.680000305175781,13.920000076293945,12025
2017-07-20,14.039999961853027,14.880000114440918,13.800000190734863,14.399999618530273,43333
2017-07-21,14.399999618530273,14.399999618530273,13.920000076293945,14.15999984741211,16450
2017-07-24,14.640000343322754,14.640000343322754,13.800000190734863,14.279999732971191,11258
2017-07-25,14.279999732971191,14.279999732971191,13.800000190734863,13.800000190734863,10458
2017-07-26,14.039999961853027,14.279999732971191,13.800000190734863,13.920000076293945,6358
2017-07-27,13.920000076293945,13.920000076293945,13.680000305175781,13.800000190734863,3358
2017-07-28,13.680000305175781,13.800000190734863,12.119999885559082,12.720000267028809,17642
2017-07-31,12.960000038146973,12.960000038146973,12.720000267028809,12.84000015258789,6642
2017-08-01,12.960000038146973,12.960000038146973,12.479999542236328,12.600000381469727,5533
2017-08-02,12.84000015258789,12.84000015258789,12.479999542236328,12.479999542236328,3617
2017-08-03,12.84000015258789,12.960000038146973,12.479999542236328,12.720000267028809,3575
2017-08-04,12.960000038146973,13.800000190734863,12.600000381469727,13.199999809265137,9317
2017-08-07,13.5600004196167,13.5600004196167,12.960000038146973,13.4399995803833,5092
2017-08-08,13.4399995803833,14.15999984741211,13.199999809265137,13.920000076293945,7133
2017-08-09,13.4399995803833,13.920000076293945,13.319999694824219,13.4399995803833,10742
2017-08-10,13.199999809265137,13.680000305175781,12.960000038146973,13.199999809265137,6017
2017-08-11,13.4399995803833,13.5600004196167,11.399999618530273,12.600000381469727,19775
2017-08-14,12.359999656677246,12.600000381469727,11.760000228881836,12.239999771118164,4492
2017-08-15,12.239999771118164,12.239999771118164,11.760000228881836,12.239999771118164,6475
2017-08-16,12.479999542236328,12.600000381469727,12.0,12.479999542236328,5117
2017-08-17,12.600000381469727,12.84000015258789,12.0,12.359999656677246,2700
2017-08-18,12.600000381469727,12.600000381469727,12.0,12.239999771118164,1642
2017-08-21,12.600000381469727,12.600000381469727,12.0,12.479999542236328,2208
2017-08-22,12.600000381469727,12.600000381469727,12.0,12.239999771118164,3100
2017-08-23,12.600000381469727,12.600000381469727,11.760000228881836,12.479999542236328,9658
2017-08-24,12.720000267028809,12.720000267028809,12.119999885559082,12.479999542236328,3000
2017-08-25,12.600000381469727,12.720000267028809,12.0,12.600000381469727,3817
2017-08-28,12.600000381469727,12.960000038146973,12.479999542236328,12.479999542236328,6525
2017-08-29,12.119999885559082,12.960000038146973,12.119999885559082,12.960000038146973,9400
2017-08-30,12.720000267028809,13.079999923706055,12.720000267028809,12.960000038146973,4292
2017-08-31,13.079999923706055,13.079999923706055,12.84000015258789,12.84000015258789,5325
2017-09-01,12.960000038146973,12.960000038146973,12.600000381469727,12.84000015258789,4633
2017-09-05,13.319999694824219,13.800000190734863,13.079999923706055,13.4399995803833,12242
2017-09-06,15.0,17.760000228881836,14.15999984741211,14.399999618530273,145217
2017-09-07,13.920000076293945,14.399999618530273,13.199999809265137,13.920000076293945,25800
2017-09-08,13.800000190734863,13.800000190734863,13.4399995803833,13.680000305175781,9167
2017-09-11,13.680000305175781,13.800000190734863,13.199999809265137,13.199999809265137,5067
2017-09-12,13.199999809265137,14.039999961853027,13.199999809265137,13.680000305175781,17583
2017-09-13,13.800000190734863,13.800000190734863,13.4399995803833,13.5600004196167,3608
2017-09-14,13.5600004196167,13.5600004196167,13.319999694824219,13.319999694824219,4492
2017-09-15,13.5600004196167,13.680000305175781,13.319999694824219,13.319999694824219,5192
2017-09-18,13.4399995803833,13.680000305175781,13.319999694824219,13.319999694824219,4208
2017-09-19,13.4399995803833,13.680000305175781,13.199999809265137,13.199999809265137,3200
2017-09-20,13.4399995803833,13.4399995803833,12.239999771118164,12.359999656677246,14983
2017-09-21,12.239999771118164,12.600000381469727,12.239999771118164,12.479999542236328,3600
2017-09-22,12.600000381469727,12.84000015258789,12.359999656677246,12.84000015258789,12517
2017-09-25,12.359999656677246,12.84000015258789,12.359999656677246,12.720000267028809,3692
2017-09-26,13.079999923706055,13.920000076293945,12.479999542236328,13.680000305175781,21725
2017-09-27,13.920000076293945,14.760000228881836,13.319999694824219,13.4399995803833,30242
2017-09-28,13.5600004196167,13.5600004196167,13.319999694824219,13.4399995803833,2742
2017-09-29,13.4399995803833,13.4399995803833,13.199999809265137,13.199999809265137,1633
2017-10-02,13.4399995803833,13.800000190734863,13.199999809265137,13.319999694824219,3992
2017-10-03,13.199999809265137,13.4399995803833,12.84000015258789,12.84000015258789,3000
2017-10-04,12.720000267028809,13.4399995803833,12.479999542236328,12.479999542236328,8925
2017-10-05,12.600000381469727,13.079999923706055,12.479999542236328,12.600000381469727,9558
2017-10-06,12.720000267028809,13.199999809265137,12.600000381469727,12.84000015258789,5592
2017-10-09,13.079999923706055,13.4399995803833,12.84000015258789,13.079999923706055,9108
2017-10-10,13.079999923706055,13.4399995803833,12.479999542236328,12.600000381469727,5517
2017-10-11,12.479999542236328,12.84000015258789,12.119999885559082,12.239999771118164,12958
2017-10-12,13.800000190734863,14.520000457763672,12.600000381469727,12.720000267028809,40975
2017-10-13,13.199999809265137,13.199999809265137,12.479999542236328,12.600000381469727,10542
2017-10-16,12.600000381469727,12.960000038146973,12.359999656677246,12.600000381469727,7725
2017-10-17,12.84000015258789,12.84000015258789,12.359999656677246,12.359999656677246,4142
2017-10-18,13.199999809265137,13.199999809265137,12.479999542236328,12.600000381469727,20333
2017-10-19,13.079999923706055,13.079999923706055,12.359999656677246,12.600000381469727,7242
2017-10-20,12.600000381469727,12.84000015258789,12.479999542236328,12.84000015258789,3992
2017-10-23,13.199999809265137,13.199999809265137,12.479999542236328,12.600000381469727,4575
2017-10-24,12.600000381469727,12.600000381469727,12.359999656677246,12.359999656677246,3092
2017-10-25,12.720000267028809,12.720000267028809,12.359999656677246,12.600000381469727,3792
2017-10-26,12.479999542236328,12.84000015258789,12.359999656677246,12.600000381469727,1725
2017-10-27,12.84000015258789,12.84000015258789,12.359999656677246,12.600000381469727,5258
2017-10-30,12.239999771118164,13.199999809265137,12.239999771118164,12.720000267028809,22300
2017-10-31,12.84000015258789,13.800000190734863,12.600000381469727,12.600000381469727,38792
2017-11-01,12.720000267028809,13.079999923706055,12.359999656677246,12.720000267028809,31592
2017-11-02,12.84000015258789,13.800000190734863,12.600000381469727,13.5600004196167,31750
2017-11-03,13.4399995803833,14.279999732971191,13.199999809265137,13.5600004196167,38850
2017-11-06,13.680000305175781,13.680000305175781,13.199999809265137,13.5600004196167,8742
2017-11-07,13.5600004196167,13.5600004196167,13.199999809265137,13.5600004196167,8075
2017-11-08,13.319999694824219,14.640000343322754,13.319999694824219,14.520000457763672,27892
2017-11-09,14.520000457763672,14.880000114440918,13.920000076293945,14.279999732971191,21967
2017-11-10,14.399999618530273,14.640000343322754,13.680000305175781,14.15999984741211,9658
2017-11-13,14.15999984741211,14.279999732971191,13.319999694824219,13.4399995803833,11167
2017-11-14,13.4399995803833,14.279999732971191,12.960000038146973,13.4399995803833,8925
2017-11-15,14.039999961853027,14.039999961853027,11.279999732971191,12.359999656677246,54658
2017-11-16,12.600000381469727,12.600000381469727,11.399999618530273,11.880000114440918,22533
2017-11-17,12.239999771118164,12.359999656677246,11.760000228881836,12.359999656677246,11842
2017-11-20,12.479999542236328,12.479999542236328,12.239999771118164,12.359999656677246,6275
2017-11-21,12.0,12.119999885559082,11.760000228881836,11.760000228881836,8025
2017-11-22,11.880000114440918,12.0,11.640000343322754,11.880000114440918,11592
2017-11-24,11.880000114440918,12.359999656677246,11.880000114440918,12.359999656677246,3567
2017-11-27,12.479999542236328,13.319999694824219,12.119999885559082,12.600000381469727,27942
2017-11-28,12.600000381469727,12.960000038146973,11.760000228881836,12.239999771118164,26875
2017-11-29,12.359999656677246,12.359999656677246,11.640000343322754,12.0,9483
2017-11-30,12.359999656677246,12.359999656677246,12.0,12.239999771118164,3383
2017-12-01,12.119999885559082,12.359999656677246,12.0,12.359999656677246,3600
2017-12-04,12.119999885559082,12.239999771118164,11.760000228881836,11.760000228881836,8300
2017-12-05,12.119999885559082,12.239999771118164,11.760000228881836,12.0,6783
2017-12-06,12.119999885559082,12.239999771118164,11.880000114440918,12.0,6592
2017-12-07,12.119999885559082,12.119999885559082,12.0,12.0,2292
2017-12-08,12.119999885559082,12.239999771118164,11.880000114440918,11.880000114440918,4825
2017-12-11,11.640000343322754,12.720000267028809,11.640000343322754,12.239999771118164,28375
2017-12-12,12.0,12.119999885559082,11.760000228881836,11.880000114440918,4208
2017-12-13,12.0,12.0,11.880000114440918,11.880000114440918,3292
2017-12-14,12.0,12.359999656677246,11.880000114440918,12.0,8642
2017-12-15,12.0,12.960000038146973,12.0,12.720000267028809,16917
2017-12-18,12.720000267028809,12.720000267028809,12.119999885559082,12.359999656677246,5458
2017-12-19,12.359999656677246,12.600000381469727,12.0,12.239999771118164,4342
2017-12-20,12.0,12.84000015258789,12.0,12.239999771118164,5775
2017-12-21,12.359999656677246,12.479999542236328,12.119999885559082,12.239999771118164,10700
2017-12-22,12.239999771118164,12.359999656677246,12.119999885559082,12.119999885559082,3317
2017-12-26,12.119999885559082,14.760000228881836,12.119999885559082,13.800000190734863,83733
2017-12-27,15.479999542236328,24.84000015258789,15.479999542236328,17.760000228881836,1778208
2017-12-28,17.760000228881836,17.8799991607666,14.760000228881836,15.600000381469727,185433
2017-12-29,16.200000762939453,16.200000762939453,14.279999732971191,14.640000343322754,66575
2018-01-02,14.520000457763672,16.079999923706055,13.800000190734863,15.119999885559082,80700
2018-01-03,15.359999656677246,17.399999618530273,14.640000343322754,17.280000686645508,112683
2018-01-04,17.280000686645508,17.639999389648438,15.600000381469727,15.720000267028809,67475
2018-01-05,15.84000015258789,15.960000038146973,14.640000343322754,14.760000228881836,37650
2018-01-08,15.0,15.239999771118164,14.760000228881836,15.119999885559082,22750
2018-01-09,15.0,16.559999465942383,14.760000228881836,15.479999542236328,57450
2018-01-10,15.479999542236328,16.559999465942383,15.479999542236328,15.600000381469727,40533
2018-01-11,15.600000381469727,17.280000686645508,15.600000381469727,17.040000915527344,46567
2018-01-12,17.280000686645508,18.84000015258789,16.559999465942383,18.239999771118164,44392
2018-01-16,18.479999542236328,19.799999237060547,17.520000457763672,17.760000228881836,50925
2018-01-17,17.639999389648438,18.600000381469727,16.440000534057617,16.559999465942383,24733
2018-01-18,16.68000030517578,18.360000610351562,15.960000038146973,17.8799991607666,36067
2018-01-19,18.1200008392334,18.600000381469727,17.15999984741211,17.639999389648438,17883
2018-01-22,30.239999771118164,39.959999084472656,26.8799991607666,27.84000015258789,5699167
2018-01-23,26.399999618530273,29.399999618530273,25.31999969482422,28.200000762939453,338158
2018-01-24,28.559999465942383,28.559999465942383,24.600000381469727,25.799999237060547,383717
2018-01-25,55.20000076293945,57.599998474121094,34.91999816894531,40.91999816894531,3086292
2018-01-26,36.720001220703125,38.7599983215332,33.720001220703125,35.880001068115234,459508
2018-01-29,34.91999816894531,34.91999816894531,30.360000610351562,30.959999084472656,238592
2018-01-30,30.0,30.0,26.040000915527344,26.399999618530273,206150
2018-01-31,27.600000381469727,28.68000030517578,24.719999313354492,25.200000762939453,186300
2018-02-01,29.280000686645508,29.8799991607666,25.200000762939453,25.200000762939453,647600
2018-02-02,25.200000762939453,25.440000534057617,21.84000015258789,23.520000457763672,195800
2018-02-05,22.920000076293945,23.399999618530273,21.360000610351562,21.479999542236328,91400
2018-02-06,21.0,23.15999984741211,21.0,22.559999465942383,87967
2018-02-07,22.200000762939453,22.559999465942383,21.0,21.239999771118164,90292
2018-02-08,21.239999771118164,21.360000610351562,19.31999969482422,19.440000534057617,74242
2018-02-09,19.68000030517578,20.040000915527344,18.0,18.479999542236328,103250
2018-02-12,18.719999313354492,19.079999923706055,17.399999618530273,18.360000610351562,143333
2018-02-13,18.959999084472656,19.559999465942383,18.1200008392334,18.959999084472656,145075
2018-02-14,18.600000381469727,19.559999465942383,18.239999771118164,18.239999771118164,155308
2018-02-15,18.360000610351562,18.719999313354492,17.040000915527344,17.639999389648438,134058
2018-02-16,17.399999618530273,18.0,17.280000686645508,17.520000457763672,72642
2018-02-20,17.399999618530273,18.84000015258789,17.399999618530273,18.0,151767
2018-02-21,18.1200008392334,18.719999313354492,17.520000457763672,18.0,107392
2018-02-22,17.8799991607666,18.0,17.399999618530273,17.399999618530273,54992
2018-02-23,17.520000457763672,17.8799991607666,17.399999618530273,17.760000228881836,138750
2018-02-26,18.1200008392334,18.479999542236328,17.639999389648438,17.8799991607666,76767
2018-02-27,18.0,18.0,16.440000534057617,16.68000030517578,119208
2018-02-28,16.799999237060547,16.799999237060547,15.600000381469727,16.200000762939453,90983
2018-03-01,16.079999923706055,17.399999618530273,15.960000038146973,16.920000076293945,77283
2018-03-02,16.799999237060547,20.399999618530273,16.440000534057617,19.920000076293945,379858
2018-03-05,19.079999923706055,19.200000762939453,17.639999389648438,17.639999389648438,134033
2018-03-06,17.760000228881836,18.239999771118164,16.920000076293945,18.239999771118164,98625
2018-03-07,18.0,18.0,17.520000457763672,17.760000228881836,37133
2018-03-08,17.8799991607666,18.1200008392334,17.639999389648438,18.1200008392334,34792
2018-03-09,18.1200008392334,18.239999771118164,17.639999389648438,17.760000228881836,43967
2018-03-12,18.600000381469727,19.440000534057617,17.639999389648438,17.760000228881836,153692
2018-03-13,18.360000610351562,18.360000610351562,16.799999237060547,17.399999618530273,230533
2018-03-14,17.399999618530273,17.399999618530273,16.31999969482422,17.040000915527344,88917
2018-03-15,15.600000381469727,15.960000038146973,15.0,15.720000267028809,109600
2018-03-16,15.600000381469727,16.200000762939453,15.239999771118164,15.960000038146973,80492
2018-03-19,15.600000381469727,15.960000038146973,15.0,15.720000267028809,43300
2018-03-20,15.600000381469727,15.600000381469727,14.640000343322754,15.239999771118164,67825
2018-03-21,15.119999885559082,15.479999542236328,14.760000228881836,15.119999885559082,26908
2018-03-22,15.0,15.479999542236328,14.640000343322754,14.880000114440918,54700
2018-03-23,15.0,15.0,13.920000076293945,14.039999961853027,37758
2018-03-26,14.039999961853027,14.15999984741211,13.319999694824219,13.800000190734863,65892
2018-03-27,13.800000190734863,14.399999618530273,13.5600004196167,13.800000190734863,39575
2018-03-28,13.800000190734863,14.15999984741211,13.5600004196167,13.5600004196167,19992
2018-03-29,13.920000076293945,15.239999771118164,13.5600004196167,14.039999961853027,82633
2018-04-02,14.039999961853027,15.0,13.920000076293945,14.279999732971191,27867
2018-04-03,14.279999732971191,14.399999618530273,13.800000190734863,13.920000076293945,17808
2018-04-04,13.920000076293945,14.039999961853027,13.680000305175781,14.039999961853027,24058
2018-04-05,14.039999961853027,14.279999732971191,13.5600004196167,13.5600004196167,26183
2018-04-06,13.5600004196167,13.920000076293945,13.5600004196167,13.920000076293945,22475
2018-04-09,13.800000190734863,14.760000228881836,13.5600004196167,13.800000190734863,26383
2018-04-10,14.039999961853027,14.399999618530273,13.920000076293945,14.279999732971191,17308
2018-04-11,14.279999732971191,14.520000457763672,14.039999961853027,14.279999732971191,13267
2018-04-12,14.279999732971191,14.399999618530273,13.680000305175781,13.920000076293945,23867
2018-04-13,14.039999961853027,14.15999984741211,14.039999961853027,14.15999984741211,24933
2018-04-16,14.399999618530273,15.0,14.039999961853027,14.640000343322754,104008
2018-04-17,15.0,15.0,14.15999984741211,14.399999618530273,23633
2018-04-18,14.399999618530273,14.399999618530273,13.920000076293945,14.039999961853027,23567
2018-04-19,13.920000076293945,14.039999961853027,13.5600004196167,13.680000305175781,75892
2018-04-20,13.800000190734863,13.800000190734863,12.479999542236328,12.84000015258789,56383
2018-04-23,13.199999809265137,13.199999809265137,12.479999542236328,12.720000267028809,20225
2018-04-24,12.84000015258789,12.84000015258789,12.359999656677246,12.600000381469727,15292
2018-04-25,12.600000381469727,12.960000038146973,12.359999656677246,12.720000267028809,21775
2018-04-26,13.199999809265137,13.5600004196167,12.84000015258789,12.960000038146973,18992
2018-04-27,13.199999809265137,13.199999809265137,12.720000267028809,13.199999809265137,10842
2018-04-30,13.319999694824219,13.5600004196167,12.960000038146973,13.079999923706055,18633
2018-05-01,13.199999809265137,13.4399995803833,13.199999809265137,13.319999694824219,9750
2018-05-02,13.319999694824219,13.680000305175781,12.960000038146973,13.199999809265137,21775
2018-05-03,13.319999694824219,13.319999694824219,12.960000038146973,13.079999923706055,12408
2018-05-04,13.199999809265137,13.199999809265137,12.84000015258789,13.199999809265137,13383
2018-05-07,13.199999809265137,13.800000190734863,13.199999809265137,13.319999694824219,32267
2018-05-08,13.319999694824219,13.5600004196167,13.199999809265137,13.199999809265137,9700
2018-05-09,13.199999809265137,13.5600004196167,12.960000038146973,13.4399995803833,48967
2018-05-10,12.960000038146973,13.4399995803833,12.359999656677246,12.600000381469727,50458
2018-05-11,12.479999542236328,13.4399995803833,12.359999656677246,13.199999809265137,29567
2018-05-14,13.4399995803833,13.4399995803833,12.479999542236328,12.960000038146973,25242
2018-05-15,12.84000015258789,12.84000015258789,12.479999542236328,12.600000381469727,7292
2018-05-16,12.720000267028809,12.84000015258789,12.720000267028809,12.84000015258789,8600
2018-05-17,12.720000267028809,12.960000038146973,12.479999542236328,12.84000015258789,12333
2018-05-18,13.079999923706055,13.079999923706055,12.359999656677246,12.84000015258789,21717
2018-05-21,12.84000015258789,12.84000015258789,12.600000381469727,12.600000381469727,17117
2018-05-22,12.720000267028809,12.720000267028809,12.600000381469727,12.720000267028809,11775
2018-05-23,12.600000381469727,12.84000015258789,12.479999542236328,12.720000267028809,13992
2018-05-24,12.720000267028809,12.84000015258789,12.720000267028809,12.720000267028809,18692
2018-05-25,12.84000015258789,13.800000190734863,12.84000015258789,13.4399995803833,62658
2018-05-29,13.4399995803833,14.15999984741211,13.319999694824219,14.15999984741211,50408
2018-05-30,14.15999984741211,15.479999542236328,13.920000076293945,14.039999961853027,69125
2018-05-31,14.279999732971191,14.279999732971191,13.319999694824219,13.5600004196167,22475
2018-06-01,13.680000305175781,13.800000190734863,13.4399995803833,13.5600004196167,15008
2018-06-04,13.680000305175781,13.800000190734863,13.4399995803833,13.4399995803833,18408
2018-06-05,13.5600004196167,13.800000190734863,13.4399995803833,13.800000190734863,17242
2018-06-06,13.4399995803833,13.800000190734863,13.4399995803833,13.5600004196167,15325
2018-06-07,13.680000305175781,14.15999984741211,13.5600004196167,13.800000190734863,45425
2018-06-08,13.800000190734863,13.920000076293945,13.319999694824219,13.5600004196167,27042
2018-06-11,13.4399995803833,13.4399995803833,12.84000015258789,12.960000038146973,32408
2018-06-12,13.079999923706055,13.199999809265137,12.720000267028809,13.079999923706055,22283
2018-06-13,13.079999923706055,13.199999809265137,12.720000267028809,12.720000267028809,17867
2018-06-14,12.720000267028809,12.84000015258789,12.359999656677246,12.359999656677246,38317
2018-06-15,12.479999542236328,12.600000381469727,12.119999885559082,12.479999542236328,26942
2018-06-18,12.479999542236328,12.720000267028809,12.239999771118164,12.359999656677246,16217
2018-06-19,12.479999542236328,12.84000015258789,12.359999656677246,12.600000381469727,26742
2018-06-20,18.1200008392334,18.239999771118164,12.600000381469727,12.960000038146973,1096208
2018-06-21,12.84000015258789,12.960000038146973,12.359999656677246,12.600000381469727,157708
2018-06-22,12.960000038146973,12.960000038146973,12.239999771118164,12.359999656677246,62875
2018-06-25,12.239999771118164,12.239999771118164,11.760000228881836,12.0,61375
2018-06-26,12.119999885559082,12.600000381469727,11.760000228881836,12.479999542236328,29367
2018-06-27,12.479999542236328,12.84000015258789,12.0,12.0,80208
2018-06-28,12.960000038146973,12.960000038146973,12.0,12.239999771118164,121908
2018-06-29,12.239999771118164,12.239999771118164,11.880000114440918,12.0,46458
2018-07-02,12.0,12.119999885559082,10.920000076293945,11.520000457763672,54942
2018-07-03,12.0,12.0,11.15999984741211,11.15999984741211,24492
2018-07-05,11.520000457763672,11.880000114440918,11.15999984741211,11.760000228881836,17425
2018-07-06,11.760000228881836,12.0,11.399999618530273,12.0,17475
2018-07-09,11.880000114440918,12.0,11.520000457763672,11.640000343322754,12175
2018-07-10,11.640000343322754,11.880000114440918,11.520000457763672,11.520000457763672,8708
2018-07-11,11.640000343322754,11.760000228881836,11.520000457763672,11.640000343322754,6617
2018-07-12,11.760000228881836,11.760000228881836,11.520000457763672,11.520000457763672,8692
2018-07-13,11.640000343322754,11.760000228881836,11.520000457763672,11.760000228881836,9850
2018-07-16,11.760000228881836,11.880000114440918,11.520000457763672,11.520000457763672,8917
2018-07-17,11.520000457763672,11.760000228881836,11.520000457763672,11.640000343322754,16250
2018-07-18,11.880000114440918,12.720000267028809,11.520000457763672,12.720000267028809,59275
2018-07-19,12.720000267028809,12.720000267028809,11.760000228881836,12.119999885559082,28067
2018-07-20,12.239999771118164,13.319999694824219,11.880000114440918,12.119999885559082,207383
2018-07-23,12.0,12.239999771118164,11.520000457763672,11.640000343322754,66400
2018-07-24,11.760000228881836,12.119999885559082,10.920000076293945,11.15999984741211,67100
2018-07-25,11.279999732971191,11.279999732971191,10.920000076293945,11.279999732971191,34058
2018-07-26,11.399999618530273,11.399999618530273,10.920000076293945,11.15999984741211,23025
2018-07-27,11.279999732971191,11.279999732971191,10.920000076293945,10.920000076293945,22167
2018-07-30,11.039999961853027,11.039999961853027,10.319999694824219,10.4399995803833,36883
2018-07-31,10.5600004196167,10.800000190734863,10.199999809265137,10.680000305175781,23942
2018-08-01,10.800000190734863,11.15999984741211,10.199999809265137,10.319999694824219,62567
2018-08-02,10.199999809265137,10.4399995803833,10.199999809265137,10.4399995803833,24217
2018-08-03,10.199999809265137,10.800000190734863,10.199999809265137,10.800000190734863,12875
2018-08-06,10.800000190734863,11.039999961853027,10.5600004196167,10.5600004196167,13250
2018-08-07,10.800000190734863,10.800000190734863,10.4399995803833,10.800000190734863,11850
2018-08-08,10.800000190734863,10.920000076293945,10.4399995803833,10.800000190734863,11375
2018-08-09,10.680000305175781,11.039999961853027,10.680000305175781,10.920000076293945,20100
2018-08-10,10.680000305175781,10.920000076293945,10.319999694824219,10.4399995803833,36458
2018-08-13,10.5600004196167,10.680000305175781,10.319999694824219,10.319999694824219,13575
2018-08-14,10.680000305175781,10.680000305175781,10.4399995803833,10.5600004196167,13875
2018-08-15,10.680000305175781,10.680000305175781,10.319999694824219,10.319999694824219,9325
2018-08-16,10.5600004196167,10.680000305175781,10.319999694824219,10.4399995803833,5592
2018-08-17,10.5600004196167,11.039999961853027,10.319999694824219,10.5600004196167,35050
2018-08-20,10.800000190734863,11.039999961853027,10.5600004196167,10.5600004196167,10700
2018-08-21,10.800000190734863,11.039999961853027,10.680000305175781,10.680000305175781,9667
2018-08-22,10.800000190734863,11.15999984741211,10.680000305175781,11.039999961853027,5258
2018-08-23,11.15999984741211,11.640000343322754,11.039999961853027,11.640000343322754,9417
2018-08-24,11.760000228881836,12.239999771118164,11.640000343322754,11.640000343322754,27783
2018-08-27,12.0,12.119999885559082,11.399999618530273,11.880000114440918,11792
2018-08-28,11.880000114440918,12.119999885559082,11.760000228881836,11.760000228881836,12433
2018-08-29,12.0,12.0,11.760000228881836,12.0,12008
2018-08-30,11.760000228881836,12.84000015258789,11.760000228881836,12.600000381469727,62492
2018-08-31,12.479999542236328,12.479999542236328,12.119999885559082,12.119999885559082,17825
2018-09-04,12.239999771118164,12.479999542236328,12.0,12.239999771118164,10117
2018-09-05,12.239999771118164,12.239999771118164,11.760000228881836,12.119999885559082,15908
2018-09-06,12.0,12.239999771118164,11.760000228881836,11.760000228881836,7775
2018-09-07,11.880000114440918,12.239999771118164,11.760000228881836,12.0,19517
2018-09-10,12.239999771118164,12.479999542236328,11.880000114440918,12.359999656677246,32933
2018-09-11,12.359999656677246,12.479999542236328,12.0,12.119999885559082,9217
2018-09-12,12.0,12.359999656677246,12.0,12.239999771118164,17625
2018-09-13,12.119999885559082,12.239999771118164,11.880000114440918,11.880000114440918,23600
2018-09-14,12.119999885559082,12.119999885559082,11.880000114440918,11.880000114440918,6000
2018-09-17,12.119999885559082,12.119999885559082,12.0,12.0,11842
2018-09-18,12.0,12.239999771118164,11.520000457763672,11.640000343322754,20825
2018-09-19,11.880000114440918,11.880000114440918,11.640000343322754,11.760000228881836,7550
2018-09-20,12.0,12.239999771118164,11.880000114440918,12.0,11925
2018-09-21,11.880000114440918,12.0,11.520000457763672,11.640000343322754,7858
2018-09-24,11.880000114440918,12.0,11.399999618530273,11.760000228881836,17250
2018-09-25,11.760000228881836,11.880000114440918,11.760000228881836,11.760000228881836,10075
2018-09-26,11.760000228881836,11.880000114440918,11.399999618530273,11.399999618530273,10300
2018-09-27,11.520000457763672,11.520000457763672,10.920000076293945,11.279999732971191,9317
2018-09-28,11.15999984741211,11.520000457763672,10.920000076293945,11.039999961853027,11058
2018-10-01,11.399999618530273,11.399999618530273,11.15999984741211,11.15999984741211,9975
2018-10-02,11.15999984741211,12.119999885559082,11.15999984741211,11.520000457763672,145108
2018-10-03,11.279999732971191,11.760000228881836,10.800000190734863,10.920000076293945,33183
2018-10-04,11.039999961853027,11.399999618530273,10.920000076293945,11.15999984741211,18042
2018-10-05,11.279999732971191,11.399999618530273,10.920000076293945,10.920000076293945,4608
2018-10-08,11.039999961853027,11.279999732971191,10.920000076293945,11.039999961853027,12025
2018-10-09,11.039999961853027,11.039999961853027,10.680000305175781,10.680000305175781,17675
2018-10-10,10.5600004196167,10.920000076293945,10.5600004196167,10.680000305175781,10942
2018-10-11,10.680000305175781,10.920000076293945,10.319999694824219,10.5600004196167,12683
2018-10-12,10.800000190734863,10.920000076293945,10.4399995803833,10.680000305175781,8133
2018-10-15,10.5600004196167,10.920000076293945,10.5600004196167,10.680000305175781,5958
2018-10-16,10.800000190734863,11.039999961853027,10.800000190734863,11.039999961853027,10842
2018-10-17,11.039999961853027,11.15999984741211,10.800000190734863,11.15999984741211,12175
2018-10-18,11.520000457763672,11.640000343322754,10.800000190734863,10.920000076293945,39867
2018-10-19,11.279999732971191,11.880000114440918,11.039999961853027,11.520000457763672,55283
2018-10-22,11.760000228881836,12.0,11.279999732971191,11.520000457763672,7300
2018-10-23,11.520000457763672,11.760000228881836,11.15999984741211,11.15999984741211,10892
2018-10-24,11.399999618530273,11.399999618530273,9.84000015258789,11.039999961853027,25458
2018-10-25,10.920000076293945,11.039999961853027,10.680000305175781,10.680000305175781,7217
2018-10-26,10.680000305175781,10.800000190734863,10.319999694824219,10.680000305175781,6358
2018-10-29,10.4399995803833,11.039999961853027,10.4399995803833,10.800000190734863,7108
2018-10-30,10.4399995803833,10.800000190734863,10.4399995803833,10.800000190734863,8192
2018-10-31,10.4399995803833,10.800000190734863,10.4399995803833,10.5600004196167,6158
2018-11-01,10.5600004196167,10.800000190734863,10.199999809265137,10.800000190734863,15075
2018-11-02,10.5600004196167,11.15999984741211,10.4399995803833,10.800000190734863,12575
2018-11-05,10.800000190734863,11.15999984741211,10.800000190734863,10.920000076293945,17400
2018-11-06,10.920000076293945,11.039999961853027,10.800000190734863,10.920000076293945,8267
2018-11-07,11.039999961853027,11.15999984741211,10.920000076293945,11.15999984741211,8425
2018-11-08,11.15999984741211,11.15999984741211,10.800000190734863,10.920000076293945,4092
2018-11-09,10.920000076293945,11.15999984741211,10.680000305175781,11.039999961853027,15208
2018-11-12,11.15999984741211,11.520000457763672,10.4399995803833,10.5600004196167,19133
2018-11-13,10.680000305175781,10.920000076293945,10.319999694824219,10.4399995803833,7592
2018-11-14,10.319999694824219,10.5600004196167,9.960000038146973,10.199999809265137,12642
2018-11-15,10.079999923706055,10.199999809265137,6.480000019073486,9.359999656677246,111058
2018-11-16,9.359999656677246,9.600000381469727,7.199999809265137,8.880000114440918,34150
2018-11-19,8.880000114440918,9.119999885559082,8.520000457763672,9.0,25567
2018-11-20,8.520000457763672,9.239999771118164,8.279999732971191,9.119999885559082,29075
2018-11-21,9.0,9.119999885559082,8.760000228881836,9.119999885559082,13575
2018-11-23,8.640000343322754,9.119999885559082,8.640000343322754,9.0,3850
2018-11-26,9.0,9.479999542236328,9.0,9.359999656677246,14050
2018-11-27,9.359999656677246,9.600000381469727,9.239999771118164,9.479999542236328,9500
2018-11-28,9.600000381469727,9.84000015258789,9.479999542236328,9.600000381469727,9692
2018-11-29,9.84000015258789,9.84000015258789,9.600000381469727,9.84000015258789,6567
2018-11-30,9.84000015258789,9.84000015258789,9.479999542236328,9.479999542236328,14558
2018-12-03,9.479999542236328,9.720000267028809,9.479999542236328,9.600000381469727,9492
2018-12-04,9.600000381469727,9.600000381469727,9.0,9.239999771118164,13092
2018-12-06,9.119999885559082,9.119999885559082,9.0,9.0,14183
2018-12-07,9.119999885559082,9.119999885559082,9.0,9.0,6000
2018-12-10,9.119999885559082,9.119999885559082,8.520000457763672,8.640000343322754,7667
2018-12-11,8.640000343322754,8.880000114440918,8.399999618530273,8.520000457763672,13200
2018-12-12,8.399999618530273,8.640000343322754,8.399999618530273,8.520000457763672,10042
2018-12-13,8.399999618530273,8.399999618530273,7.679999828338623,7.800000190734863,29175
2018-12-14,7.920000076293945,8.039999961853027,7.679999828338623,7.920000076293945,19767
2018-12-17,8.039999961853027,8.039999961853027,7.679999828338623,7.920000076293945,11400
2018-12-18,7.920000076293945,7.920000076293945,7.440000057220459,7.440000057220459,22575
2018-12-19,7.440000057220459,7.559999942779541,7.079999923706055,7.320000171661377,28600
2018-12-20,7.559999942779541,7.920000076293945,7.199999809265137,7.199999809265137,12450
2018-12-21,7.199999809265137,7.440000057220459,7.199999809265137,7.320000171661377,19317
2018-12-24,7.320000171661377,7.320000171661377,6.840000152587891,6.840000152587891,27242
2018-12-26,6.840000152587891,6.840000152587891,6.599999904632568,6.599999904632568,22608
2018-12-27,6.599999904632568,6.840000152587891,6.360000133514404,6.599999904632568,46200
2018-12-28,6.599999904632568,6.960000038146973,6.360000133514404,6.71999979019165,23700
2018-12-31,6.71999979019165,7.199999809265137,6.480000019073486,6.599999904632568,34458
2019-01-02,6.599999904632568,7.079999923706055,6.480000019073486,6.840000152587891,17458
2019-01-03,6.960000038146973,7.440000057220459,6.840000152587891,7.440000057220459,19358
2019-01-04,7.559999942779541,8.039999961853027,7.320000171661377,7.559999942779541,9150
2019-01-07,7.559999942779541,8.039999961853027,7.199999809265137,8.039999961853027,24183
2019-01-08,8.520000457763672,8.520000457763672,7.800000190734863,8.279999732971191,13317
2019-01-09,8.399999618530273,8.640000343322754,7.800000190734863,8.399999618530273,17500
2019-01-10,8.399999618530273,8.399999618530273,7.920000076293945,8.15999984741211,6667
2019-01-11,8.15999984741211,8.399999618530273,7.800000190734863,8.399999618530273,16525
2019-01-14,8.399999618530273,8.399999618530273,8.039999961853027,8.039999961853027,6842
2019-01-15,8.15999984741211,8.520000457763672,8.039999961853027,8.520000457763672,40108
2019-01-16,8.520000457763672,8.880000114440918,8.399999618530273,8.760000228881836,16142
2019-01-17,8.880000114440918,9.0,8.640000343322754,8.880000114440918,9717
2019-01-18,8.880000114440918,8.880000114440918,8.520000457763672,8.880000114440918,6908
2019-01-22,8.880000114440918,9.0,8.279999732971191,8.640000343322754,32742
2019-01-23,8.399999618530273,8.520000457763672,7.440000057220459,7.920000076293945,26883
2019-01-24,7.800000190734863,8.039999961853027,7.559999942779541,8.039999961853027,5917
2019-01-25,8.15999984741211,8.520000457763672,8.039999961853027,8.520000457763672,8525
2019-01-28,8.520000457763672,8.640000343322754,8.279999732971191,8.279999732971191,9000
2019-01-29,8.399999618530273,8.520000457763672,8.279999732971191,8.279999732971191,6192
2019-01-30,8.399999618530273,8.640000343322754,7.800000190734863,8.279999732971191,3792
2019-01-31,8.279999732971191,8.279999732971191,7.920000076293945,8.039999961853027,8492
2019-02-01,7.920000076293945,8.399999618530273,7.800000190734863,8.039999961853027,6142
2019-02-04,8.15999984741211,8.15999984741211,7.559999942779541,7.800000190734863,16208
2019-02-05,7.920000076293945,7.920000076293945,7.079999923706055,7.320000171661377,33667
2019-02-06,7.440000057220459,7.800000190734863,7.440000057220459,7.440000057220459,18525
2019-02-07,7.559999942779541,7.679999828338623,7.199999809265137,7.199999809265137,7592
2019-02-08,7.199999809265137,7.440000057220459,7.079999923706055,7.079999923706055,11417
2019-02-11,7.199999809265137,7.440000057220459,7.079999923706055,7.199999809265137,6200
2019-02-12,7.320000171661377,7.440000057220459,7.199999809265137,7.320000171661377,6100
2019-02-13,7.320000171661377,7.920000076293945,7.079999923706055,7.679999828338623,121608
2019-02-14,7.320000171661377,7.679999828338623,7.079999923706055,7.320000171661377,33517
2019-02-15,7.440000057220459,7.679999828338623,7.320000171661377,7.559999942779541,15733
2019-02-19,7.559999942779541,7.679999828338623,7.320000171661377,7.559999942779541,12758
2019-02-20,7.559999942779541,7.559999942779541,7.199999809265137,7.320000171661377,9875
2019-02-21,7.320000171661377,7.440000057220459,6.71999979019165,7.079999923706055,13608
2019-02-22,7.199999809265137,7.199999809265137,6.71999979019165,7.079999923706055,13025
2019-02-25,6.840000152587891,7.199999809265137,6.840000152587891,7.079999923706055,9858
2019-02-26,7.199999809265137,7.320000171661377,6.960000038146973,7.079999923706055,8833
2019-02-27,7.079999923706055,7.199999809265137,7.079999923706055,7.199999809265137,3367
2019-02-28,7.079999923706055,7.199999809265137,6.960000038146973,7.199999809265137,11000
2019-03-01,7.199999809265137,7.440000057220459,7.199999809265137,7.320000171661377,21633
2019-03-04,7.440000057220459,7.559999942779541,7.199999809265137,7.440000057220459,10058
2019-03-05,7.440000057220459,7.559999942779541,7.440000057220459,7.559999942779541,8792
2019-03-06,7.559999942779541,7.559999942779541,7.440000057220459,7.440000057220459,7242
2019-03-07,7.440000057220459,7.440000057220459,7.320000171661377,7.320000171661377,8092
2019-03-08,7.440000057220459,7.440000057220459,6.960000038146973,7.199999809265137,12642
2019-03-11,7.199999809265137,7.440000057220459,7.079999923706055,7.199999809265137,10258
2019-03-12,7.199999809265137,7.440000057220459,7.199999809265137,7.320000171661377,4258
2019-03-13,7.199999809265137,7.440000057220459,7.199999809265137,7.199999809265137,14383
2019-03-14,7.320000171661377,7.320000171661377,6.960000038146973,7.320000171661377,26958
2019-03-15,7.199999809265137,7.800000190734863,6.960000038146973,7.320000171661377,16692
2019-03-18,7.079999923706055,7.320000171661377,7.079999923706055,7.079999923706055,3467
2019-03-19,7.079999923706055,7.199999809265137,6.840000152587891,6.960000038146973,7758
2019-03-20,6.960000038146973,7.079999923706055,6.71999979019165,7.079999923706055,20492
2019-03-21,7.079999923706055,7.800000190734863,7.079999923706055,7.320000171661377,72525
2019-03-22,7.440000057220459,7.440000057220459,6.960000038146973,7.079999923706055,15383
2019-03-25,7.079999923706055,7.559999942779541,6.840000152587891,6.960000038146973,25467
2019-03-26,7.079999923706055,7.079999923706055,6.599999904632568,6.599999904632568,35725
2019-03-27,6.599999904632568,6.840000152587891,6.480000019073486,6.599999904632568,25092
2019-03-28,6.599999904632568,6.71999979019165,6.480000019073486,6.599999904632568,26950
2019-03-29,6.480000019073486,6.71999979019165,5.880000114440918,6.599999904632568,69833
2019-04-01,6.840000152587891,7.920000076293945,6.71999979019165,7.800000190734863,44075
2019-04-02,8.399999618530273,9.0,8.039999961853027,8.880000114440918,56367
2019-04-03,8.279999732971191,9.720000267028809,8.15999984741211,9.119999885559082,46417
2019-04-04,9.720000267028809,10.199999809265137,9.239999771118164,9.960000038146973,59308
2019-04-05,9.84000015258789,10.5600004196167,9.600000381469727,10.319999694824219,32650
2019-04-08,11.15999984741211,11.399999618530273,10.199999809265137,10.5600004196167,33783
2019-04-09,11.15999984741211,11.399999618530273,10.680000305175781,10.920000076293945,21275
2019-04-10,11.039999961853027,11.039999961853027,9.84000015258789,10.199999809265137,28492
2019-04-11,10.4399995803833,10.5600004196167,9.84000015258789,10.319999694824219,11292
2019-04-12,10.199999809265137,10.680000305175781,9.720000267028809,10.079999923706055,10792
2019-04-15,10.4399995803833,10.5600004196167,9.84000015258789,10.5600004196167,11375
2019-04-16,10.5600004196167,10.5600004196167,10.199999809265137,10.4399995803833,6800
2019-04-17,10.5600004196167,10.5600004196167,10.319999694824219,10.319999694824219,6142
2019-04-18,9.960000038146973,10.5600004196167,9.960000038146973,10.319999694824219,9483
2019-04-22,10.319999694824219,10.319999694824219,9.600000381469727,10.199999809265137,9175
2019-04-23,10.5600004196167,11.399999618530273,10.199999809265137,11.15999984741211,35608
2019-04-24,11.520000457763672,12.600000381469727,11.15999984741211,11.760000228881836,58458
2019-04-25,12.0,12.0,11.15999984741211,11.399999618530273,16200
2019-04-26,11.760000228881836,12.239999771118164,11.399999618530273,12.0,19175
2019-04-29,12.119999885559082,12.479999542236328,12.0,12.479999542236328,14475
2019-04-30,12.479999542236328,12.479999542236328,11.520000457763672,11.760000228881836,12992
2019-05-01,12.0,12.119999885559082,11.520000457763672,11.760000228881836,8642
2019-05-02,12.359999656677246,12.359999656677246,11.15999984741211,11.760000228881836,11117
2019-05-03,12.0,12.0,11.15999984741211,11.640000343322754,8050
2019-05-06,11.520000457763672,11.880000114440918,11.279999732971191,11.279999732971191,5183
2019-05-07,11.520000457763672,11.640000343322754,10.4399995803833,10.4399995803833,12975
2019-05-08,10.5600004196167,11.279999732971191,10.5600004196167,10.920000076293945,10158
2019-05-09,10.920000076293945,11.279999732971191,10.800000190734863,10.800000190734863,7917
2019-05-10,10.800000190734863,10.800000190734863,9.600000381469727,9.960000038146973,30200
2019-05-13,9.84000015258789,10.920000076293945,9.84000015258789,10.5600004196167,9008
2019-05-14,10.5600004196167,11.039999961853027,10.5600004196167,10.800000190734863,6958
2019-05-15,10.920000076293945,12.359999656677246,10.800000190734863,11.279999732971191,62958
2019-05-16,11.039999961853027,12.359999656677246,11.039999961853027,11.760000228881836,30008
2019-05-17,12.119999885559082,12.119999885559082,11.279999732971191,11.640000343322754,10817
2019-05-20,11.880000114440918,12.0,11.399999618530273,11.640000343322754,8300
2019-05-21,12.0,12.0,11.399999618530273,11.640000343322754,9433
2019-05-22,11.640000343322754,12.239999771118164,11.640000343322754,12.119999885559082,16583
2019-05-23,12.119999885559082,13.4399995803833,12.119999885559082,13.4399995803833,98633
2019-05-24,10.800000190734863,10.800000190734863,9.479999542236328,9.84000015258789,127750
2019-05-28,9.479999542236328,10.199999809265137,9.479999542236328,10.199999809265137,26650
2019-05-29,9.960000038146973,9.960000038146973,9.479999542236328,9.720000267028809,34367
2019-05-30,10.800000190734863,10.800000190734863,9.119999885559082,9.359999656677246,176658
2019-05-31,9.119999885559082,9.239999771118164,8.15999984741211,9.0,39342
2019-06-03,8.880000114440918,9.119999885559082,8.399999618530273,8.880000114440918,16642
2019-06-04,9.119999885559082,9.720000267028809,8.399999618530273,9.119999885559082,11292
2019-06-05,9.119999885559082,9.119999885559082,8.399999618530273,8.520000457763672,14283
2019-06-06,8.399999618530273,8.640000343322754,8.039999961853027,8.039999961853027,17767
2019-06-07,8.039999961853027,8.399999618530273,8.039999961853027,8.399999618530273,4917
2019-06-10,8.399999618530273,9.0,8.399999618530273,8.520000457763672,9708
2019-06-11,8.760000228881836,9.0,8.15999984741211,8.399999618530273,5458
2019-06-12,8.399999618530273,9.359999656677246,8.279999732971191,8.279999732971191,123225
2019-06-13,8.520000457763672,8.640000343322754,8.15999984741211,8.279999732971191,23883
2019-06-14,8.279999732971191,8.520000457763672,8.039999961853027,8.279999732971191,5100
2019-06-17,8.399999618530273,8.399999618530273,8.039999961853027,8.279999732971191,7400
2019-06-18,8.15999984741211,8.520000457763672,7.920000076293945,8.399999618530273,10317
2019-06-19,8.279999732971191,8.880000114440918,8.279999732971191,8.279999732971191,12142
2019-06-20,8.640000343322754,8.640000343322754,8.279999732971191,8.279999732971191,9758
2019-06-21,8.520000457763672,8.640000343322754,7.800000190734863,7.800000190734863,5592
2019-06-24,8.15999984741211,8.279999732971191,7.920000076293945,7.920000076293945,5608
2019-06-25,8.039999961853027,8.039999961853027,7.679999828338623,7.679999828338623,12050
2019-06-26,8.15999984741211,8.279999732971191,7.679999828338623,8.039999961853027,5917
2019-06-27,8.15999984741211,8.279999732971191,7.679999828338623,7.800000190734863,10950
2019-06-28,8.279999732971191,8.279999732971191,7.920000076293945,7.920000076293945,4333
2019-07-01,8.399999618530273,8.399999618530273,7.440000057220459,7.559999942779541,20092
2019-07-02,8.15999984741211,8.15999984741211,7.440000057220459,7.559999942779541,13750
2019-07-03,7.800000190734863,8.039999961853027,7.800000190734863,7.920000076293945,5167
2019-07-05,8.039999961853027,8.15999984741211,7.800000190734863,8.039999961853027,4900
2019-07-08,7.559999942779541,8.15999984741211,7.559999942779541,7.800000190734863,6508
2019-07-09,8.15999984741211,8.279999732971191,7.679999828338623,7.679999828338623,3925
2019-07-10,7.800000190734863,8.279999732971191,7.800000190734863,8.039999961853027,6833
2019-07-11,8.399999618530273,8.760000228881836,7.920000076293945,8.15999984741211,28175
2019-07-12,7.920000076293945,8.399999618530273,7.679999828338623,7.679999828338623,6908
2019-07-15,8.039999961853027,8.399999618530273,7.800000190734863,8.039999961853027,3617
2019-07-16,8.039999961853027,8.279999732971191,7.800000190734863,7.920000076293945,13792
2019-07-17,8.039999961853027,8.279999732971191,7.920000076293945,8.039999961853027,3733
2019-07-18,8.039999961853027,8.399999618530273,7.920000076293945,8.039999961853027,19292
2019-07-19,8.15999984741211,8.399999618530273,8.039999961853027,8.039999961853027,19542
2019-07-22,8.279999732971191,8.399999618530273,8.039999961853027,8.039999961853027,9325
2019-07-23,8.039999961853027,8.399999618530273,7.920000076293945,7.920000076293945,30333
2019-07-24,7.920000076293945,8.039999961853027,7.800000190734863,7.800000190734863,9025
2019-07-25,7.920000076293945,7.920000076293945,7.679999828338623,7.800000190734863,3767
2019-07-26,7.920000076293945,8.279999732971191,7.800000190734863,8.039999961853027,43783
2019-07-29,8.15999984741211,8.15999984741211,7.679999828338623,7.920000076293945,8200
2019-07-30,7.920000076293945,8.15999984741211,7.920000076293945,8.15999984741211,8808
2019-07-31,8.15999984741211,8.399999618530273,7.920000076293945,8.039999961853027,22733
2019-08-01,8.15999984741211,8.640000343322754,8.15999984741211,8.15999984741211,5750
2019-08-02,8.15999984741211,8.640000343322754,8.15999984741211,8.399999618530273,9683
2019-08-05,8.640000343322754,8.640000343322754,8.399999618530273,8.399999618530273,5000
2019-08-06,8.399999618530273,8.520000457763672,8.279999732971191,8.279999732971191,8442
2019-08-07,8.520000457763672,8.640000343322754,8.399999618530273,8.399999618530273,7000
2019-08-08,8.640000343322754,8.640000343322754,8.279999732971191,8.279999732971191,8025
2019-08-09,8.399999618530273,8.399999618530273,8.15999984741211,8.279999732971191,7542
2019-08-12,8.399999618530273,8.399999618530273,8.039999961853027,8.039999961853027,9433
2019-08-13,8.15999984741211,8.520000457763672,8.15999984741211,8.279999732971191,1458
2019-08-14,8.399999618530273,8.520000457763672,7.199999809265137,7.320000171661377,15842
2019-08-15,7.440000057220459,7.920000076293945,7.440000057220459,7.800000190734863,9025
2019-08-16,7.920000076293945,7.920000076293945,7.440000057220459,7.440000057220459,3725
2019-08-19,7.800000190734863,7.920000076293945,7.440000057220459,7.800000190734863,1650
2019-08-20,7.800000190734863,7.800000190734863,7.440000057220459,7.679999828338623,6200
2019-08-21,7.800000190734863,8.15999984741211,7.559999942779541,8.039999961853027,7125
2019-08-22,7.800000190734863,8.399999618530273,7.679999828338623,8.15999984741211,7008
2019-08-23,8.279999732971191,8.279999732971191,7.559999942779541,7.800000190734863,6092
2019-08-26,8.15999984741211,8.15999984741211,7.440000057220459,8.039999961853027,13092
2019-08-27,8.15999984741211,8.15999984741211,7.199999809265137,7.679999828338623,7250
2019-08-28,8.039999961853027,8.039999961853027,7.320000171661377,7.800000190734863,6175
2019-08-29,7.679999828338623,7.800000190734863,7.559999942779541,7.679999828338623,1142
2019-08-30,7.800000190734863,8.399999618530273,7.800000190734863,8.279999732971191,10125
2019-09-03,8.279999732971191,8.520000457763672,8.279999732971191,8.399999618530273,12450
2019-09-04,8.520000457763672,8.520000457763672,8.399999618530273,8.399999618530273,4942
2019-09-05,8.399999618530273,8.399999618530273,7.800000190734863,8.399999618530273,4275
2019-09-06,8.399999618530273,9.0,8.399999618530273,8.760000228881836,14550
2019-09-09,9.0,9.479999542236328,8.760000228881836,9.119999885559082,29992
2019-09-10,9.479999542236328,9.600000381469727,8.640000343322754,8.640000343322754,8700
2019-09-11,8.880000114440918,9.0,8.640000343322754,9.0,8050
2019-09-12,9.0,9.0,8.640000343322754,8.760000228881836,4933
2019-09-13,8.880000114440918,8.880000114440918,7.920000076293945,8.279999732971191,11500
2019-09-16,8.15999984741211,8.399999618530273,8.039999961853027,8.399999618530273,6758
2019-09-17,8.640000343322754,8.640000343322754,8.039999961853027,8.279999732971191,3475
2019-09-18,8.640000343322754,8.640000343322754,8.039999961853027,8.279999732971191,6750
2019-09-19,8.640000343322754,8.640000343322754,8.15999984741211,8.399999618530273,5825
2019-09-20,8.640000343322754,8.640000343322754,8.15999984741211,8.15999984741211,8167
2019-09-23,8.399999618530273,9.359999656677246,8.279999732971191,8.640000343322754,35167
2019-09-24,9.0,9.239999771118164,8.399999618530273,8.880000114440918,26317
2019-09-25,9.0,9.239999771118164,8.520000457763672,8.760000228881836,7017
2019-09-26,9.0,9.119999885559082,8.520000457763672,8.760000228881836,5133
2019-09-27,8.640000343322754,9.359999656677246,8.520000457763672,8.880000114440918,11875
2019-09-30,9.479999542236328,9.600000381469727,8.640000343322754,8.640000343322754,9025
2019-10-01,9.119999885559082,9.119999885559082,8.520000457763672,8.880000114440918,5075
2019-10-02,9.0,9.0,8.399999618530273,8.399999618530273,8558
2019-10-03,8.640000343322754,9.0,7.800000190734863,8.279999732971191,5025
2019-10-04,8.399999618530273,9.359999656677246,7.920000076293945,8.880000114440918,10017
2019-10-07,8.520000457763672,8.520000457763672,6.71999979019165,7.559999942779541,49667
2019-10-08,7.800000190734863,7.920000076293945,7.199999809265137,7.440000057220459,17717
2019-10-09,7.800000190734863,7.800000190734863,7.440000057220459,7.440000057220459,9725
2019-10-10,7.559999942779541,7.559999942779541,7.199999809265137,7.199999809265137,11667
2019-10-11,7.320000171661377,7.679999828338623,7.199999809265137,7.320000171661377,23083
2019-10-14,7.679999828338623,7.679999828338623,7.199999809265137,7.320000171661377,6358
2019-10-15,7.800000190734863,7.800000190734863,7.199999809265137,7.440000057220459,14275
2019-10-16,7.440000057220459,7.800000190734863,7.199999809265137,7.800000190734863,19650
2019-10-17,7.800000190734863,7.920000076293945,7.440000057220459,7.440000057220459,6367
2019-10-18,7.559999942779541,7.679999828338623,6.599999904632568,6.840000152587891,61350
2019-10-21,7.440000057220459,7.440000057220459,4.869999885559082,5.0,106600
2019-10-22,5.010000228881836,5.840000152587891,4.610000133514404,4.820000171661377,145000
2019-10-23,4.670000076293945,5.099999904632568,4.199999809265137,4.53000020980835,115800
2019-10-24,4.539999961853027,5.599999904632568,4.53000020980835,5.28000020980835,149600
2019-10-25,5.28000020980835,5.53000020980835,5.0,5.519999980926514,32000
2019-10-28,5.570000171661377,6.050000190734863,5.570000171661377,6.050000190734863,41500
2019-10-29,6.059999942779541,6.5,6.039999961853027,6.449999809265137,44100
2019-10-30,6.489999771118164,6.769999980926514,5.550000190734863,5.860000133514404,53800
2019-10-31,6.010000228881836,6.260000228881836,6.0,6.130000114440918,19600
2019-11-01,6.119999885559082,6.28000020980835,6.0,6.230000019073486,14300
2019-11-04,6.25,6.5,6.150000095367432,6.429999828338623,9900
2019-11-05,6.400000095367432,6.420000076293945,6.159999847412109,6.420000076293945,19000
2019-11-06,6.440000057220459,6.440000057220459,5.610000133514404,5.75,53600
2019-11-07,5.730000019073486,5.809999942779541,5.099999904632568,5.150000095367432,48900
2019-11-08,5.079999923706055,5.190000057220459,4.769999980926514,5.090000152587891,30200
2019-11-11,5.0,5.090000152587891,4.800000190734863,5.090000152587891,20500
2019-11-12,5.070000171661377,5.090000152587891,4.760000228881836,4.820000171661377,9900
2019-11-13,4.820000171661377,5.0,4.730000019073486,4.869999885559082,9700
2019-11-14,4.789999961853027,4.980000019073486,4.710000038146973,4.75,14100
2019-11-15,4.71999979019165,4.75,4.599999904632568,4.699999809265137,30800
2019-11-18,4.690000057220459,4.840000152587891,4.610000133514404,4.840000152587891,10900
2019-11-19,4.829999923706055,4.929999828338623,4.820000171661377,4.860000133514404,9000
2019-11-20,4.650000095367432,4.730000019073486,4.159999847412109,4.210000038146973,61100
2019-11-21,4.110000133514404,4.369999885559082,4.090000152587891,4.260000228881836,20500
2019-11-22,4.389999866485596,4.389999866485596,4.300000190734863,4.360000133514404,8400
2019-11-25,4.349999904632568,4.349999904632568,4.0,4.070000171661377,41200
2019-11-26,4.110000133514404,4.179999828338623,3.6600000858306885,3.950000047683716,58600
2019-11-27,3.950000047683716,4.21999979019165,3.8399999141693115,3.869999885559082,16000
2019-11-29,4.0,4.139999866485596,3.8399999141693115,3.859999895095825,4500
2019-12-02,3.950000047683716,3.990000009536743,3.809999942779541,3.819999933242798,17900
2019-12-03,3.9000000953674316,3.950000047683716,3.4800000190734863,3.5399999618530273,65500
2019-12-04,3.569999933242798,3.75,3.4200000762939453,3.4200000762939453,12100
2019-12-05,3.4200000762939453,4.019999980926514,3.4200000762939453,4.0,71000
2019-12-06,4.019999980926514,4.25,3.7100000381469727,4.0,21300
2019-12-09,4.0,4.0,3.609999895095825,3.7899999618530273,28600
2019-12-10,3.6600000858306885,3.8299999237060547,3.619999885559082,3.7899999618530273,17200
2019-12-11,3.759999990463257,3.759999990463257,3.380000114440918,3.490000009536743,22100
2019-12-12,3.4600000381469727,3.9000000953674316,3.4600000381469727,3.9000000953674316,20000
2019-12-13,3.7699999809265137,3.9000000953674316,3.5199999809265137,3.8499999046325684,13000
2019-12-16,3.8499999046325684,4.070000171661377,3.8499999046325684,4.03000020980835,40000
2019-12-17,4.099999904632568,4.179999828338623,4.079999923706055,4.179999828338623,8900
2019-12-18,4.090000152587891,4.21999979019165,4.019999980926514,4.199999809265137,24800
2019-12-19,4.099999904632568,4.199999809265137,4.099999904632568,4.179999828338623,16600
2019-12-20,4.679999828338623,4.929999828338623,4.480000019073486,4.860000133514404,137500
2019-12-23,5.0,5.5,4.96999979019165,5.170000076293945,44400
2019-12-24,5.070000171661377,5.349999904632568,5.019999980926514,5.21999979019165,18900
2019-12-26,5.320000171661377,5.400000095367432,4.880000114440918,4.880000114440918,17500
2019-12-27,4.889999866485596,5.150000095367432,4.889999866485596,4.900000095367432,13600
2019-12-30,4.860000133514404,4.860000133514404,4.5,4.690000057220459,33400
2019-12-31,4.599999904632568,4.630000114440918,4.25,4.5,34100
2020-01-02,4.429999828338623,4.989999771118164,4.429999828338623,4.869999885559082,23900
2020-01-03,4.869999885559082,4.880000114440918,4.579999923706055,4.730000019073486,5100
2020-01-06,4.730000019073486,4.900000095367432,4.670000076293945,4.670000076293945,12600
2020-01-07,4.619999885559082,4.730000019073486,4.619999885559082,4.650000095367432,5500
2020-01-08,4.71999979019165,4.71999979019165,4.369999885559082,4.400000095367432,25100
2020-01-09,4.329999923706055,4.789999961853027,4.329999923706055,4.789999961853027,5800
2020-01-10,4.679999828338623,4.75,4.5,4.75,4300
2020-01-13,4.75,4.760000228881836,4.610000133514404,4.670000076293945,14000
2020-01-14,4.71999979019165,4.730000019073486,4.610000133514404,4.610000133514404,6600
2020-01-15,4.550000190734863,4.829999923706055,4.550000190734863,4.829999923706055,7500
2020-01-16,4.809999942779541,4.980000019073486,4.809999942779541,4.909999847412109,16400
2020-01-17,4.929999828338623,4.929999828338623,4.800000190734863,4.800000190734863,4500
2020-01-21,4.920000076293945,4.949999809265137,4.650000095367432,4.650000095367432,27600
2020-01-22,4.619999885559082,4.840000152587891,4.320000171661377,4.460000038146973,27500
2020-01-23,4.510000228881836,4.570000171661377,4.340000152587891,4.440000057220459,10400
2020-01-24,4.480000019073486,4.480000019073486,4.119999885559082,4.119999885559082,20400
2020-01-27,4.0,4.150000095367432,3.700000047683716,3.9100000858306885,18500
2020-01-28,4.059999942779541,4.429999828338623,3.9600000381469727,4.420000076293945,8700
2020-01-29,4.380000114440918,4.460000038146973,4.070000171661377,4.099999904632568,7800
2020-01-30,4.159999847412109,4.210000038146973,4.090000152587891,4.130000114440918,7500
2020-01-31,4.130000114440918,4.239999771118164,3.9000000953674316,4.179999828338623,18500
2020-02-03,4.25,4.25,3.7699999809265137,3.930000066757202,15700
2020-02-04,4.239999771118164,4.25,4.059999942779541,4.150000095367432,10400
2020-02-05,4.0,4.150000095367432,3.9000000953674316,4.150000095367432,6700
2020-02-06,4.150000095367432,4.349999904632568,4.010000228881836,4.010000228881836,15100
2020-02-07,3.9800000190734863,4.429999828338623,3.9800000190734863,4.239999771118164,7600
2020-02-10,4.199999809265137,4.199999809265137,3.950000047683716,3.950000047683716,20300
2020-02-11,3.9800000190734863,3.990000009536743,3.700000047683716,3.9000000953674316,43600
2020-02-12,3.880000114440918,4.139999866485596,3.8499999046325684,3.869999885559082,10200
2020-02-13,3.990000009536743,4.5,3.509999990463257,3.75,135200
2020-02-14,3.75,3.9200000762939453,3.569999933242798,3.619999885559082,24700
2020-02-18,3.5999999046325684,3.7200000286102295,3.5299999713897705,3.690000057220459,17700
2020-02-19,3.609999895095825,4.179999828338623,3.609999895095825,4.0,39800
2020-02-20,4.150000095367432,4.170000076293945,4.0,4.110000133514404,34500
2020-02-21,3.930000066757202,4.429999828338623,3.8299999237060547,4.119999885559082,25400
2020-02-24,4.059999942779541,4.150000095367432,4.050000190734863,4.070000171661377,29000
2020-02-25,4.070000171661377,4.199999809265137,4.050000190734863,4.070000171661377,33800
2020-02-26,4.079999923706055,4.099999904632568,3.9200000762939453,4.070000171661377,21800
2020-02-27,3.9200000762939453,4.070000171661377,3.5,3.549999952316284,50100
2020-02-28,3.5999999046325684,3.7200000286102295,3.5,3.5199999809265137,25300
2020-03-02,3.6700000762939453,3.890000104904175,3.5999999046325684,3.890000104904175,45700
2020-03-03,3.9200000762939453,3.9800000190734863,3.5399999618530273,3.880000114440918,21100
2020-03-04,3.8499999046325684,3.8499999046325684,3.5999999046325684,3.759999990463257,16300
2020-03-05,3.5999999046325684,3.75,3.549999952316284,3.549999952316284,12400
2020-03-06,3.5,3.5899999141693115,3.4000000953674316,3.4000000953674316,16900
2020-03-09,3.25,3.359999895095825,3.0,3.0999999046325684,13500
2020-03-10,3.140000104904175,3.1500000953674316,3.0,3.009999990463257,11800
2020-03-11,3.009999990463257,3.1700000762939453,3.0,3.0799999237060547,9800
2020-03-12,2.9700000286102295,3.0,2.5199999809265137,2.75,19000
2020-03-13,3.0199999809265137,3.190000057220459,2.569999933242798,3.0,18600
2020-03-16,2.809999942779541,3.009999990463257,2.799999952316284,2.799999952316284,4200
2020-03-17,2.690000057220459,2.869999885559082,2.619999885559082,2.819999933242798,12300
2020-03-18,2.559999942779541,2.9700000286102295,2.009999990463257,2.390000104904175,11600
2020-03-19,2.490000009536743,2.490000009536743,2.0199999809265137,2.130000114440918,16000
2020-03-20,2.369999885559082,2.369999885559082,2.0799999237060547,2.200000047683716,11300
2020-03-23,2.119999885559082,2.2799999713897705,2.0999999046325684,2.1600000858306885,9800
2020-03-24,2.369999885559082,2.369999885559082,1.940000057220459,2.069999933242798,29000
2020-03-25,2.140000104904175,2.1500000953674316,2.0899999141693115,2.109999895095825,6500
2020-03-26,2.0,2.109999895095825,2.0,2.069999933242798,7600
2020-03-27,1.9199999570846558,2.200000047683716,1.9199999570846558,2.1600000858306885,27000
2020-03-30,2.200000047683716,2.200000047683716,2.009999990463257,2.009999990463257,22500
2020-03-31,2.049999952316284,2.1500000953674316,1.9600000381469727,1.9700000286102295,12000
2020-04-01,1.9700000286102295,1.9700000286102295,1.9199999570846558,1.9299999475479126,7500
2020-04-02,1.9199999570846558,2.049999952316284,1.8300000429153442,1.8300000429153442,72200
2020-04-03,1.9600000381469727,2.049999952316284,1.8600000143051147,1.9600000381469727,75000
2020-04-06,1.9900000095367432,2.2200000286102295,1.8600000143051147,1.9199999570846558,41600
2020-04-07,2.0,2.0,1.7100000381469727,1.7899999618530273,36500
2020-04-08,1.8200000524520874,1.9500000476837158,1.7999999523162842,1.8700000047683716,26500
2020-04-09,2.0,2.049999952316284,1.7100000381469727,1.899999976158142,129100
2020-04-13,1.9600000381469727,2.009999990463257,1.840000033378601,2.009999990463257,19700
2020-04-14,2.0199999809265137,2.4800000190734863,2.0199999809265137,2.380000114440918,49300
2020-04-15,2.2899999618530273,2.380000114440918,2.0799999237060547,2.2200000286102295,13600
2020-04-16,2.1600000858306885,2.369999885559082,2.1600000858306885,2.200000047683716,11500
2020-04-17,2.1600000858306885,2.430000066757202,2.1600000858306885,2.2699999809265137,10200
2020-04-20,2.2100000381469727,2.2200000286102295,2.119999885559082,2.119999885559082,9600
2020-04-21,2.119999885559082,2.190000057220459,2.009999990463257,2.0799999237060547,7600
2020-04-22,2.1600000858306885,2.490000009536743,2.0,2.490000009536743,27900
2020-04-23,2.5999999046325684,3.5,2.5999999046325684,3.5,260100
2020-04-24,3.9600000381469727,4.179999828338623,3.5399999618530273,3.9800000190734863,220800
2020-04-27,4.050000190734863,4.46999979019165,4.050000190734863,4.090000152587891,129900
2020-04-28,4.25,4.25,3.3499999046325684,3.5799999237060547,92700
2020-04-29,3.509999990463257,3.740000009536743,3.119999885559082,3.2300000190734863,57300
2020-04-30,3.4000000953674316,3.569999933242798,3.259999990463257,3.369999885559082,22700
2020-05-01,3.5999999046325684,3.5999999046325684,3.299999952316284,3.4800000190734863,28500
2020-05-04,3.440000057220459,4.679999828338623,3.4200000762939453,4.5,179000
2020-05-05,4.449999809265137,6.199999809265137,4.199999809265137,6.199999809265137,472300
2020-05-06,6.199999809265137,7.440000057220459,6.039999961853027,6.349999904632568,320200
2020-05-07,6.349999904632568,7.019999980926514,6.0,7.019999980926514,125900
2020-05-08,7.199999809265137,8.4399995803833,7.179999828338623,8.149999618530273,214200
2020-05-11,8.239999771118164,8.550000190734863,6.5,7.309999942779541,312100
2020-05-12,7.309999942779541,7.710000038146973,7.170000076293945,7.429999828338623,56700
2020-05-13,7.5,7.539999961853027,5.75,6.25,183400
2020-05-14,6.28000020980835,6.53000020980835,5.769999980926514,6.230000019073486,74400
2020-05-15,6.010000228881836,6.78000020980835,6.0,6.619999885559082,47300
2020-05-18,7.0,7.150000095367432,6.130000114440918,6.269999980926514,58500
2020-05-19,6.110000133514404,6.400000095367432,6.099999904632568,6.110000133514404,42300
2020-05-20,6.360000133514404,6.619999885559082,6.039999961853027,6.210000038146973,81600
2020-05-21,6.349999904632568,6.900000095367432,6.099999904632568,6.110000133514404,38300
2020-05-22,6.150000095367432,6.159999847412109,5.900000095367432,5.949999809265137,50900
2020-05-26,6.25,6.460000038146973,5.949999809265137,5.949999809265137,38600
2020-05-27,5.989999771118164,6.110000133514404,5.590000152587891,5.639999866485596,86300
2020-05-28,5.75,5.809999942779541,5.639999866485596,5.639999866485596,53900
2020-05-29,5.78000020980835,5.78000020980835,5.170000076293945,5.309999942779541,87800
2020-06-01,5.369999885559082,5.519999980926514,5.239999771118164,5.400000095367432,80900
2020-06-02,5.610000133514404,5.710000038146973,5.289999961853027,5.340000152587891,37200
2020-06-03,5.28000020980835,5.300000190734863,4.75,4.900000095367432,115100
2020-06-04,5.050000190734863,5.179999828338623,4.909999847412109,5.090000152587891,75700
2020-06-05,5.210000038146973,5.380000114440918,5.130000114440918,5.130000114440918,54800
2020-06-08,5.380000114440918,5.380000114440918,4.960000038146973,5.079999923706055,73600
2020-06-09,5.119999885559082,5.360000133514404,5.119999885559082,5.340000152587891,80400
2020-06-10,5.409999847412109,5.46999979019165,5.210000038146973,5.429999828338623,64900
2020-06-11,5.289999961853027,5.349999904632568,4.989999771118164,5.059999942779541,53700
2020-06-12,4.989999771118164,5.269999980926514,4.869999885559082,5.03000020980835,60100
2020-06-15,5.090000152587891,5.099999904632568,4.869999885559082,5.0,35300
2020-06-16,5.059999942779541,5.059999942779541,4.960000038146973,5.0,35800
2020-06-17,5.050000190734863,5.150000095367432,4.96999979019165,5.03000020980835,82800
2020-06-18,4.980000019073486,5.139999866485596,4.849999904632568,4.929999828338623,32700
2020-06-19,4.940000057220459,5.070000171661377,4.889999866485596,4.949999809265137,38000
2020-06-22,4.909999847412109,4.940000057220459,4.849999904632568,4.889999866485596,18400
2020-06-23,4.889999866485596,5.03000020980835,4.880000114440918,5.0,20900
2020-06-24,4.880000114440918,5.019999980926514,4.809999942779541,5.019999980926514,32900
2020-06-25,4.949999809265137,5.130000114440918,4.849999904632568,5.010000228881836,50800
2020-06-26,5.03000020980835,5.110000133514404,4.909999847412109,4.940000057220459,8800
2020-06-29,4.909999847412109,4.929999828338623,4.579999923706055,4.579999923706055,27900
2020-06-30,4.75,4.75,4.440000057220459,4.489999771118164,28300
2020-07-01,4.489999771118164,5.789999961853027,4.21999979019165,4.25,147200
2020-07-02,4.239999771118164,4.369999885559082,4.0,4.090000152587891,75600
2020-07-06,4.090000152587891,4.309999942779541,4.039999961853027,4.199999809265137,25600
2020-07-07,4.269999980926514,4.269999980926514,3.9600000381469727,4.019999980926514,49700
2020-07-08,4.119999885559082,4.269999980926514,4.050000190734863,4.210000038146973,45600
2020-07-09,4.269999980926514,4.300000190734863,4.099999904632568,4.099999904632568,34100
2020-07-10,4.079999923706055,4.079999923706055,3.859999895095825,4.010000228881836,29100
2020-07-13,4.0,4.260000228881836,3.880000114440918,3.9700000286102295,41400
2020-07-14,3.9700000286102295,3.990000009536743,3.869999885559082,3.9700000286102295,25400
2020-07-15,3.9800000190734863,4.28000020980835,3.940000057220459,4.03000020980835,59700
2020-07-16,4.079999923706055,4.119999885559082,3.9000000953674316,3.930000066757202,21900
2020-07-17,3.950000047683716,4.269999980926514,3.950000047683716,4.150000095367432,58300
2020-07-20,4.25,4.489999771118164,4.210000038146973,4.460000038146973,87500
2020-07-21,4.550000190734863,4.860000133514404,4.480000019073486,4.71999979019165,61000
2020-07-22,4.75,5.489999771118164,4.630000114440918,5.46999979019165,67400
2020-07-23,5.550000190734863,7.570000171661377,5.46999979019165,7.130000114440918,286100
2020-07-24,6.010000228881836,6.869999885559082,5.599999904632568,5.860000133514404,152400
2020-07-27,6.309999942779541,6.400000095367432,5.78000020980835,5.809999942779541,87400
2020-07-28,5.809999942779541,6.0,5.340000152587891,5.739999771118164,96200
2020-07-29,5.739999771118164,6.0,5.300000190734863,6.0,52800
2020-07-30,6.03000020980835,6.03000020980835,5.739999771118164,5.840000152587891,15500
2020-07-31,6.03000020980835,6.619999885559082,5.829999923706055,6.429999828338623,72800
2020-08-03,6.400000095367432,7.079999923706055,6.28000020980835,6.71999979019165,79600
2020-08-04,6.889999866485596,7.25,6.659999847412109,6.900000095367432,83400
2020-08-05,7.150000095367432,7.25,6.260000228881836,6.309999942779541,98300
2020-08-06,6.400000095367432,7.070000171661377,6.159999847412109,7.0,89200
2020-08-07,7.119999885559082,7.260000228881836,6.710000038146973,6.840000152587891,89300
2020-08-10,6.769999980926514,7.150000095367432,6.670000076293945,7.150000095367432,42000
2020-08-11,7.099999904632568,7.099999904632568,6.070000171661377,6.139999866485596,68400
2020-08-12,6.309999942779541,6.360000133514404,5.619999885559082,5.670000076293945,69700
2020-08-13,5.650000095367432,5.869999885559082,5.289999961853027,5.46999979019165,67300
2020-08-14,5.579999923706055,5.739999771118164,5.150000095367432,5.260000228881836,42000
2020-08-17,5.309999942779541,5.309999942779541,5.090000152587891,5.139999866485596,48200
2020-08-18,5.090000152587891,5.230000019073486,4.730000019073486,4.75,90500
2020-08-19,4.96999979019165,5.300000190734863,4.789999961853027,5.300000190734863,51700
2020-08-20,5.630000114440918,5.650000095367432,5.150000095367432,5.340000152587891,99400
2020-08-21,5.300000190734863,5.860000133514404,5.300000190734863,5.579999923706055,47400
2020-08-24,5.619999885559082,5.699999809265137,4.75,4.829999923706055,154400
2020-08-25,4.840000152587891,5.239999771118164,4.829999923706055,5.090000152587891,50400
2020-08-26,5.0,5.159999847412109,4.599999904632568,4.940000057220459,84300
2020-08-27,4.949999809265137,5.090000152587891,4.809999942779541,5.079999923706055,32900
2020-08-28,5.079999923706055,5.139999866485596,4.71999979019165,4.71999979019165,38600
2020-08-31,4.730000019073486,4.949999809265137,4.420000076293945,4.449999809265137,81400
2020-09-01,4.440000057220459,4.510000228881836,4.190000057220459,4.28000020980835,38500
2020-09-02,4.28000020980835,4.329999923706055,3.990000009536743,4.010000228881836,84900
2020-09-03,4.039999961853027,4.170000076293945,3.5899999141693115,4.070000171661377,119300
2020-09-04,4.03000020980835,4.130000114440918,3.759999990463257,3.869999885559082,52200
2020-09-08,3.7899999618530273,4.110000133514404,3.7899999618530273,3.940000057220459,52500
2020-09-09,4.059999942779541,4.159999847412109,4.03000020980835,4.059999942779541,23300
2020-09-10,4.03000020980835,4.170000076293945,3.75,3.7799999713897705,38500
2020-09-11,3.759999990463257,3.759999990463257,3.5399999618530273,3.5799999237060547,40500
2020-09-14,3.640000104904175,3.890000104904175,3.619999885559082,3.619999885559082,49200
2020-09-15,3.7100000381469727,3.9100000858306885,3.5999999046325684,3.6700000762939453,48200
2020-09-16,3.680000066757202,3.940000057220459,3.680000066757202,3.799999952316284,31100
2020-09-17,3.859999895095825,3.859999895095825,3.640000104904175,3.640000104904175,46500
2020-09-18,3.7200000286102295,3.940000057220459,3.6500000953674316,3.7799999713897705,43800
2020-09-21,3.8499999046325684,3.8499999046325684,3.3499999046325684,3.440000057220459,69400
2020-09-22,3.700000047683716,3.75,3.5,3.5899999141693115,38600
2020-09-23,3.5199999809265137,3.690000057220459,3.2899999618530273,3.319999933242798,50200
2020-09-24,3.5299999713897705,3.609999895095825,3.259999990463257,3.4700000286102295,88000
2020-09-25,3.4800000190734863,4.980000019073486,3.4800000190734863,4.409999847412109,795500
2020-09-28,4.5,4.53000020980835,3.859999895095825,4.050000190734863,200600
2020-09-29,4.110000133514404,5.050000190734863,4.0,4.190000057220459,392000
2020-09-30,4.199999809265137,4.380000114440918,3.759999990463257,4.170000076293945,164200
2020-10-01,4.150000095367432,4.150000095367432,3.9000000953674316,4.010000228881836,44300
2020-10-02,3.9000000953674316,4.159999847412109,3.799999952316284,4.090000152587891,24300
2020-10-05,4.199999809265137,4.269999980926514,3.799999952316284,4.059999942779541,182900
2020-10-06,4.010000228881836,4.889999866485596,3.7100000381469727,3.809999942779541,3145500
2020-10-07,3.859999895095825,3.950000047683716,3.299999952316284,3.369999885559082,952700
2020-10-08,3.4200000762939453,3.4800000190734863,3.0999999046325684,3.200000047683716,773000
2020-10-09,3.1700000762939453,3.299999952316284,2.930000066757202,3.25,728200
2020-10-12,3.2899999618530273,3.440000057220459,3.200000047683716,3.2699999809265137,410500
2020-10-13,3.240000009536743,3.25,3.0,3.1600000858306885,362700
2020-10-14,3.240000009536743,3.240000009536743,2.950000047683716,3.069999933242798,278100
2020-10-15,2.9800000190734863,3.0299999713897705,2.8299999237060547,2.9200000762939453,230100
2020-10-16,2.9000000953674316,2.9700000286102295,2.8299999237060547,2.859999895095825,123100
2020-10-19,2.859999895095825,2.880000114440918,2.640000104904175,2.7200000286102295,171800
2020-10-20,2.7200000286102295,2.890000104904175,2.440000057220459,2.809999942779541,464300
2020-10-21,2.759999990463257,2.940000057220459,2.759999990463257,2.869999885559082,66200
2020-10-22,2.9100000858306885,2.9100000858306885,2.700000047683716,2.700000047683716,69400
2020-10-23,2.700000047683716,2.799999952316284,2.640000104904175,2.75,65800
2020-10-26,2.799999952316284,2.799999952316284,2.5399999618530273,2.609999895095825,113900
2020-10-27,2.619999885559082,2.740000009536743,2.569999933242798,2.690000057220459,65500
2020-10-28,2.6700000762939453,2.759999990463257,2.5899999141693115,2.6500000953674316,43400
2020-10-29,2.6700000762939453,2.869999885559082,2.6700000762939453,2.75,71900
2020-10-30,2.740000009536743,2.75,2.5199999809265137,2.559999942779541,67200
2020-11-02,2.5899999141693115,2.700000047683716,2.4700000286102295,2.5199999809265137,64800
2020-11-03,2.5299999713897705,2.819999933242798,2.5,2.700000047683716,84700
2020-11-04,2.759999990463257,2.819999933242798,2.5899999141693115,2.740000009536743,117500
2020-11-05,2.569999933242798,2.8399999141693115,2.569999933242798,2.7899999618530273,50800
2020-11-06,2.8299999237060547,2.8299999237060547,2.609999895095825,2.690000057220459,39300
2020-11-09,2.7100000381469727,2.819999933242798,2.6700000762939453,2.75,92000
2020-11-10,2.799999952316284,3.0299999713897705,2.7300000190734863,2.8299999237060547,468600
2020-11-11,2.819999933242798,2.8499999046325684,2.549999952316284,2.6600000858306885,253900
2020-11-12,2.619999885559082,2.740000009536743,2.569999933242798,2.630000114440918,216100
2020-11-13,2.6600000858306885,2.940000057220459,2.609999895095825,2.759999990463257,1486400
2020-11-16,2.759999990463257,2.990000009536743,2.700000047683716,2.8399999141693115,1157100
2020-11-17,2.9100000858306885,3.2300000190734863,2.7699999809265137,3.119999885559082,1722000
2020-11-18,3.1600000858306885,3.1600000858306885,2.7899999618530273,2.9600000381469727,836200
2020-11-19,2.950000047683716,3.1500000953674316,2.7799999713897705,3.109999895095825,619100
2020-11-20,3.059999942779541,3.069999933242798,2.859999895095825,3.009999990463257,342600
2020-11-23,3.049999952316284,3.569999933242798,2.9800000190734863,3.4200000762939453,1244900
2020-11-24,3.5899999141693115,3.6700000762939453,3.049999952316284,3.299999952316284,987700
2020-11-25,3.259999990463257,3.3299999237060547,3.0799999237060547,3.25,207200
2020-11-27,3.259999990463257,3.4700000286102295,3.180000066757202,3.359999895095825,255300
2020-11-30,3.4000000953674316,3.440000057220459,3.0,3.2300000190734863,305100
2020-12-01,3.25,3.3299999237060547,3.0399999618530273,3.1600000858306885,176600
2020-12-02,3.0999999046325684,3.4000000953674316,3.049999952316284,3.25,427500
2020-12-03,3.25,3.4800000190734863,3.240000009536743,3.440000057220459,259300
2020-12-04,3.4800000190734863,3.759999990463257,3.3299999237060547,3.7100000381469727,525900
2020-12-07,3.75,4.320000171661377,3.609999895095825,4.019999980926514,937500
2020-12-08,4.190000057220459,4.199999809265137,3.380000114440918,3.430000066757202,782400
2020-12-09,3.5,3.569999933242798,3.0999999046325684,3.200000047683716,584600
2020-12-10,3.2300000190734863,3.509999990463257,3.1500000953674316,3.3399999141693115,496200
2020-12-11,3.3299999237060547,3.930000066757202,3.259999990463257,3.75,730100
2020-12-14,3.799999952316284,3.9800000190734863,3.359999895095825,3.450000047683716,405700
2020-12-15,3.440000057220459,3.680000066757202,3.319999933242798,3.380000114440918,280400
2020-12-16,3.430000066757202,3.7200000286102295,3.4200000762939453,3.569999933242798,180100
2020-12-17,3.619999885559082,3.6600000858306885,3.4100000858306885,3.4800000190734863,183000
2020-12-18,3.5,3.559999942779541,3.2899999618530273,3.2899999618530273,220700
2020-12-21,3.2799999713897705,3.5199999809265137,3.1700000762939453,3.2799999713897705,300900
2020-12-22,3.3299999237060547,3.4200000762939453,3.0999999046325684,3.240000009536743,278600
2020-12-23,3.299999952316284,3.6500000953674316,3.2200000286102295,3.5199999809265137,370100
2020-12-24,3.869999885559082,4.03000020980835,3.5199999809265137,3.75,1923300
2020-12-28,3.890000104904175,3.930000066757202,3.5,3.6500000953674316,366400
2020-12-29,3.6500000953674316,4.599999904632568,3.509999990463257,4.559999942779541,1059600
2020-12-30,4.460000038146973,4.869999885559082,4.309999942779541,4.400000095367432,578700
2020-12-31,4.400000095367432,4.440000057220459,4.059999942779541,4.230000019073486,204600
2021-01-04,4.300000190734863,4.300000190734863,3.75,4.159999847412109,345900
2021-01-05,4.210000038146973,5.599999904632568,4.210000038146973,5.389999866485596,1052000
2021-01-06,5.440000057220459,5.489999771118164,4.539999961853027,4.889999866485596,547500
2021-01-07,4.940000057220459,5.809999942779541,4.880000114440918,5.809999942779541,399800
2021-01-08,5.940000057220459,6.050000190734863,5.329999923706055,5.909999847412109,428800
2021-01-11,5.860000133514404,5.900000095367432,5.460000038146973,5.559999942779541,298000
2021-01-12,5.610000133514404,5.940000057220459,5.510000228881836,5.849999904632568,240500
2021-01-13,5.929999828338623,6.150000095367432,5.699999809265137,6.059999942779541,212200
2021-01-14,6.079999923706055,7.079999923706055,5.869999885559082,6.039999961853027,895500
2021-01-15,6.050000190734863,6.050000190734863,5.300000190734863,5.380000114440918,378200
2021-01-19,5.460000038146973,5.920000076293945,5.400000095367432,5.849999904632568,427000
2021-01-20,5.800000190734863,5.809999942779541,5.329999923706055,5.559999942779541,451400
2021-01-21,5.5,5.949999809265137,5.429999828338623,5.809999942779541,104700
2021-01-22,5.639999866485596,6.980000019073486,5.559999942779541,6.840000152587891,1147300
2021-01-25,6.900000095367432,9.3100004196167,6.900000095367432,8.40999984741211,1475000
2021-01-26,8.300000190734863,8.789999961853027,6.699999809265137,6.809999942779541,836200
2021-01-27,7.110000133514404,7.150000095367432,6.170000076293945,6.260000228881836,556200
2021-01-28,5.989999771118164,6.860000133514404,5.880000114440918,6.420000076293945,460000
2021-01-29,6.480000019073486,6.849999904632568,6.179999828338623,6.349999904632568,204200
2021-02-01,6.599999904632568,7.130000114440918,6.130000114440918,7.079999923706055,373600
2021-02-02,7.199999809265137,7.199999809265137,6.489999771118164,6.730000019073486,251100
2021-02-03,6.800000190734863,7.46999979019165,6.75,7.230000019073486,228200
2021-02-04,7.159999847412109,7.639999866485596,7.099999904632568,7.599999904632568,221300
2021-02-05,7.510000228881836,7.820000171661377,7.099999904632568,7.269999980926514,786400
2021-02-08,7.550000190734863,8.289999961853027,7.420000076293945,8.199999809265137,319000
2021-02-09,8.449999809265137,9.149999618530273,8.25,9.0600004196167,511100
2021-02-10,9.5600004196167,10.380000114440918,8.710000038146973,9.140000343322754,488200
2021-02-11,9.279999732971191,10.100000381469727,9.100000381469727,9.930000305175781,543200
2021-02-12,10.050000190734863,10.140000343322754,8.880000114440918,9.029999732971191,260900
2021-02-16,9.1899995803833,10.729999542236328,9.029999732971191,9.720000267028809,628900
2021-02-17,9.890000343322754,9.979999542236328,8.59000015258789,9.069999694824219,419500
2021-02-18,8.699999809265137,9.039999961853027,8.300000190734863,8.380000114440918,362200
2021-02-19,8.270000457763672,8.739999771118164,7.550000190734863,7.579999923706055,459700
2021-02-22,7.929999828338623,8.949999809265137,7.659999847412109,8.609999656677246,298300
2021-02-23,8.34000015258789,8.390000343322754,7.300000190734863,7.369999885559082,295300
2021-02-24,7.550000190734863,8.489999771118164,7.550000190734863,8.350000381469727,209000
2021-02-25,8.25,8.25,7.400000095367432,7.400000095367432,221100
2021-02-26,7.449999809265137,7.829999923706055,6.440000057220459,6.489999771118164,326200
2021-03-01,7.139999866485596,7.210000038146973,6.369999885559082,6.510000228881836,246700
2021-03-02,6.510000228881836,7.0,6.199999809265137,6.489999771118164,178600
2021-03-03,6.510000228881836,6.980000019073486,6.329999923706055,6.5,156300
2021-03-04,6.480000019073486,6.510000228881836,5.340000152587891,5.610000133514404,241200
2021-03-05,5.78000020980835,6.090000152587891,5.130000114440918,5.949999809265137,257200
2021-03-08,6.079999923706055,6.539999961853027,5.739999771118164,6.190000057220459,170200
2021-03-09,6.800000190734863,6.929999828338623,6.409999847412109,6.730000019073486,154000
2021-03-10,6.849999904632568,7.099999904632568,6.690000057220459,6.849999904632568,117500
2021-03-11,7.0,7.409999847412109,6.860000133514404,7.389999866485596,101600
2021-03-12,7.269999980926514,7.420000076293945,7.0,7.349999904632568,68700
2021-03-15,7.360000133514404,7.940000057220459,7.349999904632568,7.869999885559082,71400
2021-03-16,7.820000171661377,8.199999809265137,7.619999885559082,8.09000015258789,165300
2021-03-17,8.010000228881836,8.010000228881836,7.28000020980835,7.869999885559082,117600
2021-03-18,7.809999942779541,7.880000114440918,7.03000020980835,7.139999866485596,126700
2021-03-19,7.079999923706055,7.840000152587891,7.010000228881836,7.739999771118164,118500
2021-03-22,7.849999904632568,8.75,6.949999809265137,6.980000019073486,512700
2021-03-23,6.949999809265137,7.019999980926514,6.5,6.570000171661377,96900
2021-03-24,6.75,6.940000057220459,6.03000020980835,6.03000020980835,131800
2021-03-25,5.900000095367432,9.369999885559082,5.75,7.010000228881836,3116500
2021-03-26,7.0,7.0,6.010000228881836,6.099999904632568,256500
2021-03-29,6.079999923706055,6.139999866485596,5.730000019073486,5.929999828338623,151500
2021-03-30,5.800000190734863,6.21999979019165,5.570000171661377,6.090000152587891,138400
2021-03-31,6.170000076293945,6.610000133514404,6.070000171661377,6.389999866485596,168500
2021-04-01,6.510000228881836,6.75,6.349999904632568,6.389999866485596,89100
2021-04-05,6.619999885559082,6.659999847412109,6.150000095367432,6.630000114440918,123500
2021-04-06,6.630000114440918,6.849999904632568,6.480000019073486,6.489999771118164,110900
2021-04-07,6.510000228881836,6.699999809265137,6.28000020980835,6.340000152587891,73600
2021-04-08,6.380000114440918,6.610000133514404,6.239999771118164,6.429999828338623,98100
2021-04-09,6.590000152587891,6.590000152587891,6.300000190734863,6.449999809265137,46200
2021-04-12,6.480000019073486,6.480000019073486,5.929999828338623,5.980000019073486,78700
2021-04-13,5.909999847412109,6.090000152587891,5.760000228881836,5.840000152587891,94500
2021-04-14,5.860000133514404,6.099999904632568,5.570000171661377,5.619999885559082,77700
2021-04-15,5.739999771118164,5.739999771118164,5.449999809265137,5.5,56500
2021-04-16,5.5,5.659999847412109,5.230000019073486,5.300000190734863,87700
2021-04-19,5.28000020980835,5.300000190734863,4.920000076293945,5.090000152587891,106800
2021-04-20,5.110000133514404,5.139999866485596,4.78000020980835,4.989999771118164,45100
2021-04-21,4.96999979019165,5.5,4.96999979019165,5.289999961853027,54300
2021-04-22,5.389999866485596,5.639999866485596,5.159999847412109,5.21999979019165,49900
2021-04-23,5.28000020980835,5.619999885559082,5.010000228881836,5.210000038146973,70000
2021-04-26,5.28000020980835,5.5,5.059999942779541,5.190000057220459,84600
2021-04-27,5.190000057220459,5.28000020980835,5.079999923706055,5.199999809265137,54000
2021-04-28,5.179999828338623,5.340000152587891,5.059999942779541,5.21999979019165,50500
2021-04-29,5.400000095367432,5.489999771118164,5.199999809265137,5.269999980926514,90800
2021-04-30,5.159999847412109,5.440000057220459,5.0,5.090000152587891,53600
2021-05-03,5.090000152587891,5.289999961853027,5.0,5.210000038146973,73500
2021-05-04,5.150000095367432,5.329999923706055,4.579999923706055,4.690000057220459,171900
2021-05-05,4.940000057220459,5.360000133514404,4.889999866485596,5.110000133514404,223700
2021-05-06,5.210000038146973,5.210000038146973,4.550000190734863,4.630000114440918,154100
2021-05-07,4.610000133514404,4.889999866485596,4.610000133514404,4.690000057220459,76400
2021-05-10,4.699999809265137,4.699999809265137,4.260000228881836,4.400000095367432,174100
2021-05-11,4.289999961853027,5.179999828338623,4.150000095367432,4.550000190734863,200400
2021-05-12,4.570000171661377,5.25,4.570000171661377,5.239999771118164,124000
2021-05-13,5.300000190734863,5.599999904632568,4.909999847412109,5.019999980926514,90300
2021-05-14,5.0,5.349999904632568,5.0,5.300000190734863,45200
2021-05-17,5.289999961853027,5.570000171661377,5.289999961853027,5.53000020980835,64500
2021-05-18,5.460000038146973,5.670000076293945,5.329999923706055,5.389999866485596,88500
2021-05-19,5.260000228881836,5.389999866485596,5.099999904632568,5.110000133514404,44100
2021-05-20,5.110000133514404,5.460000038146973,5.110000133514404,5.28000020980835,29700
2021-05-21,5.320000171661377,6.349999904632568,5.300000190734863,6.269999980926514,244100
2021-05-24,6.239999771118164,6.5,5.820000171661377,5.949999809265137,139000
2021-05-25,5.900000095367432,6.050000190734863,5.360000133514404,5.570000171661377,151000
2021-05-26,5.400000095367432,5.659999847412109,5.239999771118164,5.429999828338623,95100
2021-05-27,5.559999942779541,5.869999885559082,5.5,5.760000228881836,46600
2021-05-28,5.800000190734863,5.869999885559082,5.510000228881836,5.550000190734863,43600
2021-06-01,5.630000114440918,6.119999885559082,5.630000114440918,6.0,56900
2021-06-02,6.059999942779541,6.289999961853027,5.800000190734863,6.179999828338623,49000
2021-06-03,6.099999904632568,6.599999904632568,6.010000228881836,6.5,83700
2021-06-04,6.46999979019165,6.650000095367432,6.389999866485596,6.590000152587891,78600
2021-06-07,6.599999904632568,6.889999866485596,6.460000038146973,6.829999923706055,58400
2021-06-08,6.869999885559082,6.869999885559082,6.349999904632568,6.579999923706055,131600
2021-06-09,6.679999828338623,6.829999923706055,6.579999923706055,6.710000038146973,55400
2021-06-10,6.670000076293945,6.699999809265137,6.300000190734863,6.360000133514404,45500
2021-06-11,6.449999809265137,6.690000057220459,6.409999847412109,6.539999961853027,46900
2021-06-14,6.550000190734863,6.760000228881836,6.300000190734863,6.46999979019165,69700
2021-06-15,6.480000019073486,6.53000020980835,6.019999980926514,6.25,46700
2021-06-16,6.260000228881836,7.199999809265137,6.070000171661377,6.800000190734863,306700
2021-06-17,6.659999847412109,7.0,6.260000228881836,6.300000190734863,81600
2021-06-18,6.21999979019165,6.480000019073486,6.079999923706055,6.079999923706055,61000
2021-06-21,6.099999904632568,6.320000171661377,5.880000114440918,6.019999980926514,94800
2021-06-22,6.079999923706055,6.079999923706055,5.840000152587891,6.070000171661377,68800
2021-06-23,6.119999885559082,6.239999771118164,6.03000020980835,6.199999809265137,64400
2021-06-24,6.239999771118164,6.78000020980835,6.239999771118164,6.760000228881836,102100
2021-06-25,6.75,6.880000114440918,6.610000133514404,6.880000114440918,81000
2021-06-28,6.849999904632568,7.0,6.75,6.880000114440918,61900
2021-06-29,6.880000114440918,6.989999771118164,6.849999904632568,6.880000114440918,60800
2021-06-30,6.849999904632568,7.690000057220459,6.75,7.369999885559082,149500
2021-07-01,7.400000095367432,7.5,6.610000133514404,7.059999942779541,93900
2021-07-02,7.059999942779541,7.329999923706055,6.809999942779541,6.860000133514404,33400
2021-07-06,6.860000133514404,6.989999771118164,6.489999771118164,6.519999980926514,54500
2021-07-07,6.519999980926514,6.519999980926514,5.889999866485596,5.929999828338623,87500
2021-07-08,5.78000020980835,6.059999942779541,5.590000152587891,6.059999942779541,63700
2021-07-09,6.179999828338623,6.429999828338623,6.059999942779541,6.300000190734863,37300
2021-07-12,6.369999885559082,6.550000190734863,6.199999809265137,6.389999866485596,24300
2021-07-13,6.400000095367432,6.550000190734863,6.099999904632568,6.190000057220459,18600
2021-07-14,6.25,6.349999904632568,5.889999866485596,5.929999828338623,42100
2021-07-15,5.929999828338623,6.059999942779541,5.760000228881836,5.809999942779541,51500
2021-07-16,5.940000057220459,5.940000057220459,5.599999904632568,5.699999809265137,42900
2021-07-19,5.650000095367432,5.929999828338623,5.570000171661377,5.670000076293945,61200
2021-07-20,5.670000076293945,6.420000076293945,5.670000076293945,6.340000152587891,60800
2021-07-21,6.409999847412109,6.659999847412109,6.090000152587891,6.150000095367432,59800
2021-07-22,6.199999809265137,6.480000019073486,6.0,6.130000114440918,51400
2021-07-23,6.170000076293945,6.320000171661377,6.0,6.099999904632568,39500
2021-07-26,6.260000228881836,7.03000020980835,6.099999904632568,6.769999980926514,247800
2021-07-27,6.800000190734863,7.03000020980835,6.0,6.210000038146973,121800
2021-07-28,6.289999961853027,6.539999961853027,6.0,6.110000133514404,115500
2021-07-29,6.110000133514404,6.360000133514404,6.110000133514404,6.190000057220459,41200
2021-07-30,6.210000038146973,6.329999923706055,6.019999980926514,6.110000133514404,28900
2021-08-02,6.139999866485596,6.329999923706055,6.110000133514404,6.21999979019165,40600
2021-08-03,6.320000171661377,6.380000114440918,6.090000152587891,6.199999809265137,50500
2021-08-04,6.21999979019165,6.25,5.960000038146973,6.099999904632568,50100
2021-08-05,6.139999866485596,6.610000133514404,6.0,6.489999771118164,125200
2021-08-06,6.590000152587891,6.610000133514404,6.139999866485596,6.260000228881836,67000
2021-08-09,6.199999809265137,6.75,6.199999809265137,6.480000019073486,147200
2021-08-10,6.449999809265137,6.570000171661377,6.239999771118164,6.269999980926514,33900
2021-08-11,6.260000228881836,6.329999923706055,6.039999961853027,6.170000076293945,38500
2021-08-12,6.079999923706055,6.329999923706055,6.070000171661377,6.239999771118164,14200
2021-08-13,6.239999771118164,6.360000133514404,6.039999961853027,6.110000133514404,34400
2021-08-16,6.070000171661377,6.260000228881836,5.820000171661377,6.0,57500
2021-08-17,5.989999771118164,5.989999771118164,5.699999809265137,5.78000020980835,56500
2021-08-18,5.75,6.289999961853027,5.699999809265137,6.150000095367432,59400
2021-08-19,6.070000171661377,6.139999866485596,5.760000228881836,5.849999904632568,45300
2021-08-20,5.789999961853027,5.980000019073486,5.699999809265137,5.809999942779541,35000
2021-08-23,5.840000152587891,5.989999771118164,5.75,5.869999885559082,43700
2021-08-24,5.960000038146973,6.070000171661377,5.900000095367432,6.070000171661377,32700
2021-08-25,6.039999961853027,6.349999904632568,6.010000228881836,6.090000152587891,107600
2021-08-26,6.139999866485596,6.179999828338623,5.849999904632568,5.889999866485596,52900
2021-08-27,6.139999866485596,6.199999809265137,5.920000076293945,6.179999828338623,104900
2021-08-30,6.199999809265137,6.289999961853027,6.0,6.179999828338623,152400
2021-08-31,6.230000019073486,6.320000171661377,6.099999904632568,6.28000020980835,68100
2021-09-01,6.300000190734863,6.300000190734863,6.099999904632568,6.269999980926514,58500
2021-09-02,6.360000133514404,6.699999809265137,6.329999923706055,6.53000020980835,182400
2021-09-03,6.559999942779541,6.639999866485596,6.090000152587891,6.230000019073486,159600
2021-09-07,6.260000228881836,6.400000095367432,6.099999904632568,6.190000057220459,142200
2021-09-08,6.25,6.25,5.949999809265137,6.0,116400
2021-09-09,6.0,6.150000095367432,5.809999942779541,5.860000133514404,73700
2021-09-10,5.96999979019165,6.119999885559082,5.75,6.050000190734863,147100
2021-09-13,6.150000095367432,6.150000095367432,5.78000020980835,5.829999923706055,255900
2021-09-14,5.900000095367432,5.900000095367432,5.050000190734863,5.079999923706055,305100
2021-09-15,5.159999847412109,5.340000152587891,5.119999885559082,5.210000038146973,196900
2021-09-16,5.300000190734863,5.300000190734863,5.03000020980835,5.070000171661377,227600
2021-09-17,5.059999942779541,5.230000019073486,4.710000038146973,5.010000228881836,173000
2021-09-20,4.900000095367432,4.940000057220459,4.650000095367432,4.710000038146973,137500
2021-09-21,4.760000228881836,5.039999961853027,4.71999979019165,4.960000038146973,56400
2021-09-22,5.0,5.199999809265137,4.949999809265137,5.150000095367432,73900
2021-09-23,5.230000019073486,5.289999961853027,4.96999979019165,5.159999847412109,75300
2021-09-24,5.230000019073486,5.349999904632568,4.809999942779541,4.920000076293945,100900
2021-09-27,5.070000171661377,5.289999961853027,4.920000076293945,5.260000228881836,134700
2021-09-28,5.269999980926514,5.269999980926514,4.900000095367432,4.929999828338623,68200
2021-09-29,4.989999771118164,5.099999904632568,4.809999942779541,4.860000133514404,78800
2021-09-30,4.900000095367432,5.130000114440918,4.71999979019165,4.869999885559082,63300
2021-10-01,4.900000095367432,4.909999847412109,4.480000019073486,4.610000133514404,119200
2021-10-04,4.650000095367432,4.989999771118164,4.619999885559082,4.840000152587891,70800
2021-10-05,4.900000095367432,4.989999771118164,4.639999866485596,4.849999904632568,113400
2021-10-06,4.760000228881836,4.849999904632568,4.5,4.679999828338623,92300
2021-10-07,4.690000057220459,4.75,4.579999923706055,4.659999847412109,57000
2021-10-08,4.710000038146973,4.75,4.610000133514404,4.710000038146973,40200
2021-10-11,4.769999980926514,4.900000095367432,4.699999809265137,4.849999904632568,56600
2021-10-12,4.849999904632568,5.489999771118164,4.78000020980835,5.489999771118164,148000
2021-10-13,5.510000228881836,6.449999809265137,5.380000114440918,6.420000076293945,362400
2021-10-14,6.46999979019165,6.46999979019165,5.869999885559082,6.019999980926514,190200
2021-10-15,6.059999942779541,6.320000171661377,5.989999771118164,6.28000020980835,120700
2021-10-18,6.309999942779541,7.710000038146973,6.239999771118164,7.230000019073486,480300
2021-10-19,7.289999961853027,8.0,7.289999961853027,8.0,293700
2021-10-20,8.0,8.430000305175781,7.21999979019165,7.449999809265137,303200
2021-10-21,7.360000133514404,8.109999656677246,7.360000133514404,8.09000015258789,170200
2021-10-22,7.480000019073486,8.289999961853027,7.110000133514404,7.420000076293945,250000
2021-10-25,7.25,7.889999866485596,7.25,7.690000057220459,92400
2021-10-26,7.78000020980835,8.050000190734863,7.309999942779541,7.489999771118164,217300
2021-10-27,7.360000133514404,8.170000076293945,7.309999942779541,7.980000019073486,166700
2021-10-28,7.989999771118164,9.979999542236328,7.909999847412109,9.930000305175781,412700
2021-10-29,9.260000228881836,9.979999542236328,8.5,9.569999694824219,326400
2021-11-01,9.800000190734863,11.649999618530273,9.649999618530273,11.649999618530273,438200
2021-11-02,11.800000190734863,11.880000114440918,9.75,10.579999923706055,412600
2021-11-03,10.369999885559082,11.260000228881836,10.180000305175781,10.75,286300
2021-11-04,10.920000076293945,11.0,10.210000038146973,10.720000267028809,148300
2021-11-05,10.75,10.899999618530273,10.149999618530273,10.210000038146973,155800
2021-11-08,10.819999694824219,12.899999618530273,10.329999923706055,12.739999771118164,647000
2021-11-09,12.600000381469727,14.600000381469727,11.649999618530273,14.1899995803833,466600
2021-11-10,14.300000190734863,14.34000015258789,12.640000343322754,13.1899995803833,337800
2021-11-11,13.470000267028809,14.369999885559082,13.199999809265137,13.699999809265137,192000
2021-11-12,14.069999694824219,14.279999732971191,13.199999809265137,13.899999618530273,176900
2021-11-15,14.0,14.199999809265137,12.40999984741211,12.600000381469727,304600
2021-11-16,12.710000038146973,12.8100004196167,10.210000038146973,11.0,483500
2021-11-17,11.0,12.300000190734863,10.699999809265137,11.520000457763672,253100
2021-11-18,11.670000076293945,12.369999885559082,10.5,10.6899995803833,236400
2021-11-19,10.5,10.65999984741211,9.609999656677246,10.229999542236328,306400
2021-11-22,10.220000267028809,10.329999923706055,8.720000267028809,9.15999984741211,331400
2021-11-23,9.210000038146973,10.199999809265137,9.210000038146973,10.020000457763672,223400
2021-11-24,9.880000114440918,10.210000038146973,9.529999732971191,10.100000381469727,117000
2021-11-26,9.720000267028809,9.800000190734863,9.09000015258789,9.479999542236328,87500
2021-11-29,9.8100004196167,9.899999618530273,9.300000190734863,9.770000457763672,219800
2021-11-30,9.770000457763672,10.0,8.75,9.119999885559082,176600
2021-12-01,9.1899995803833,9.199999809265137,8.260000228881836,8.279999732971191,153200
2021-12-02,8.270000457763672,8.9399995803833,8.199999809265137,8.319999694824219,100400
2021-12-03,8.34000015258789,8.539999961853027,7.340000152587891,7.570000171661377,240800
2021-12-06,7.659999847412109,8.520000457763672,7.099999904632568,7.940000057220459,500200
2021-12-07,8.289999961853027,8.75,7.900000095367432,8.369999885559082,273500
2021-12-08,8.59000015258789,8.859999656677246,8.1899995803833,8.59000015258789,164400
2021-12-09,8.649999618530273,8.989999771118164,8.210000038146973,8.350000381469727,87100
2021-12-10,8.569999694824219,8.609999656677246,7.349999904632568,7.380000114440918,173000
2021-12-13,7.320000171661377,7.550000190734863,6.710000038146973,6.849999904632568,215000
2021-12-14,6.789999961853027,6.980000019073486,6.400000095367432,6.400000095367432,131700
2021-12-15,6.400000095367432,6.849999904632568,6.050000190734863,6.739999771118164,250200
2021-12-16,7.010000228881836,7.170000076293945,6.5,6.800000190734863,141300
2021-12-17,6.739999771118164,6.920000076293945,6.230000019073486,6.869999885559082,124500
2021-12-20,7.010000228881836,7.429999828338623,6.860000133514404,7.429999828338623,240800
2021-12-21,7.539999961853027,7.849999904632568,7.159999847412109,7.389999866485596,158400
2021-12-22,7.389999866485596,7.829999923706055,7.190000057220459,7.690000057220459,98500
2021-12-23,7.690000057220459,8.010000228881836,7.559999942779541,8.010000228881836,74800
2021-12-27,8.0,8.069999694824219,7.349999904632568,7.369999885559082,145000
2021-12-28,7.28000020980835,7.28000020980835,6.610000133514404,6.889999866485596,174900
2021-12-29,6.96999979019165,7.320000171661377,6.940000057220459,7.119999885559082,127500
2021-12-30,7.210000038146973,7.480000019073486,7.0,7.110000133514404,106100
2021-12-31,7.110000133514404,7.300000190734863,6.599999904632568,6.630000114440918,172300
2022-01-03,6.860000133514404,7.789999961853027,6.809999942779541,7.489999771118164,219400
2022-01-04,7.650000095367432,7.739999771118164,7.300000190734863,7.409999847412109,153100
2022-01-05,7.559999942779541,8.319999694824219,7.210000038146973,7.329999923706055,299200
2022-01-06,7.320000171661377,7.940000057220459,6.860000133514404,7.340000152587891,257100
2022-01-07,7.28000020980835,7.5,7.0,7.260000228881836,184400
2022-01-10,7.25,7.289999961853027,6.75,7.170000076293945,248900
2022-01-11,7.150000095367432,7.420000076293945,6.829999923706055,7.050000190734863,113500
2022-01-12,7.050000190734863,7.570000171661377,6.929999828338623,7.389999866485596,218300
2022-01-13,7.320000171661377,7.360000133514404,6.75,6.869999885559082,158000
2022-01-14,6.860000133514404,6.940000057220459,6.199999809265137,6.440000057220459,294500
2022-01-18,6.389999866485596,6.579999923706055,5.929999828338623,6.010000228881836,236600
2022-01-19,6.190000057220459,6.340000152587891,5.840000152587891,6.0,122000
2022-01-20,5.940000057220459,6.25,5.800000190734863,5.820000171661377,140900
2022-01-21,5.800000190734863,5.829999923706055,5.360000133514404,5.670000076293945,151500
2022-01-24,5.28000020980835,6.150000095367432,5.099999904632568,6.130000114440918,256700
2022-01-25,6.199999809265137,6.309999942779541,5.849999904632568,6.070000171661377,109500
2022-01-26,6.269999980926514,6.400000095367432,5.650000095367432,5.730000019073486,161100
2022-01-27,5.900000095367432,6.289999961853027,5.039999961853027,5.170000076293945,268400
2022-01-28,5.130000114440918,5.449999809265137,4.900000095367432,5.329999923706055,146600
2022-01-31,5.409999847412109,6.110000133514404,5.360000133514404,6.110000133514404,200100
2022-02-01,6.170000076293945,6.579999923706055,6.019999980926514,6.349999904632568,150900
2022-02-02,6.400000095367432,6.5,5.800000190734863,5.929999828338623,142600
2022-02-03,5.690000057220459,5.800000190734863,5.400000095367432,5.519999980926514,108300
2022-02-04,5.5,5.789999961853027,5.429999828338623,5.679999828338623,88900
2022-02-07,5.699999809265137,6.21999979019165,5.699999809265137,6.039999961853027,94800
2022-02-08,5.96999979019165,6.170000076293945,5.889999866485596,6.119999885559082,51800
2022-02-09,6.28000020980835,6.75,6.260000228881836,6.75,135700
2022-02-10,6.800000190734863,7.480000019073486,6.53000020980835,6.650000095367432,264000
2022-02-11,6.639999866485596,6.989999771118164,6.289999961853027,6.599999904632568,108400
2022-02-14,6.550000190734863,6.650000095367432,6.300000190734863,6.46999979019165,103000
2022-02-15,6.590000152587891,7.079999923706055,6.550000190734863,6.980000019073486,91300
2022-02-16,7.0,7.25,6.659999847412109,7.010000228881836,121700
2022-02-17,6.849999904632568,7.159999847412109,6.429999828338623,6.559999942779541,112300
2022-02-18,6.449999809265137,6.639999866485596,6.210000038146973,6.329999923706055,103000
2022-02-22,6.199999809265137,6.5,5.900000095367432,6.019999980926514,86900
2022-02-23,6.139999866485596,6.309999942779541,5.980000019073486,6.059999942779541,49100
2022-02-24,5.710000038146973,6.960000038146973,5.590000152587891,6.75,126400
2022-02-25,6.519999980926514,6.949999809265137,6.260000228881836,6.690000057220459,131100
2022-02-28,6.659999847412109,8.3100004196167,6.590000152587891,8.25,341700
2022-03-01,8.3100004196167,8.579999923706055,7.599999904632568,8.270000457763672,277600
2022-03-02,8.300000190734863,8.899999618530273,7.960000038146973,8.630000114440918,156100
2022-03-03,8.699999809265137,9.649999618530273,8.699999809265137,9.25,250100
2022-03-04,9.09000015258789,9.239999771118164,8.199999809265137,8.770000457763672,228500
2022-03-07,8.9399995803833,9.680000305175781,8.859999656677246,8.979999542236328,277600
2022-03-08,9.350000381469727,10.5,9.09000015258789,9.609999656677246,341600
2022-03-09,10.15999984741211,12.5600004196167,9.59000015258789,12.489999771118164,2751800
2022-03-10,10.630000114440918,11.739999771118164,10.5,10.75,874500
2022-03-11,10.930000305175781,10.930000305175781,9.720000267028809,10.539999961853027,502500
2022-03-14,10.40999984741211,10.430000305175781,8.899999618530273,9.029999732971191,319100
2022-03-15,8.520000457763672,8.989999771118164,8.079999923706055,8.960000038146973,270500
2022-03-16,9.069999694824219,9.550000190734863,8.270000457763672,8.640000343322754,216100
2022-03-17,8.579999923706055,9.850000381469727,8.579999923706055,9.40999984741211,397900
2022-03-18,9.479999542236328,9.84000015258789,9.109999656677246,9.350000381469727,136600
2022-03-21,9.329999923706055,10.3100004196167,9.149999618530273,9.779999732971191,321300
2022-03-22,9.75,9.760000228881836,9.180000305175781,9.670000076293945,187900
2022-03-23,9.600000381469727,10.5,9.390000343322754,9.680000305175781,314400
2022-03-24,9.850000381469727,10.09000015258789,9.25,9.470000267028809,168800
2022-03-25,9.729999542236328,9.739999771118164,8.960000038146973,9.1899995803833,119200
2022-03-28,9.1899995803833,9.260000228881836,8.449999809265137,8.819999694824219,210600
2022-03-29,8.779999732971191,9.279999732971191,8.430000305175781,8.880000114440918,168100
2022-03-30,8.9399995803833,9.5,8.710000038146973,8.710000038146973,167300
2022-03-31,8.739999771118164,8.90999984741211,8.319999694824219,8.350000381469727,121400
2022-04-01,8.300000190734863,9.100000381469727,8.300000190734863,8.579999923706055,138000
2022-04-04,8.710000038146973,9.199999809265137,8.609999656677246,8.619999885559082,101900
2022-04-05,8.770000457763672,9.09000015258789,8.270000457763672,8.350000381469727,127100
2022-04-06,8.270000457763672,8.350000381469727,7.650000095367432,8.279999732971191,176400
2022-04-07,8.300000190734863,8.859999656677246,7.820000171661377,8.520000457763672,270000
2022-04-08,8.529999732971191,8.800000190734863,8.15999984741211,8.220000267028809,96300
2022-04-11,8.1899995803833,8.25,7.789999961853027,7.909999847412109,130700
2022-04-12,8.15999984741211,8.369999885559082,7.690000057220459,7.809999942779541,181000
2022-04-13,7.840000152587891,8.800000190734863,7.840000152587891,8.670000076293945,213200
2022-04-14,8.609999656677246,8.75,8.25,8.359999656677246,78900
2022-04-18,8.329999923706055,8.430000305175781,7.78000020980835,7.889999866485596,149100
2022-04-19,7.880000114440918,7.900000095367432,7.329999923706055,7.400000095367432,164500
2022-04-20,7.550000190734863,8.199999809265137,7.489999771118164,8.09000015258789,107200
2022-04-21,8.170000076293945,8.25,7.090000152587891,7.260000228881836,175200
2022-04-22,7.25,7.590000152587891,6.949999809265137,7.090000152587891,87300
2022-04-25,6.829999923706055,7.039999961853027,6.510000228881836,6.960000038146973,159700
2022-04-26,6.960000038146973,7.059999942779541,6.599999904632568,6.730000019073486,127300
2022-04-27,6.679999828338623,6.960000038146973,6.599999904632568,6.769999980926514,76900
2022-04-28,6.900000095367432,6.900000095367432,6.329999923706055,6.630000114440918,153900
2022-04-29,6.510000228881836,7.289999961853027,6.510000228881836,6.989999771118164,140900
2022-05-02,6.949999809265137,7.289999961853027,6.650000095367432,7.21999979019165,116200
2022-05-03,7.139999866485596,7.889999866485596,7.139999866485596,7.71999979019165,118500
2022-05-04,7.769999980926514,8.09000015258789,7.119999885559082,8.020000457763672,122000
2022-05-05,7.980000019073486,8.100000381469727,7.21999979019165,7.599999904632568,142900
2022-05-06,7.699999809265137,7.75,6.909999847412109,7.059999942779541,82900
2022-05-09,6.800000190734863,6.800000190734863,6.050000190734863,6.210000038146973,188900
2022-05-10,6.110000133514404,6.380000114440918,6.050000190734863,6.25,105900
2022-05-11,6.269999980926514,6.579999923706055,5.820000171661377,5.989999771118164,155800
2022-05-12,5.690000057220459,5.880000114440918,4.619999885559082,4.880000114440918,355300
2022-05-13,5.150000095367432,5.800000190734863,5.090000152587891,5.670000076293945,159000
2022-05-16,5.670000076293945,5.940000057220459,5.510000228881836,5.880000114440918,85200
2022-05-17,6.019999980926514,6.800000190734863,5.909999847412109,6.650000095367432,219900
2022-05-18,6.590000152587891,6.599999904632568,5.800000190734863,5.900000095367432,74400
2022-05-19,5.96999979019165,6.380000114440918,5.800000190734863,5.900000095367432,74600
2022-05-20,5.96999979019165,6.110000133514404,5.369999885559082,5.71999979019165,109800
2022-05-23,5.900000095367432,5.900000095367432,5.460000038146973,5.71999979019165,87900
2022-05-24,5.630000114440918,5.710000038146973,5.21999979019165,5.389999866485596,99200
2022-05-25,5.409999847412109,5.75,5.289999961853027,5.650000095367432,63600
2022-05-26,5.619999885559082,5.96999979019165,5.599999904632568,5.820000171661377,95900
2022-05-27,5.860000133514404,6.019999980926514,5.5,5.820000171661377,118800
2022-05-31,5.949999809265137,6.059999942779541,5.389999866485596,5.519999980926514,69100
2022-06-01,5.539999961853027,5.539999961853027,5.079999923706055,5.25,86600
2022-06-02,5.28000020980835,5.670000076293945,5.269999980926514,5.630000114440918,87300
2022-06-03,5.630000114440918,5.679999828338623,5.139999866485596,5.440000057220459,125100
2022-06-06,5.639999866485596,5.690000057220459,5.440000057220459,5.480000019073486,70400
2022-06-07,5.480000019073486,5.829999923706055,5.320000171661377,5.739999771118164,265600
2022-06-08,5.849999904632568,6.090000152587891,5.699999809265137,5.820000171661377,206800
2022-06-09,5.829999923706055,5.989999771118164,5.5,5.900000095367432,159900
2022-06-10,5.71999979019165,5.760000228881836,5.039999961853027,5.199999809265137,212800
2022-06-13,5.110000133514404,5.110000133514404,4.510000228881836,4.670000076293945,164200
2022-06-14,4.760000228881836,4.760000228881836,4.380000114440918,4.650000095367432,144300
2022-06-15,4.679999828338623,4.840000152587891,4.5,4.829999923706055,128500
2022-06-16,4.71999979019165,4.760000228881836,4.320000171661377,4.760000228881836,123700
2022-06-17,4.889999866485596,5.039999961853027,4.760000228881836,4.909999847412109,100000
2022-06-21,5.0,5.239999771118164,4.809999942779541,4.860000133514404,145600
2022-06-22,4.71999979019165,4.900000095367432,4.650000095367432,4.710000038146973,114500
2022-06-23,4.710000038146973,4.789999961853027,4.5,4.690000057220459,38000
2022-06-24,4.809999942779541,5.010000228881836,4.699999809265137,4.840000152587891,123300
2022-06-27,4.929999828338623,5.059999942779541,4.630000114440918,5.039999961853027,61400
2022-06-28,5.010000228881836,5.289999961853027,5.010000228881836,5.059999942779541,104800
2022-06-29,5.050000190734863,5.170000076293945,4.570000171661377,4.610000133514404,79800
2022-06-30,4.590000152587891,4.75,4.360000133514404,4.659999847412109,84700
2022-07-01,4.650000095367432,4.789999961853027,4.53000020980835,4.699999809265137,40300
2022-07-05,4.659999847412109,4.789999961853027,4.409999847412109,4.679999828338623,51000
2022-07-06,4.599999904632568,4.820000171661377,4.510000228881836,4.639999866485596,58400
2022-07-07,4.710000038146973,5.0,4.639999866485596,5.0,93900
2022-07-08,5.0,5.460000038146973,4.829999923706055,5.130000114440918,103700
2022-07-11,5.130000114440918,5.130000114440918,4.849999904632568,4.980000019073486,53200
2022-07-12,4.909999847412109,4.96999979019165,4.699999809265137,4.860000133514404,43800
2022-07-13,4.75,5.230000019073486,4.699999809265137,5.099999904632568,62700
2022-07-14,4.980000019073486,5.0,4.769999980926514,4.929999828338623,41300
2022-07-15,4.980000019073486,5.21999979019165,4.809999942779541,5.179999828338623,69800
2022-07-18,5.25,5.440000057220459,5.210000038146973,5.289999961853027,83700
2022-07-19,5.389999866485596,5.599999904632568,5.289999961853027,5.519999980926514,39800
2022-07-20,5.599999904632568,6.510000228881836,5.599999904632568,6.320000171661377,213700
2022-07-21,6.389999866485596,6.489999771118164,6.039999961853027,6.239999771118164,77600
2022-07-22,6.369999885559082,6.369999885559082,5.539999961853027,5.760000228881836,84100
2022-07-25,5.849999904632568,6.0,5.75,5.789999961853027,55900
2022-07-26,5.670000076293945,5.96999979019165,5.269999980926514,5.710000038146973,44800
2022-07-27,5.679999828338623,6.010000228881836,5.679999828338623,5.929999828338623,43900
2022-07-28,6.25,6.71999979019165,6.059999942779541,6.510000228881836,145700
2022-07-29,6.460000038146973,7.179999828338623,6.360000133514404,7.070000171661377,165300
2022-08-01,7.0,7.050000190734863,6.630000114440918,6.829999923706055,59600
2022-08-02,6.71999979019165,7.130000114440918,6.710000038146973,6.949999809265137,80000
2022-08-03,6.920000076293945,7.099999904632568,6.71999979019165,6.789999961853027,46900
2022-08-04,6.800000190734863,7.0,6.440000057220459,6.659999847412109,92700
2022-08-05,6.5,6.860000133514404,6.400000095367432,6.650000095367432,48000
2022-08-08,6.650000095367432,7.170000076293945,6.610000133514404,6.900000095367432,129700
2022-08-09,6.869999885559082,7.039999961853027,6.400000095367432,6.579999923706055,91300
2022-08-10,6.739999771118164,7.039999961853027,6.639999866485596,6.820000171661377,111500
2022-08-11,7.0,7.179999828338623,6.869999885559082,7.019999980926514,83600
2022-08-12,7.0,7.25,6.860000133514404,7.179999828338623,63200
2022-08-15,7.0,7.199999809265137,6.78000020980835,7.03000020980835,78100
2022-08-16,7.010000228881836,7.010000228881836,6.510000228881836,6.650000095367432,95000
2022-08-17,6.579999923706055,6.590000152587891,6.0,6.050000190734863,122000
2022-08-18,6.010000228881836,6.260000228881836,5.940000057220459,6.090000152587891,53800
2022-08-19,5.940000057220459,6.010000228881836,5.679999828338623,5.75,85400
2022-08-22,5.679999828338623,5.889999866485596,5.559999942779541,5.75,63200
2022-08-23,5.769999980926514,6.239999771118164,5.650000095367432,6.070000171661377,88400
2022-08-24,6.03000020980835,6.440000057220459,6.03000020980835,6.289999961853027,165700
2022-08-25,6.440000057220459,6.46999979019165,6.019999980926514,6.070000171661377,65700
2022-08-26,6.0,6.130000114440918,5.769999980926514,5.820000171661377,77200
2022-08-29,5.75,6.53000020980835,5.699999809265137,6.130000114440918,690600
2022-08-30,6.010000228881836,6.210000038146973,5.610000133514404,5.829999923706055,168300
2022-08-31,5.789999961853027,6.119999885559082,5.730000019073486,5.929999828338623,70400
2022-09-01,5.940000057220459,5.940000057220459,5.320000171661377,5.460000038146973,124300
2022-09-02,5.619999885559082,5.690000057220459,5.5,5.510000228881836,57400
2022-09-06,5.53000020980835,5.96999979019165,5.400000095367432,5.570000171661377,88300
2022-09-07,5.5,5.820000171661377,5.320000171661377,5.570000171661377,61300
2022-09-08,5.570000171661377,5.78000020980835,5.400000095367432,5.53000020980835,60800
2022-09-09,5.53000020980835,5.730000019073486,5.440000057220459,5.559999942779541,54700
2022-09-12,5.630000114440918,5.889999866485596,5.550000190734863,5.699999809265137,101300
2022-09-13,5.690000057220459,5.690000057220459,5.329999923706055,5.380000114440918,96200
2022-09-14,5.340000152587891,5.789999961853027,5.179999828338623,5.269999980926514,59300
2022-09-15,5.190000057220459,5.320000171661377,4.849999904632568,4.940000057220459,87100
2022-09-16,4.829999923706055,4.940000057220459,4.75,4.880000114440918,54600
2022-09-19,5.0,5.059999942779541,4.809999942779541,4.949999809265137,68000
2022-09-20,4.820000171661377,4.989999771118164,4.75,4.789999961853027,62200
2022-09-21,4.760000228881836,5.059999942779541,4.75,4.809999942779541,42200
2022-09-22,4.880000114440918,4.949999809265137,4.579999923706055,4.599999904632568,66300
2022-09-23,4.5,4.599999904632568,4.119999885559082,4.349999904632568,113600
2022-09-26,4.260000228881836,4.670000076293945,4.260000228881836,4.260000228881836,48000
2022-09-27,4.269999980926514,4.579999923706055,4.25,4.340000152587891,49300
2022-09-28,4.360000133514404,4.730000019073486,4.329999923706055,4.679999828338623,41300
2022-09-29,4.679999828338623,4.789999961853027,4.349999904632568,4.409999847412109,45300
2022-09-30,4.360000133514404,4.78000020980835,4.360000133514404,4.559999942779541,32300
2022-10-03,4.75,5.349999904632568,4.519999980926514,5.130000114440918,208500
2022-10-04,5.400000095367432,5.409999847412109,4.800000190734863,5.119999885559082,145000
2022-10-05,5.070000171661377,5.159999847412109,4.860000133514404,4.96999979019165,63700
2022-10-06,5.0,5.179999828338623,4.949999809265137,5.0,33400
2022-10-07,4.96999979019165,5.0,4.760000228881836,4.789999961853027,24300
2022-10-10,4.900000095367432,4.920000076293945,4.5,4.730000019073486,55000
2022-10-11,4.639999866485596,4.829999923706055,4.510000228881836,4.619999885559082,30900
2022-10-12,4.579999923706055,4.679999828338623,4.380000114440918,4.579999923706055,82300
2022-10-13,4.460000038146973,4.909999847412109,4.349999904632568,4.880000114440918,94600
2022-10-14,4.920000076293945,5.090000152587891,4.710000038146973,4.869999885559082,40900
2022-10-17,5.010000228881836,5.090000152587891,4.849999904632568,4.900000095367432,29400
2022-10-18,5.050000190734863,5.050000190734863,4.789999961853027,4.840000152587891,24800
2022-10-19,4.829999923706055,4.889999866485596,4.579999923706055,4.699999809265137,19500
2022-10-20,4.800000190734863,4.860000133514404,4.5,4.579999923706055,16500
2022-10-21,4.539999961853027,4.71999979019165,4.510000228881836,4.599999904632568,46700
2022-10-24,4.599999904632568,4.639999866485596,4.380000114440918,4.599999904632568,76000
2022-10-25,4.570000171661377,4.699999809265137,4.539999961853027,4.610000133514404,27600
2022-10-26,4.71999979019165,5.150000095367432,4.71999979019165,4.909999847412109,73600
2022-10-27,4.940000057220459,5.150000095367432,4.849999904632568,5.059999942779541,69900
2022-10-28,5.130000114440918,5.21999979019165,5.059999942779541,5.179999828338623,43300
2022-10-31,5.050000190734863,5.269999980926514,5.0,5.199999809265137,37300
2022-11-01,5.360000133514404,5.360000133514404,4.960000038146973,4.960000038146973,47100
2022-11-02,5.079999923706055,5.130000114440918,4.730000019073486,4.800000190734863,56000
2022-11-03,4.679999828338623,4.860000133514404,4.559999942779541,4.579999923706055,29100
2022-11-04,4.889999866485596,4.889999866485596,4.519999980926514,4.659999847412109,18200
2022-11-07,4.539999961853027,4.849999904632568,4.519999980926514,4.800000190734863,41500
2022-11-08,4.800000190734863,5.03000020980835,4.679999828338623,4.869999885559082,33500
2022-11-09,4.639999866485596,4.980000019073486,4.610000133514404,4.909999847412109,36900
2022-11-10,5.0,5.25,4.920000076293945,5.159999847412109,78300
2022-11-11,5.170000076293945,5.340000152587891,5.059999942779541,5.210000038146973,28900
2022-11-14,5.210000038146973,5.440000057220459,5.119999885559082,5.340000152587891,50800
2022-11-15,5.380000114440918,5.380000114440918,5.170000076293945,5.239999771118164,42700
2022-11-16,5.159999847412109,5.159999847412109,4.840000152587891,4.940000057220459,26600
2022-11-17,4.739999771118164,4.900000095367432,4.739999771118164,4.860000133514404,15100
2022-11-18,4.739999771118164,4.920000076293945,4.739999771118164,4.800000190734863,19200
2022-11-21,4.71999979019165,5.03000020980835,4.71999979019165,4.900000095367432,28100
2022-11-22,5.019999980926514,5.090000152587891,4.929999828338623,4.929999828338623,24800
2022-11-23,5.0,5.079999923706055,4.860000133514404,4.860000133514404,34300
2022-11-25,4.900000095367432,5.0,4.769999980926514,4.900000095367432,17900
2022-11-28,4.75,4.860000133514404,4.679999828338623,4.690000057220459,19300
2022-11-29,4.679999828338623,4.829999923706055,4.679999828338623,4.710000038146973,24200
2022-11-30,4.71999979019165,4.929999828338623,4.710000038146973,4.869999885559082,37500
2022-12-01,4.949999809265137,5.010000228881836,4.760000228881836,4.78000020980835,15900
2022-12-02,4.75,4.920000076293945,4.75,4.829999923706055,9100
2022-12-05,4.900000095367432,5.0,4.760000228881836,4.840000152587891,23100
2022-12-06,4.800000190734863,4.929999828338623,4.559999942779541,4.579999923706055,41100
2022-12-07,4.559999942779541,4.71999979019165,4.510000228881836,4.590000152587891,34400
2022-12-08,4.630000114440918,4.710000038146973,4.449999809265137,4.5,37900
2022-12-09,4.440000057220459,4.599999904632568,4.300000190734863,4.420000076293945,35300
2022-12-12,4.489999771118164,4.849999904632568,4.289999961853027,4.809999942779541,86700
2022-12-13,4.949999809265137,4.949999809265137,4.670000076293945,4.769999980926514,39000
2022-12-14,4.75,4.820000171661377,4.610000133514404,4.619999885559082,38700
2022-12-15,4.619999885559082,4.809999942779541,4.5,4.710000038146973,23000
2022-12-16,4.650000095367432,4.800000190734863,4.5,4.519999980926514,35400
2022-12-19,4.510000228881836,4.690000057220459,4.349999904632568,4.360000133514404,38800
2022-12-20,4.409999847412109,4.539999961853027,4.210000038146973,4.210000038146973,47100
2022-12-21,4.300000190734863,4.480000019073486,4.210000038146973,4.230000019073486,46600
2022-12-22,4.210000038146973,4.260000228881836,4.079999923706055,4.179999828338623,54800
2022-12-23,4.190000057220459,4.190000057220459,4.050000190734863,4.050000190734863,31200
2022-12-27,4.059999942779541,4.21999979019165,3.619999885559082,3.680000066757202,130600
2022-12-28,3.630000114440918,3.75,3.619999885559082,3.6500000953674316,140700
2022-12-29,3.6500000953674316,3.7899999618530273,3.6500000953674316,3.7100000381469727,103300
2022-12-30,3.799999952316284,3.9800000190734863,3.7100000381469727,3.890000104904175,57400
2023-01-03,3.8499999046325684,3.990000009536743,3.799999952316284,3.8399999141693115,29500
2023-01-04,3.8399999141693115,3.9200000762939453,3.759999990463257,3.799999952316284,41400
2023-01-05,3.8299999237060547,3.9100000858306885,3.799999952316284,3.859999895095825,16000
2023-01-06,3.869999885559082,4.050000190734863,3.809999942779541,4.039999961853027,33700
2023-01-09,4.050000190734863,4.53000020980835,4.050000190734863,4.53000020980835,122900
2023-01-10,4.739999771118164,4.739999771118164,4.329999923706055,4.449999809265137,26900
2023-01-11,4.449999809265137,4.849999904632568,4.449999809265137,4.75,64600
2023-01-12,4.75,4.75,4.440000057220459,4.610000133514404,115700
2023-01-13,4.489999771118164,4.579999923706055,4.420000076293945,4.5,69200
2023-01-17,4.519999980926514,4.579999923706055,4.400000095367432,4.429999828338623,43900
2023-01-18,4.460000038146973,4.5,4.099999904632568,4.130000114440918,59100
2023-01-19,4.090000152587891,4.25,4.090000152587891,4.21999979019165,22000
2023-01-20,4.300000190734863,4.510000228881836,4.269999980926514,4.46999979019165,55500
2023-01-23,4.570000171661377,4.590000152587891,4.409999847412109,4.480000019073486,60600
2023-01-24,4.46999979019165,4.849999904632568,4.46999979019165,4.820000171661377,105500
2023-01-25,4.75,4.78000020980835,4.349999904632568,4.349999904632568,96200
2023-01-26,4.400000095367432,4.440000057220459,4.119999885559082,4.139999866485596,76700
2023-01-27,4.119999885559082,4.380000114440918,4.119999885559082,4.260000228881836,81500
2023-01-30,4.300000190734863,4.320000171661377,4.150000095367432,4.190000057220459,54900
2023-01-31,4.179999828338623,4.389999866485596,4.179999828338623,4.260000228881836,49600
2023-02-01,4.21999979019165,4.329999923706055,4.099999904632568,4.230000019073486,71500
2023-02-02,4.320000171661377,4.320000171661377,4.079999923706055,4.139999866485596,100200
2023-02-03,4.130000114440918,4.369999885559082,4.130000114440918,4.170000076293945,66400
2023-02-06,4.119999885559082,4.199999809265137,4.03000020980835,4.170000076293945,44500
2023-02-07,4.210000038146973,4.25,4.03000020980835,4.170000076293945,58700
2023-02-08,4.170000076293945,4.25,4.090000152587891,4.119999885559082,28600
2023-02-09,4.170000076293945,4.349999904632568,4.039999961853027,4.090000152587891,59300
2023-02-10,4.059999942779541,4.099999904632568,4.03000020980835,4.090000152587891,30200
2023-02-13,4.170000076293945,4.349999904632568,4.150000095367432,4.210000038146973,51400
2023-02-14,4.190000057220459,4.5,4.130000114440918,4.489999771118164,79300
2023-02-15,4.480000019073486,4.679999828338623,4.400000095367432,4.630000114440918,52500
2023-02-16,4.539999961853027,4.699999809265137,4.539999961853027,4.599999904632568,47400
2023-02-17,4.659999847412109,4.659999847412109,4.300000190734863,4.320000171661377,31400
2023-02-21,4.130000114440918,4.269999980926514,4.079999923706055,4.079999923706055,46200
2023-02-22,4.150000095367432,4.289999961853027,4.150000095367432,4.159999847412109,19500
2023-02-23,4.25,4.260000228881836,4.110000133514404,4.139999866485596,30600
2023-02-24,4.139999866485596,4.139999866485596,4.050000190734863,4.050000190734863,13700
2023-02-27,4.139999866485596,4.25,4.050000190734863,4.25,38500
2023-02-28,4.25,4.28000020980835,4.210000038146973,4.260000228881836,25500
2023-03-01,4.230000019073486,4.489999771118164,4.230000019073486,4.389999866485596,50000
2023-03-02,4.420000076293945,4.489999771118164,4.329999923706055,4.460000038146973,29500
2023-03-03,4.460000038146973,4.659999847412109,4.429999828338623,4.610000133514404,50600
2023-03-06,4.449999809265137,4.480000019073486,4.21999979019165,4.230000019073486,38000
2023-03-07,4.360000133514404,4.420000076293945,4.059999942779541,4.130000114440918,31600
2023-03-08,4.150000095367432,4.360000133514404,4.03000020980835,4.340000152587891,24500
2023-03-09,4.289999961853027,4.329999923706055,4.150000095367432,4.150000095367432,28600
2023-03-10,4.150000095367432,4.170000076293945,3.890000104904175,3.9700000286102295,63900
2023-03-13,3.9600000381469727,4.03000020980835,3.75,3.8499999046325684,67200
2023-03-14,3.940000057220459,3.990000009536743,3.680000066757202,3.7100000381469727,55700
2023-03-15,3.7100000381469727,3.9000000953674316,3.680000066757202,3.819999933242798,49900
2023-03-16,3.759999990463257,4.010000228881836,3.759999990463257,3.9000000953674316,38100
2023-03-17,3.940000057220459,3.9700000286102295,3.809999942779541,3.819999933242798,31600
2023-03-20,3.6700000762939453,3.8499999046325684,3.6500000953674316,3.799999952316284,74100
2023-03-21,3.799999952316284,3.930000066757202,3.799999952316284,3.9200000762939453,33300
2023-03-22,3.890000104904175,3.9800000190734863,3.880000114440918,3.9000000953674316,23300
2023-03-23,3.880000114440918,3.9700000286102295,3.799999952316284,3.8399999141693115,13900
2023-03-24,3.809999942779541,3.8499999046325684,3.6500000953674316,3.740000009536743,53500
2023-03-27,3.759999990463257,4.070000171661377,3.759999990463257,3.9800000190734863,46000
2023-03-28,4.010000228881836,4.079999923706055,3.950000047683716,3.9700000286102295,17100
2023-03-29,4.019999980926514,4.019999980926514,3.819999933242798,3.9200000762939453,45600
2023-03-30,4.0,4.079999923706055,3.940000057220459,4.019999980926514,22600
2023-03-31,4.070000171661377,4.099999904632568,4.0,4.099999904632568,37000
2023-04-03,4.110000133514404,4.130000114440918,3.859999895095825,3.940000057220459,30900
2023-04-04,3.9800000190734863,4.010000228881836,3.700000047683716,3.869999885559082,38400
2023-04-05,3.9000000953674316,3.990000009536743,3.8299999237060547,3.9000000953674316,17000
2023-04-06,3.819999933242798,3.9700000286102295,3.799999952316284,3.940000057220459,18000
2023-04-10,3.9200000762939453,3.9800000190734863,3.799999952316284,3.950000047683716,18300
2023-04-11,3.9800000190734863,4.099999904632568,3.9700000286102295,4.0,30300
2023-04-12,4.099999904632568,4.139999866485596,4.010000228881836,4.019999980926514,22800
2023-04-13,4.050000190734863,4.119999885559082,3.9100000858306885,3.940000057220459,24700
2023-04-14,4.0,4.090000152587891,3.940000057220459,3.990000009536743,46600
2023-04-17,3.990000009536743,4.0,3.9000000953674316,3.9000000953674316,30100
2023-04-18,3.9100000858306885,4.03000020980835,3.8499999046325684,4.0,13500
2023-04-19,3.9800000190734863,4.03000020980835,3.880000114440918,3.930000066757202,11000
2023-04-20,3.9200000762939453,3.9700000286102295,3.9000000953674316,3.930000066757202,19000
2023-04-21,3.9100000858306885,3.940000057220459,3.8399999141693115,3.8399999141693115,18600
2023-04-24,3.8299999237060547,3.880000114440918,3.799999952316284,3.799999952316284,22200
2023-04-25,3.809999942779541,3.9000000953674316,3.690000057220459,3.690000057220459,21900
2023-04-26,3.7699999809265137,3.799999952316284,3.549999952316284,3.5899999141693115,30000
2023-04-27,3.609999895095825,3.7699999809265137,3.549999952316284,3.6600000858306885,19500
2023-04-28,3.6600000858306885,3.7699999809265137,3.5799999237060547,3.680000066757202,11700
2023-05-01,3.690000057220459,3.759999990463257,3.5799999237060547,3.5799999237060547,17600
2023-05-02,3.569999933242798,3.5899999141693115,3.390000104904175,3.549999952316284,54900
2023-05-03,3.549999952316284,3.5999999046325684,3.4100000858306885,3.4200000762939453,23200
2023-05-04,3.4000000953674316,3.4800000190734863,3.319999933242798,3.4000000953674316,26300
2023-05-05,3.440000057220459,3.4800000190734863,3.3299999237060547,3.3299999237060547,34500
2023-05-08,3.3299999237060547,3.549999952316284,3.3299999237060547,3.4800000190734863,27400
2023-05-09,3.509999990463257,3.990000009536743,3.509999990463257,3.9800000190734863,60800
2023-05-10,3.9800000190734863,4.429999828338623,3.9100000858306885,4.420000076293945,69600
2023-05-11,4.320000171661377,4.489999771118164,3.9000000953674316,3.9200000762939453,99300
2023-05-12,3.950000047683716,4.25,3.950000047683716,4.110000133514404,31300
2023-05-15,4.269999980926514,4.5,4.159999847412109,4.489999771118164,62900
2023-05-16,4.650000095367432,4.679999828338623,4.300000190734863,4.309999942779541,74000
2023-05-17,4.360000133514404,4.46999979019165,4.159999847412109,4.239999771118164,47400
2023-05-18,4.21999979019165,4.449999809265137,4.21999979019165,4.380000114440918,42700
2023-05-19,4.449999809265137,4.599999904632568,4.309999942779541,4.46999979019165,46500
2023-05-22,4.539999961853027,4.699999809265137,4.460000038146973,4.699999809265137,66400
2023-05-23,4.75,5.409999847412109,4.739999771118164,5.340000152587891,127000
2023-05-24,5.389999866485596,5.389999866485596,4.619999885559082,4.730000019073486,85400
2023-05-25,4.75,5.019999980926514,4.599999904632568,4.599999904632568,61600
2023-05-26,4.599999904632568,4.75,4.53000020980835,4.610000133514404,30600
2023-05-30,4.639999866485596,4.829999923706055,4.429999828338623,4.53000020980835,39900
2023-05-31,4.5,4.5,4.340000152587891,4.360000133514404,27800
2023-06-01,4.369999885559082,4.679999828338623,4.300000190734863,4.570000171661377,76400
2023-06-02,4.650000095367432,4.739999771118164,4.510000228881836,4.590000152587891,41200
2023-06-05,4.690000057220459,4.699999809265137,4.440000057220459,4.559999942779541,35800
2023-06-06,4.579999923706055,4.889999866485596,4.570000171661377,4.800000190734863,53400
2023-06-07,4.880000114440918,5.0,4.800000190734863,4.949999809265137,34900
2023-06-08,4.980000019073486,5.0,4.699999809265137,4.829999923706055,34400
2023-06-09,4.829999923706055,4.960000038146973,4.739999771118164,4.809999942779541,26200
2023-06-12,4.829999923706055,5.050000190734863,4.829999923706055,5.010000228881836,55500
2023-06-13,5.090000152587891,5.090000152587891,4.699999809265137,4.710000038146973,43700
2023-06-14,4.710000038146973,4.880000114440918,4.690000057220459,4.769999980926514,40500
2023-06-15,4.769999980926514,5.28000020980835,4.769999980926514,5.110000133514404,127200
2023-06-16,5.199999809265137,5.460000038146973,5.159999847412109,5.269999980926514,153300
2023-06-20,5.440000057220459,5.940000057220459,5.349999904632568,5.659999847412109,221000
2023-06-21,5.829999923706055,5.849999904632568,5.579999923706055,5.639999866485596,131500
2023-06-22,5.630000114440918,5.849999904632568,5.539999961853027,5.599999904632568,41400
2023-06-23,5.599999904632568,5.860000133514404,5.5,5.659999847412109,93200
2023-06-26,5.699999809265137,5.860000133514404,5.599999904632568,5.75,94800
2023-06-27,5.75,5.860000133514404,5.28000020980835,5.28000020980835,85600
2023-06-28,5.260000228881836,5.550000190734863,5.199999809265137,5.46999979019165,46300
2023-06-29,5.5,5.75,5.5,5.630000114440918,63400
2023-06-30,5.769999980926514,5.940000057220459,5.679999828338623,5.820000171661377,65500
2023-07-03,5.900000095367432,5.949999809265137,5.28000020980835,5.449999809265137,99100
2023-07-05,5.519999980926514,5.579999923706055,5.090000152587891,5.130000114440918,101700
2023-07-06,5.059999942779541,5.28000020980835,4.760000228881836,5.130000114440918,116600
2023-07-07,5.079999923706055,5.539999961853027,5.079999923706055,5.519999980926514,74100
2023-07-10,5.559999942779541,6.179999828338623,5.519999980926514,6.059999942779541,123400
2023-07-11,6.139999866485596,6.289999961853027,5.949999809265137,6.159999847412109,112900
2023-07-12,6.21999979019165,6.300000190734863,5.710000038146973,5.929999828338623,99000
2023-07-13,6.070000171661377,6.070000171661377,5.78000020980835,6.0,59000
2023-07-14,6.039999961853027,6.039999961853027,5.559999942779541,5.71999979019165,57300
2023-07-17,5.849999904632568,6.400000095367432,5.769999980926514,6.21999979019165,143600
2023-07-18,6.289999961853027,6.460000038146973,6.019999980926514,6.440000057220459,150700
2023-07-19,6.409999847412109,6.409999847412109,6.090000152587891,6.170000076293945,43700
2023-07-20,6.25,6.340000152587891,5.650000095367432,5.800000190734863,111500
2023-07-21,5.800000190734863,5.900000095367432,5.670000076293945,5.730000019073486,33500
2023-07-24,5.78000020980835,6.119999885559082,5.659999847412109,6.0,73600
2023-07-25,5.929999828338623,6.199999809265137,5.880000114440918,6.199999809265137,63600
2023-07-26,6.190000057220459,6.400000095367432,6.010000228881836,6.190000057220459,34500
2023-07-27,6.139999866485596,6.139999866485596,5.75,5.849999904632568,85200
2023-07-28,6.059999942779541,6.190000057220459,5.820000171661377,6.179999828338623,82300
2023-07-31,6.199999809265137,6.699999809265137,6.190000057220459,6.639999866485596,139700
2023-08-01,6.659999847412109,6.659999847412109,6.329999923706055,6.510000228881836,42200
2023-08-02,6.329999923706055,6.400000095367432,5.800000190734863,6.150000095367432,126000
2023-08-03,5.949999809265137,6.449999809265137,5.949999809265137,6.329999923706055,63800
2023-08-04,6.329999923706055,6.679999828338623,6.119999885559082,6.5,55300
2023-08-07,6.519999980926514,6.570000171661377,6.25,6.340000152587891,85000
2023-08-08,6.329999923706055,6.329999923706055,6.039999961853027,6.139999866485596,54200
2023-08-09,6.139999866485596,6.150000095367432,5.849999904632568,5.900000095367432,49900
2023-08-10,6.019999980926514,6.260000228881836,5.900000095367432,6.090000152587891,76900
2023-08-11,6.099999904632568,6.21999979019165,5.940000057220459,6.179999828338623,60000
2023-08-14,6.150000095367432,6.150000095367432,5.619999885559082,5.699999809265137,67000
2023-08-15,5.710000038146973,5.789999961853027,5.369999885559082,5.5,94200
2023-08-16,5.519999980926514,5.650000095367432,5.130000114440918,5.300000190734863,91000
2023-08-17,5.309999942779541,5.380000114440918,4.320000171661377,4.369999885559082,269200
2023-08-18,4.480000019073486,4.900000095367432,4.400000095367432,4.78000020980835,138000
2023-08-21,4.800000190734863,5.210000038146973,4.460000038146973,4.570000171661377,202400
2023-08-22,4.739999771118164,4.800000190734863,4.579999923706055,4.679999828338623,51900
2023-08-23,4.71999979019165,4.960000038146973,4.679999828338623,4.869999885559082,60200
2023-08-24,4.909999847412109,5.010000228881836,4.789999961853027,4.880000114440918,67400
2023-08-25,4.900000095367432,4.980000019073486,4.679999828338623,4.829999923706055,47800
2023-08-28,4.829999923706055,4.829999923706055,4.550000190734863,4.559999942779541,61300
2023-08-29,4.510000228881836,4.690000057220459,4.050000190734863,4.099999904632568,261400
2023-08-30,4.090000152587891,4.360000133514404,4.050000190734863,4.239999771118164,91900
2023-08-31,4.289999961853027,4.400000095367432,4.190000057220459,4.349999904632568,63300
2023-09-01,4.46999979019165,4.599999904632568,4.340000152587891,4.550000190734863,72200
2023-09-05,4.489999771118164,4.619999885559082,4.28000020980835,4.389999866485596,66900
2023-09-06,4.360000133514404,4.480000019073486,4.150000095367432,4.269999980926514,72900
2023-09-07,4.25,4.380000114440918,4.099999904632568,4.380000114440918,33500
2023-09-08,4.380000114440918,4.489999771118164,4.21999979019165,4.309999942779541,41800
2023-09-11,4.25,4.53000020980835,4.25,4.449999809265137,41500
2023-09-12,4.400000095367432,4.619999885559082,4.400000095367432,4.53000020980835,53200
2023-09-13,4.53000020980835,4.570000171661377,4.409999847412109,4.489999771118164,40700
2023-09-14,4.519999980926514,4.630000114440918,4.440000057220459,4.5,57700
2023-09-15,4.519999980926514,4.610000133514404,4.28000020980835,4.369999885559082,81300
2023-09-18,4.369999885559082,4.510000228881836,4.159999847412109,4.389999866485596,87400
2023-09-19,4.420000076293945,4.510000228881836,4.25,4.309999942779541,58200
2023-09-20,4.349999904632568,4.769999980926514,4.150000095367432,4.610000133514404,143100
2023-09-21,4.519999980926514,4.730000019073486,4.400000095367432,4.630000114440918,54100
2023-09-22,4.690000057220459,4.929999828338623,4.679999828338623,4.849999904632568,94600
2023-09-25,4.849999904632568,4.949999809265137,4.550000190734863,4.710000038146973,134600
2023-09-26,4.71999979019165,4.769999980926514,4.429999828338623,4.480000019073486,52500
2023-09-27,4.5,4.670000076293945,4.429999828338623,4.449999809265137,48600
2023-09-28,4.449999809265137,4.539999961853027,4.429999828338623,4.480000019073486,31100
2023-09-29,4.590000152587891,4.78000020980835,4.429999828338623,4.489999771118164,28400
2023-10-02,4.480000019073486,4.610000133514404,4.260000228881836,4.329999923706055,39600
2023-10-03,4.340000152587891,4.400000095367432,4.159999847412109,4.190000057220459,28500
2023-10-04,4.190000057220459,4.25,4.070000171661377,4.130000114440918,42600
2023-10-05,4.179999828338623,4.670000076293945,4.179999828338623,4.420000076293945,45800
2023-10-06,4.400000095367432,4.690000057220459,4.400000095367432,4.53000020980835,63500
2023-10-09,4.579999923706055,4.760000228881836,4.550000190734863,4.739999771118164,41000
2023-10-10,4.699999809265137,4.880000114440918,4.539999961853027,4.75,39800
2023-10-11,4.769999980926514,4.880000114440918,4.5,4.5,41600
2023-10-12,4.559999942779541,4.599999904632568,4.360000133514404,4.489999771118164,28700
2023-10-13,4.460000038146973,4.610000133514404,4.460000038146973,4.519999980926514,25700
2023-10-16,4.53000020980835,4.829999923706055,4.5,4.820000171661377,53000
2023-10-17,4.670000076293945,5.159999847412109,4.670000076293945,5.070000171661377,64200
2023-10-18,5.110000133514404,5.130000114440918,4.860000133514404,4.980000019073486,53100
2023-10-19,4.869999885559082,5.010000228881836,4.860000133514404,4.860000133514404,38300
2023-10-20,4.860000133514404,4.96999979019165,4.75,4.789999961853027,26200
2023-10-23,4.760000228881836,4.940000057220459,4.679999828338623,4.679999828338623,21000
2023-10-24,4.630000114440918,4.880000114440918,4.599999904632568,4.639999866485596,61900
2023-10-25,4.659999847412109,4.760000228881836,4.349999904632568,4.400000095367432,41900
2023-10-26,4.349999904632568,4.440000057220459,4.21999979019165,4.230000019073486,45400
2023-10-27,4.230000019073486,4.230000019073486,4.139999866485596,4.150000095367432,34600
2023-10-30,4.150000095367432,4.289999961853027,4.070000171661377,4.070000171661377,52800
2023-10-31,4.079999923706055,4.400000095367432,4.059999942779541,4.300000190734863,53300
2023-11-01,4.309999942779541,4.389999866485596,4.25,4.360000133514404,15500
2023-11-02,4.389999866485596,4.630000114440918,4.159999847412109,4.199999809265137,53900
2023-11-03,4.239999771118164,4.489999771118164,4.150000095367432,4.340000152587891,37200
2023-11-06,4.320000171661377,4.460000038146973,4.110000133514404,4.119999885559082,20900
2023-11-07,4.099999904632568,4.480000019073486,4.019999980926514,4.369999885559082,57600
2023-11-08,4.409999847412109,4.429999828338623,4.159999847412109,4.190000057220459,19800
2023-11-09,4.159999847412109,4.260000228881836,4.0,4.010000228881836,64600
2023-11-10,4.010000228881836,4.050000190734863,3.859999895095825,4.039999961853027,70500
2023-11-13,4.099999904632568,4.199999809265137,3.940000057220459,4.010000228881836,53200
2023-11-14,4.099999904632568,4.179999828338623,4.099999904632568,4.130000114440918,24000
2023-11-15,4.179999828338623,4.25,4.130000114440918,4.210000038146973,30700
2023-11-16,4.21999979019165,4.21999979019165,3.930000066757202,4.0,52000
2023-11-17,4.0,4.130000114440918,3.9800000190734863,4.079999923706055,29400
2023-11-20,4.050000190734863,4.079999923706055,3.9000000953674316,3.9700000286102295,54800
2023-11-21,3.869999885559082,3.9000000953674316,3.4000000953674316,3.5,175700
2023-11-22,3.509999990463257,3.6700000762939453,3.3299999237060547,3.5399999618530273,77900
2023-11-24,3.509999990463257,3.690000057220459,3.4100000858306885,3.630000114440918,28800
2023-11-27,3.690000057220459,3.690000057220459,3.4700000286102295,3.609999895095825,79800
2023-11-28,3.6600000858306885,3.6600000858306885,3.3499999046325684,3.5,74600
2023-11-29,3.569999933242798,3.569999933242798,3.380000114440918,3.440000057220459,73300
2023-11-30,3.440000057220459,3.440000057220459,3.1600000858306885,3.2100000381469727,137900
2023-12-01,3.2100000381469727,3.430000066757202,3.059999942779541,3.3399999141693115,114600
2023-12-04,3.3399999141693115,3.549999952316284,3.319999933242798,3.5199999809265137,108400
2023-12-05,3.440000057220459,3.6600000858306885,3.299999952316284,3.440000057220459,135500
2023-12-06,3.450000047683716,3.5299999713897705,3.299999952316284,3.3499999046325684,60100
2023-12-07,3.6500000953674316,3.950000047683716,3.5299999713897705,3.7300000190734863,263900
2023-12-08,3.7300000190734863,4.03000020980835,3.7300000190734863,3.819999933242798,85400
2023-12-11,3.930000066757202,3.990000009536743,3.5199999809265137,3.569999933242798,73300
2023-12-12,3.5199999809265137,3.700000047683716,3.4200000762939453,3.5,64300
2023-12-13,3.490000009536743,3.640000104904175,3.4200000762939453,3.4700000286102295,52700
2023-12-14,3.5399999618530273,3.680000066757202,3.5,3.5299999713897705,69600
2023-12-15,3.5799999237060547,3.640000104904175,3.4200000762939453,3.4200000762939453,37500
2023-12-18,3.4100000858306885,3.450000047683716,3.200000047683716,3.2300000190734863,120700
2023-12-19,3.2200000286102295,3.450000047683716,3.2100000381469727,3.4100000858306885,86000
2023-12-20,3.4600000381469727,3.630000114440918,3.3299999237060547,3.430000066757202,109700
2023-12-21,3.5,3.5999999046325684,3.299999952316284,3.3399999141693115,68100
2023-12-22,3.369999885559082,3.450000047683716,3.299999952316284,3.319999933242798,76900
2023-12-26,3.380000114440918,3.4000000953674316,3.2799999713897705,3.380000114440918,87600
2023-12-27,3.380000114440918,3.4000000953674316,3.25,3.3299999237060547,90900
2023-12-28,3.319999933242798,3.4800000190734863,3.2899999618530273,3.430000066757202,62000
2023-12-29,3.4100000858306885,3.4800000190734863,3.2100000381469727,3.2100000381469727,79900
2024-01-02,3.259999990463257,3.390000104904175,3.240000009536743,3.3399999141693115,56200
2024-01-03,3.359999895095825,3.359999895095825,3.180000066757202,3.240000009536743,62500
2024-01-04,3.240000009536743,3.299999952316284,3.2100000381469727,3.299999952316284,32700
2024-01-05,3.2699999809265137,3.3399999141693115,3.2100000381469727,3.2300000190734863,30500
2024-01-08,3.2300000190734863,3.450000047683716,3.2300000190734863,3.4100000858306885,81100
2024-01-09,3.3499999046325684,3.450000047683716,3.3399999141693115,3.3399999141693115,47800
2024-01-10,3.4000000953674316,3.5899999141693115,3.4000000953674316,3.5199999809265137,127700
2024-01-11,3.5199999809265137,3.5999999046325684,3.4200000762939453,3.440000057220459,74200
2024-01-12,3.5399999618530273,3.7300000190734863,3.490000009536743,3.569999933242798,151000
2024-01-16,3.5999999046325684,3.640000104904175,3.430000066757202,3.5,68400
2024-01-17,3.440000057220459,3.440000057220459,3.2100000381469727,3.2799999713897705,126100
2024-01-18,3.3299999237060547,3.369999885559082,3.059999942779541,3.0899999141693115,100000
2024-01-19,3.0899999141693115,3.2699999809265137,3.0299999713897705,3.059999942779541,141300
2024-01-22,3.0799999237060547,3.3499999046325684,3.049999952316284,3.259999990463257,122100
2024-01-23,3.2799999713897705,3.3499999046325684,3.0999999046325684,3.1700000762939453,57900
2024-01-24,3.180000066757202,3.190000057220459,3.109999895095825,3.119999885559082,21000
2024-01-25,3.190000057220459,3.190000057220459,3.0899999141693115,3.0999999046325684,32700
2024-01-26,3.140000104904175,3.1700000762939453,3.049999952316284,3.049999952316284,48200
2024-01-29,3.069999933242798,3.130000114440918,3.009999990463257,3.0799999237060547,34900
2024-01-30,3.069999933242798,3.1500000953674316,2.940000057220459,3.0299999713897705,82000
2024-01-31,3.0199999809265137,3.190000057220459,3.0199999809265137,3.069999933242798,59400
2024-02-01,3.0899999141693115,3.25,3.0899999141693115,3.1600000858306885,51600
2024-02-02,3.25,3.25,3.0199999809265137,3.130000114440918,83000
2024-02-05,3.1500000953674316,3.2200000286102295,2.9800000190734863,3.0399999618530273,66400
2024-02-06,3.0199999809265137,3.059999942779541,2.8399999141693115,2.9000000953674316,83500
2024-02-07,2.819999933242798,2.9000000953674316,2.7699999809265137,2.859999895095825,89800
2024-02-08,2.819999933242798,2.990000009536743,2.799999952316284,2.890000104904175,35600
2024-02-09,2.9000000953674316,3.049999952316284,2.9000000953674316,3.0399999618530273,44100
2024-02-12,3.0,3.2100000381469727,3.0,3.0799999237060547,41000
2024-02-13,3.0,3.0799999237060547,2.9000000953674316,2.930000066757202,57000
2024-02-14,2.9000000953674316,3.049999952316284,2.9000000953674316,2.9700000286102295,37300
2024-02-15,2.9700000286102295,3.190000057220459,2.9700000286102295,3.109999895095825,51000
2024-02-16,3.0999999046325684,3.119999885559082,3.009999990463257,3.009999990463257,29400
2024-02-20,2.950000047683716,3.0399999618530273,2.9200000762939453,2.940000057220459,41900
2024-02-21,2.950000047683716,2.990000009536743,2.9000000953674316,2.9100000858306885,38800
2024-02-22,2.9800000190734863,2.990000009536743,2.8399999141693115,2.8499999046325684,52700
2024-02-23,3.0,3.0,2.8299999237060547,2.880000114440918,67400
2024-02-26,2.9100000858306885,3.009999990463257,2.880000114440918,2.9800000190734863,41600
2024-02-27,2.859999895095825,2.9200000762939453,2.799999952316284,2.859999895095825,216300
2024-02-28,2.869999885559082,2.950000047683716,2.75,2.7799999713897705,112600
2024-02-29,2.7799999713897705,2.859999895095825,2.75,2.8299999237060547,51200
2024-03-01,2.799999952316284,2.9000000953674316,2.7899999618530273,2.819999933242798,24300
2024-03-04,2.880000114440918,2.880000114440918,2.75,2.7899999618530273,48700
2024-03-05,2.759999990463257,2.7799999713897705,2.5,2.619999885559082,118900
2024-03-06,2.630000114440918,2.740000009536743,2.630000114440918,2.7200000286102295,38900
2024-03-07,2.7300000190734863,2.930000066757202,2.6700000762939453,2.859999895095825,103100
2024-03-08,2.930000066757202,2.9800000190734863,2.7699999809265137,2.9800000190734863,27700
2024-03-11,2.990000009536743,2.990000009536743,2.9100000858306885,2.930000066757202,30700
2024-03-12,2.930000066757202,2.950000047683716,2.740000009536743,2.7899999618530273,46700
2024-03-13,2.799999952316284,2.869999885559082,2.7799999713897705,2.809999942779541,22600
2024-03-14,2.809999942779541,2.890000104904175,2.799999952316284,2.869999885559082,37500
2024-03-15,2.8499999046325684,2.8499999046325684,2.7799999713897705,2.8399999141693115,33600
2024-03-18,2.859999895095825,3.299999952316284,2.809999942779541,3.200000047683716,367000
2024-03-19,3.2300000190734863,3.2799999713897705,3.0,3.0199999809265137,124100
2024-03-20,3.049999952316284,3.109999895095825,2.9700000286102295,3.0199999809265137,58400
2024-03-21,3.0999999046325684,3.140000104904175,2.9000000953674316,2.9600000381469727,229900
2024-03-22,2.9700000286102295,3.049999952316284,2.799999952316284,2.890000104904175,46500
2024-03-25,2.859999895095825,3.009999990463257,2.859999895095825,2.880000114440918,36800
2024-03-26,2.859999895095825,2.930000066757202,2.8299999237060547,2.8299999237060547,41000
2024-03-27,2.9200000762939453,3.0799999237060547,2.9100000858306885,3.009999990463257,112200
2024-03-28,3.049999952316284,3.0999999046325684,2.9200000762939453,2.950000047683716,191100
2024-04-01,2.950000047683716,3.059999942779541,2.930000066757202,2.990000009536743,52200
2024-04-02,2.9800000190734863,3.009999990463257,2.930000066757202,3.0,47400
2024-04-03,2.9600000381469727,3.0299999713897705,2.950000047683716,2.990000009536743,71800
2024-04-04,3.0,3.0799999237060547,2.869999885559082,2.9700000286102295,154300
2024-04-05,2.940000057220459,2.940000057220459,2.690000057220459,2.759999990463257,131000
2024-04-08,2.7699999809265137,2.809999942779541,2.680000066757202,2.7200000286102295,104400
2024-04-09,2.740000009536743,2.7699999809265137,2.690000057220459,2.7300000190734863,61500
2024-04-10,2.7100000381469727,2.7300000190734863,2.6700000762939453,2.7200000286102295,41700
2024-04-11,2.759999990463257,2.859999895095825,2.6600000858306885,2.799999952316284,115000
2024-04-12,2.8299999237060547,2.940000057220459,2.7699999809265137,2.809999942779541,74600
2024-04-15,2.799999952316284,2.8499999046325684,2.5999999046325684,2.6700000762939453,69800
2024-04-16,2.6700000762939453,2.7200000286102295,2.5,2.5999999046325684,89800
2024-04-17,2.630000114440918,2.640000104904175,2.5,2.5199999809265137,85400
2024-04-18,2.5299999713897705,2.5999999046325684,2.450000047683716,2.5,43500
2024-04-19,2.5,2.549999952316284,2.4700000286102295,2.5,33700
2024-04-22,2.4600000381469727,2.5399999618530273,2.450000047683716,2.490000009536743,19000
2024-04-23,2.4100000858306885,2.5199999809265137,2.4000000953674316,2.5,72600
2024-04-24,2.4800000190734863,2.619999885559082,2.4600000381469727,2.5899999141693115,43400
2024-04-25,2.5799999237060547,2.619999885559082,2.4800000190734863,2.619999885559082,20600
2024-04-26,2.6500000953674316,2.6500000953674316,2.509999990463257,2.569999933242798,23200
2024-04-29,2.5899999141693115,2.740000009536743,2.569999933242798,2.680000066757202,44300
2024-04-30,2.6500000953674316,2.6500000953674316,2.4100000858306885,2.4800000190734863,73900
2024-05-01,2.4800000190734863,2.6700000762939453,2.4800000190734863,2.619999885559082,25500
2024-05-02,2.609999895095825,2.630000114440918,2.5,2.549999952316284,36400
2024-05-03,2.5899999141693115,2.6500000953674316,2.509999990463257,2.559999942779541,20400
2024-05-06,2.4200000762939453,2.5899999141693115,2.4100000858306885,2.5,65600
2024-05-07,2.5,2.569999933242798,2.4200000762939453,2.4700000286102295,63300
2024-05-08,2.430000066757202,2.5399999618530273,2.430000066757202,2.490000009536743,18900
2024-05-09,2.4800000190734863,2.5899999141693115,2.4800000190734863,2.5199999809265137,63000
2024-05-10,2.490000009536743,2.619999885559082,2.4100000858306885,2.430000066757202,71900
2024-05-13,2.4200000762939453,2.450000047683716,2.2799999713897705,2.3299999237060547,86700
2024-05-14,2.319999933242798,2.4100000858306885,2.299999952316284,2.369999885559082,51100
2024-05-15,2.430000066757202,2.4600000381469727,2.299999952316284,2.359999895095825,71700
2024-05-16,2.3499999046325684,2.509999990463257,2.3499999046325684,2.4200000762939453,46300
2024-05-17,2.430000066757202,2.75,2.369999885559082,2.6700000762939453,168300
2024-05-20,2.740000009536743,3.25,2.6700000762939453,3.25,397400
2024-05-21,3.2200000286102295,3.359999895095825,2.9600000381469727,3.119999885559082,155600
2024-05-22,3.109999895095825,3.109999895095825,2.950000047683716,2.950000047683716,76400
2024-05-23,2.950000047683716,2.9600000381469727,2.759999990463257,2.759999990463257,85900
2024-05-24,2.7699999809265137,2.9700000286102295,2.7699999809265137,2.809999942779541,265300
2024-05-28,2.8399999141693115,2.869999885559082,2.680000066757202,2.740000009536743,179500
2024-05-29,2.700000047683716,2.759999990463257,2.5899999141693115,2.6600000858306885,97400
2024-05-30,2.690000057220459,2.799999952316284,2.619999885559082,2.759999990463257,82100
2024-05-31,2.809999942779541,2.809999942779541,2.6700000762939453,2.700000047683716,79800
2024-06-03,2.7200000286102295,2.7899999618530273,2.6600000858306885,2.690000057220459,152400
2024-06-04,2.6700000762939453,2.740000009536743,2.4000000953674316,2.5,160200
2024-06-05,2.5299999713897705,2.549999952316284,2.380000114440918,2.5199999809265137,134000
2024-06-06,2.549999952316284,2.549999952316284,2.380000114440918,2.4000000953674316,128800
2024-06-07,2.440000057220459,2.440000057220459,2.2100000381469727,2.430000066757202,233900
2024-06-10,2.440000057220459,2.509999990463257,2.299999952316284,2.4000000953674316,102400
2024-06-11,2.3499999046325684,2.430000066757202,2.319999933242798,2.430000066757202,61300
2024-06-12,2.4600000381469727,2.7300000190734863,2.4000000953674316,2.549999952316284,237400
2024-06-13,2.5199999809265137,2.549999952316284,2.3499999046325684,2.4200000762939453,71000
2024-06-14,2.440000057220459,2.5,2.3499999046325684,2.450000047683716,85500
2024-06-17,2.4700000286102295,2.5399999618530273,2.4000000953674316,2.450000047683716,69200
2024-06-18,2.4800000190734863,2.640000104904175,2.450000047683716,2.490000009536743,98400
2024-06-20,2.5,2.680000066757202,2.5,2.559999942779541,101200
2024-06-21,2.559999942779541,2.609999895095825,2.4000000953674316,2.4100000858306885,122600
2024-06-24,2.450000047683716,2.559999942779541,2.440000057220459,2.5299999713897705,151500
2024-06-25,2.5899999141693115,3.369999885559082,2.549999952316284,3.2300000190734863,916500
2024-06-26,3.309999942779541,4.480000019073486,3.2699999809265137,4.03000020980835,2759700
2024-06-27,4.199999809265137,4.449999809265137,3.240000009536743,3.640000104904175,1130400
2024-06-28,3.5999999046325684,3.6500000953674316,3.119999885559082,3.369999885559082,438300
2024-07-01,3.4000000953674316,3.9700000286102295,3.4000000953674316,3.930000066757202,400600
2024-07-02,4.059999942779541,4.099999904632568,3.5,3.609999895095825,320500
2024-07-03,3.6500000953674316,4.0,3.6500000953674316,3.7799999713897705,116900
2024-07-05,3.7699999809265137,3.9000000953674316,3.559999942779541,3.890000104904175,194200
2024-07-08,4.010000228881836,4.650000095367432,3.690000057220459,4.079999923706055,733700
2024-07-09,4.019999980926514,4.21999979019165,3.9000000953674316,3.990000009536743,182100
2024-07-10,4.059999942779541,4.21999979019165,3.619999885559082,3.740000009536743,287900
2024-07-11,3.7699999809265137,3.8499999046325684,3.619999885559082,3.7300000190734863,76200
2024-07-12,3.75,4.099999904632568,3.619999885559082,4.0,276300
2024-07-15,4.039999961853027,4.349999904632568,3.799999952316284,3.9100000858306885,230200
2024-07-16,3.9200000762939453,4.159999847412109,3.9000000953674316,4.099999904632568,125300
2024-07-17,4.190000057220459,4.199999809265137,3.549999952316284,3.6600000858306885,230700
2024-07-18,3.690000057220459,3.8299999237060547,3.259999990463257,3.3299999237060547,181900
2024-07-19,3.259999990463257,3.259999990463257,2.9000000953674316,3.0899999141693115,234000
2024-07-22,3.0899999141693115,3.25,2.9600000381469727,3.069999933242798,74200
2024-07-23,3.0399999618530273,3.069999933242798,2.9200000762939453,3.059999942779541,94700
2024-07-24,3.0199999809265137,3.0899999141693115,2.9200000762939453,2.950000047683716,90000
2024-07-25,2.9200000762939453,3.0199999809265137,2.700000047683716,3.0199999809265137,80600
2024-07-26,3.069999933242798,3.2300000190734863,3.009999990463257,3.0899999141693115,103600
2024-07-29,3.1500000953674316,3.4100000858306885,3.0299999713897705,3.0799999237060547,133600
2024-07-30,3.059999942779541,3.119999885559082,3.0,3.069999933242798,32700
2024-07-31,3.0799999237060547,3.240000009536743,3.009999990463257,3.2200000286102295,64100
2024-08-01,3.2100000381469727,3.2899999618530273,2.869999885559082,2.930000066757202,134700
2024-08-02,2.859999895095825,2.859999895095825,2.4000000953674316,2.509999990463257,301100
2024-08-05,2.390000104904175,2.799999952316284,2.3499999046325684,2.7899999618530273,200700
2024-08-06,2.7300000190734863,2.8399999141693115,2.559999942779541,2.630000114440918,112600
2024-08-07,2.5799999237060547,2.75,2.509999990463257,2.5199999809265137,90200
2024-08-08,2.559999942779541,2.7100000381469727,2.5399999618530273,2.7100000381469727,69300
2024-08-09,2.7100000381469727,2.7799999713897705,2.640000104904175,2.7200000286102295,27300
2024-08-12,2.7300000190734863,2.740000009536743,2.569999933242798,2.630000114440918,50000
2024-08-13,2.690000057220459,2.700000047683716,2.569999933242798,2.569999933242798,44300
2024-08-14,2.549999952316284,2.5799999237060547,2.4600000381469727,2.509999990463257,80700
2024-08-15,2.509999990463257,2.5799999237060547,2.4600000381469727,2.549999952316284,68600
2024-08-16,2.5799999237060547,2.690000057220459,2.5199999809265137,2.609999895095825,111000
2024-08-19,2.5999999046325684,2.6600000858306885,2.4600000381469727,2.5799999237060547,127100
2024-08-20,2.5299999713897705,2.6500000953674316,2.4200000762939453,2.509999990463257,113600
2024-08-21,2.5399999618530273,2.549999952316284,2.430000066757202,2.5399999618530273,79800
2024-08-22,2.5299999713897705,2.5799999237060547,2.440000057220459,2.5299999713897705,41000
2024-08-23,2.549999952316284,2.700000047683716,2.5199999809265137,2.6700000762939453,170800
2024-08-26,2.7100000381469727,2.859999895095825,2.700000047683716,2.740000009536743,81300
2024-08-27,2.6600000858306885,2.7300000190734863,2.569999933242798,2.619999885559082,47000
2024-08-28,2.5899999141693115,2.6500000953674316,2.4100000858306885,2.4800000190734863,91900
2024-08-29,2.450000047683716,2.5899999141693115,2.4100000858306885,2.5399999618530273,77300
2024-08-30,2.5799999237060547,2.609999895095825,2.4700000286102295,2.490000009536743,56000
2024-09-03,2.4800000190734863,2.490000009536743,2.319999933242798,2.4000000953674316,121800
2024-09-04,2.4000000953674316,2.450000047683716,2.3399999141693115,2.4100000858306885,34300
2024-09-05,2.4100000858306885,2.4700000286102295,2.319999933242798,2.3499999046325684,59800
2024-09-06,2.3299999237060547,2.390000104904175,2.240000009536743,2.309999942779541,70300
2024-09-09,2.3399999141693115,2.4700000286102295,2.3399999141693115,2.4200000762939453,47000
2024-09-10,2.440000057220459,2.5799999237060547,2.3499999046325684,2.5299999713897705,52000
2024-09-11,2.5199999809265137,2.6700000762939453,2.4800000190734863,2.5199999809265137,188800
2024-09-12,2.549999952316284,2.609999895095825,2.450000047683716,2.5199999809265137,80000
2024-09-13,2.5799999237060547,2.619999885559082,2.4600000381469727,2.5999999046325684,148400
2024-09-16,2.630000114440918,2.630000114440918,2.4200000762939453,2.490000009536743,188400
2024-09-17,2.5,2.609999895095825,2.4700000286102295,2.4700000286102295,81600
2024-09-18,2.4800000190734863,2.559999942779541,2.359999895095825,2.359999895095825,109100
2024-09-19,2.4200000762939453,2.509999990463257,2.390000104904175,2.4800000190734863,57300
2024-09-20,2.490000009536743,2.799999952316284,2.490000009536743,2.5899999141693115,424800
2024-09-23,2.640000104904175,2.8399999141693115,2.5899999141693115,2.740000009536743,255700
2024-09-24,2.799999952316284,2.9000000953674316,2.5299999713897705,2.6600000858306885,446700
2024-09-25,2.680000066757202,2.890000104904175,2.609999895095825,2.880000114440918,350800
2024-09-26,2.9000000953674316,3.0399999618530273,2.7100000381469727,2.799999952316284,298900
2024-09-27,2.8399999141693115,2.9600000381469727,2.6500000953674316,2.859999895095825,179600
2024-09-30,2.859999895095825,3.0,2.7200000286102295,2.799999952316284,145500
2024-10-01,2.7799999713897705,2.799999952316284,2.5799999237060547,2.6600000858306885,190100
2024-10-02,2.6700000762939453,2.759999990463257,2.5799999237060547,2.740000009536743,106400
2024-10-03,2.75,3.4600000381469727,2.75,3.2200000286102295,1055900
2024-10-04,3.259999990463257,3.390000104904175,2.9000000953674316,3.119999885559082,442800
2024-10-07,3.069999933242798,3.2200000286102295,2.9100000858306885,3.009999990463257,313800
2024-10-08,3.0,3.0799999237060547,2.9700000286102295,3.0399999618530273,167200
2024-10-09,3.2300000190734863,3.2300000190734863,2.9200000762939453,2.9700000286102295,249000
2024-10-10,2.9700000286102295,3.2200000286102295,2.9700000286102295,3.130000114440918,199100
2024-10-11,3.130000114440918,3.2899999618530273,3.0899999141693115,3.1700000762939453,109700
2024-10-14,3.200000047683716,3.799999952316284,3.200000047683716,3.75,524400
2024-10-15,3.690000057220459,3.740000009536743,3.359999895095825,3.5899999141693115,283100
2024-10-16,3.609999895095825,5.699999809265137,3.609999895095825,4.869999885559082,3365700
2024-10-17,5.039999961853027,5.380000114440918,4.349999904632568,4.449999809265137,1333400
2024-10-18,4.510000228881836,7.25,4.389999866485596,7.010000228881836,7717300
2024-10-21,9.3100004196167,9.779999732971191,7.869999885559082,8.829999923706055,12326900
2024-10-22,8.220000267028809,8.4399995803833,7.099999904632568,7.139999866485596,3390800
2024-10-23,7.110000133514404,7.840000152587891,6.480000019073486,6.78000020980835,1932300
2024-10-24,6.78000020980835,6.900000095367432,5.710000038146973,5.929999828338623,1774000
2024-10-25,5.900000095367432,7.699999809265137,5.840000152587891,7.349999904632568,3750300
2024-10-28,8.100000381469727,10.100000381469727,7.829999923706055,9.079999923706055,5817900
2024-10-29,9.930000305175781,14.199999809265137,9.369999885559082,12.3100004196167,15703300
2024-10-30,12.3100004196167,14.09000015258789,10.460000038146973,10.739999771118164,5905600
2024-10-31,10.760000228881836,11.069999694824219,8.699999809265137,9.720000267028809,3254900
2024-11-01,10.350000381469727,11.119999885559082,7.0,7.239999771118164,3891100
2024-11-04,7.230000019073486,7.650000095367432,6.650000095367432,7.150000095367432,1992700
2024-11-05,7.210000038146973,8.1899995803833,7.150000095367432,8.109999656677246,2000500
2024-11-06,8.65999984741211,8.960000038146973,7.909999847412109,8.300000190734863,1710900
2024-11-07,8.319999694824219,10.100000381469727,8.319999694824219,9.739999771118164,2560100
2024-11-08,9.489999771118164,9.920000076293945,8.699999809265137,8.979999542236328,1761000
2024-11-11,9.010000228881836,9.109999656677246,7.710000038146973,8.630000114440918,1594800
2024-11-12,8.460000038146973,9.399999618530273,8.239999771118164,8.449999809265137,1618600
2024-11-13,8.75,9.199999809265137,7.300000190734863,7.360000133514404,1760400
2024-11-14,7.409999847412109,7.760000228881836,7.289999961853027,7.329999923706055,855300
2024-11-15,7.25,7.25,6.309999942779541,6.480000019073486,1575300
2024-11-18,6.550000190734863,6.989999771118164,6.460000038146973,6.610000133514404,1222200
2024-11-19,6.5,6.559999942779541,5.980000019073486,6.190000057220459,1384300
2024-11-20,6.130000114440918,6.739999771118164,6.0,6.409999847412109,1060400
2024-11-21,6.480000019073486,6.909999847412109,5.840000152587891,6.809999942779541,2103500
2024-11-22,6.920000076293945,7.289999961853027,6.099999904632568,6.300000190734863,1659600
2024-11-25,6.389999866485596,6.630000114440918,6.059999942779541,6.269999980926514,1257900
2024-11-26,6.329999923706055,6.340000152587891,5.699999809265137,5.789999961853027,1104200
2024-11-27,5.829999923706055,6.0,5.5,5.75,1012800
2024-11-29,5.860000133514404,6.849999904632568,5.849999904632568,6.539999961853027,1737600
2024-12-02,6.650000095367432,6.78000020980835,5.699999809265137,5.710000038146973,1442500
2024-12-03,5.670000076293945,6.199999809265137,5.340000152587891,5.900000095367432,1004000
2024-12-04,6.010000228881836,6.039999961853027,5.599999904632568,5.820000171661377,813200
2024-12-05,5.820000171661377,5.980000019073486,5.489999771118164,5.710000038146973,894100
2024-12-06,5.71999979019165,6.21999979019165,5.610000133514404,5.869999885559082,849000
2024-12-09,5.940000057220459,6.190000057220459,5.429999828338623,5.489999771118164,980500
2024-12-10,5.420000076293945,5.650000095367432,5.380000114440918,5.590000152587891,438000
2024-12-11,5.599999904632568,5.760000228881836,5.400000095367432,5.71999979019165,511000
2024-12-12,5.639999866485596,5.760000228881836,5.170000076293945,5.210000038146973,569700
2024-12-13,5.139999866485596,5.269999980926514,4.710000038146973,4.760000228881836,1194600
2024-12-16,4.699999809265137,4.940000057220459,4.519999980926514,4.659999847412109,634000
2024-12-17,4.71999979019165,4.800000190734863,4.429999828338623,4.760000228881836,646000
2024-12-18,4.900000095367432,5.5,4.460000038146973,4.489999771118164,1649200
2024-12-19,4.599999904632568,4.849999904632568,4.480000019073486,4.53000020980835,497800
2024-12-20,4.400000095367432,4.789999961853027,4.369999885559082,4.659999847412109,383100
2024-12-23,4.699999809265137,4.869999885559082,4.429999828338623,4.570000171661377,562400
2024-12-24,4.639999866485596,5.139999866485596,4.449999809265137,5.119999885559082,472500
2024-12-26,5.130000114440918,5.760000228881836,4.949999809265137,5.639999866485596,1146700
2024-12-27,5.739999771118164,5.739999771118164,5.050000190734863,5.309999942779541,914700
2024-12-30,5.159999847412109,5.289999961853027,4.929999828338623,5.0,587800
2024-12-31,4.949999809265137,5.099999904632568,4.510000228881836,4.730000019073486,867600
2025-01-02,4.940000057220459,5.369999885559082,4.809999942779541,5.099999904632568,610800
2025-01-03,5.269999980926514,6.849999904632568,5.130000114440918,6.599999904632568,2583100
2025-01-06,6.949999809265137,7.110000133514404,6.119999885559082,6.369999885559082,1942300
2025-01-07,6.309999942779541,6.329999923706055,5.570000171661377,5.820000171661377,1101200
2025-01-08,5.639999866485596,5.639999866485596,5.130000114440918,5.409999847412109,741600
2025-01-10,5.340000152587891,6.03000020980835,5.210000038146973,5.980000019073486,1020400
2025-01-13,5.809999942779541,5.809999942779541,5.090000152587891,5.190000057220459,670000
2025-01-14,5.349999904632568,5.489999771118164,5.010000228881836,5.070000171661377,551900
2025-01-15,5.28000020980835,5.570000171661377,5.179999828338623,5.369999885559082,448800
2025-01-16,5.400000095367432,5.489999771118164,5.119999885559082,5.480000019073486,429800
2025-01-17,5.539999961853027,6.090000152587891,5.5,5.690000057220459,917700
2025-01-21,5.829999923706055,6.25,5.630000114440918,6.130000114440918,1144400
2025-01-22,6.25,7.489999771118164,6.099999904632568,7.199999809265137,3128300
2025-01-23,6.800000190734863,10.449999809265137,6.5,10.15999984741211,14433600
2025-01-24,9.15999984741211,9.539999961853027,7.739999771118164,8.029999732971191,7170400
2025-01-27,7.0,7.659999847412109,6.0,6.170000076293945,3395100
2025-01-28,6.440000057220459,7.519999980926514,6.300000190734863,7.210000038146973,4788600
2025-01-29,7.079999923706055,7.690000057220459,6.75,6.949999809265137,2105400
2025-01-30,7.199999809265137,9.149999618530273,7.150000095367432,8.760000228881836,6304200
2025-01-31,8.9399995803833,9.960000038146973,8.399999618530273,9.050000190734863,4973300
2025-02-03,8.289999961853027,9.5,8.050000190734863,9.300000190734863,3334000
2025-02-04,9.380000114440918,9.819999694824219,8.699999809265137,9.579999923706055,2719600
2025-02-05,9.75,10.479999542236328,9.15999984741211,9.470000267028809,4696200
2025-02-06,9.6899995803833,9.890000343322754,8.550000190734863,8.960000038146973,2112700
2025-02-07,9.020000457763672,12.680000305175781,8.989999771118164,12.130000114440918,11706400
2025-02-10,12.0600004196167,12.600000381469727,11.010000228881836,11.670000076293945,3643000
2025-02-11,11.5,12.279999732971191,10.569999694824219,10.84000015258789,2977300
2025-02-12,10.3100004196167,14.65999984741211,10.3100004196167,14.600000381469727,7874500
2025-02-13,14.800000190734863,15.1899995803833,13.289999961853027,15.1899995803833,4308800
2025-02-14,15.300000190734863,16.899999618530273,13.380000114440918,13.5600004196167,4895700
2025-02-18,14.430000305175781,15.579999923706055,12.829999923706055,13.479999542236328,3211300
2025-02-19,13.550000190734863,14.380000114440918,12.649999618530273,12.970000267028809,2317100
2025-02-20,12.699999809265137,12.859999656677246,11.8100004196167,12.470000267028809,1850300
2025-02-21,12.850000381469727,13.729999542236328,11.260000228881836,11.319999694824219,2643400
2025-02-24,11.069999694824219,11.180000305175781,9.630000114440918,9.699999809265137,2917400
2025-02-25,9.600000381469727,9.819999694824219,8.640000343322754,9.15999984741211,2049700
2025-02-26,10.010000228881836,10.4399995803833,9.520000457763672,9.859999656677246,2283900
2025-02-27,10.350000381469727,12.100000381469727,9.699999809265137,9.989999771118164,4043700
2025-02-28,9.510000228881836,11.4399995803833,9.130000114440918,10.850000381469727,2639000
2025-03-03,11.550000190734863,11.859999656677246,9.539999961853027,9.569999694824219,2168800
2025-03-04,9.34000015258789,11.329999923706055,9.329999923706055,10.869999885559082,2676800
2025-03-05,10.819999694824219,10.899999618530273,9.819999694824219,10.210000038146973,2160500
2025-03-06,9.8100004196167,10.069999694824219,9.100000381469727,9.170000076293945,1934500
2025-03-07,9.319999694824219,9.619999885559082,8.699999809265137,9.300000190734863,1439400
2025-03-10,8.949999809265137,9.270000457763672,7.519999980926514,7.869999885559082,2754800
2025-03-11,8.0,8.489999771118164,7.809999942779541,8.289999961853027,1542200
2025-03-12,8.859999656677246,9.130000114440918,8.390000343322754,8.630000114440918,1568800
2025-03-13,8.569999694824219,8.630000114440918,8.069999694824219,8.15999984741211,677000
2025-03-14,8.510000228881836,9.369999885559082,8.510000228881836,9.350000381469727,1350700
2025-03-17,9.779999732971191,10.100000381469727,9.270000457763672,9.470000267028809,1621400
2025-03-18,9.25,9.5600004196167,8.760000228881836,9.210000038146973,914100
2025-03-19,9.40999984741211,10.289999961853027,9.180000305175781,9.90999984741211,1184500
2025-03-20,9.680000305175781,10.100000381469727,9.359999656677246,9.420000076293945,1132000
2025-03-21,9.010000228881836,9.239999771118164,8.75,8.949999809265137,872300
2025-03-24,9.34000015258789,9.729999542236328,9.010000228881836,9.449999809265137,921100
2025-03-25,9.34000015258789,9.399999618530273,8.3100004196167,8.4399995803833,1449500
2025-03-26,8.510000228881836,8.739999771118164,7.800000190734863,7.980000019073486,1015400
2025-03-27,8.100000381469727,8.100000381469727,7.659999847412109,7.730000019073486,859700
2025-03-28,7.75,7.889999866485596,7.039999961853027,7.190000057220459,1268100
2025-03-31,6.849999904632568,7.480000019073486,6.71999979019165,7.460000038146973,1859600
2025-04-01,7.480000019073486,7.820000171661377,6.940000057220459,7.429999828338623,1262200
2025-04-02,7.150000095367432,7.920000076293945,7.110000133514404,7.900000095367432,811500
2025-04-03,7.110000133514404,7.550000190734863,7.099999904632568,7.460000038146973,757500
2025-04-04,6.949999809265137,7.130000114440918,6.099999904632568,6.820000171661377,1592700
2025-04-07,6.260000228881836,7.679999828338623,6.190000057220459,6.989999771118164,1588600
2025-04-08,7.480000019073486,7.550000190734863,6.550000190734863,6.730000019073486,1162100
2025-04-09,6.690000057220459,7.920000076293945,6.599999904632568,7.539999961853027,1366600
2025-04-10,7.199999809265137,8.140000343322754,7.179999828338623,7.539999961853027,1306700
2025-04-11,7.599999904632568,8.119999885559082,7.599999904632568,8.050000190734863,1087300
2025-04-14,8.300000190734863,8.4399995803833,7.570000171661377,7.599999904632568,1059700
2025-04-15,7.579999923706055,7.929999828338623,7.28000020980835,7.409999847412109,727800
2025-04-16,7.21999979019165,7.619999885559082,7.119999885559082,7.260000228881836,490200
2025-04-17,7.420000076293945,7.650000095367432,7.300000190734863,7.5,462500
2025-04-21,7.360000133514404,7.420000076293945,6.849999904632568,7.099999904632568,651300
2025-04-22,7.25,7.96999979019165,7.25,7.960000038146973,832000
2025-04-23,8.350000381469727,8.609999656677246,8.229999542236328,8.34000015258789,861000
2025-04-24,8.399999618530273,8.890000343322754,8.399999618530273,8.850000381469727,693200
2025-04-25,8.8100004196167,9.029999732971191,8.649999618530273,9.029999732971191,550700
2025-04-28,9.130000114440918,9.350000381469727,8.609999656677246,9.15999984741211,761000
2025-04-29,9.100000381469727,9.289999961853027,8.890000343322754,9.210000038146973,376100
2025-04-30,8.949999809265137,9.069999694824219,8.520000457763672,8.960000038146973,346200
2025-05-01,9.130000114440918,9.529999732971191,8.9399995803833,9.34000015258789,562500
2025-05-02,9.729999542236328,9.890000343322754,9.260000228881836,9.260000228881836,673500
2025-05-05,9.09000015258789,9.359999656677246,8.899999618530273,9.1899995803833,438700
2025-05-06,8.949999809265137,9.800000190734863,8.850000381469727,9.6899995803833,970600
2025-05-07,9.600000381469727,9.649999618530273,9.210000038146973,9.350000381469727,489500
2025-05-08,9.65999984741211,9.920000076293945,9.390000343322754,9.710000038146973,644300
2025-05-09,9.8100004196167,10.050000190734863,9.420000076293945,9.539999961853027,570700
2025-05-12,10.149999618530273,11.079999923706055,9.550000190734863,10.930000305175781,1620300
2025-05-13,10.699999809265137,12.1899995803833,10.699999809265137,11.3100004196167,1452500
2025-05-14,11.579999923706055,12.640000343322754,11.180000305175781,11.25,1469900
2025-05-15,10.739999771118164,11.039999961853027,10.609999656677246,10.9399995803833,708000
2025-05-16,11.050000190734863,11.489999771118164,10.300000190734863,10.369999885559082,1148000
2025-05-19,9.960000038146973,10.270000457763672,9.720000267028809,10.260000228881836,823600
2025-05-20,10.329999923706055,10.449999809265137,9.890000343322754,10.010000228881836,552100
2025-05-21,9.890000343322754,10.859999656677246,9.819999694824219,10.170000076293945,1267500
2025-05-22,10.1899995803833,10.880000114440918,9.899999618530273,10.65999984741211,1134100
2025-05-23,12.069999694824219,16.139999389648438,11.600000381469727,15.199999809265137,19607200
2025-05-27,15.539999961853027,16.489999771118164,14.869999885559082,16.34000015258789,5040800
2025-05-28,16.15999984741211,17.700000762939453,16.1200008392334,16.719999313354492,4394200
2025-05-29,17.049999237060547,17.139999389648438,14.220000267028809,14.949999809265137,3516300
2025-05-30,14.5,15.300000190734863,13.899999618530273,15.050000190734863,2196200
2025-06-02,15.0600004196167,16.25,13.6899995803833,14.210000038146973,2344500
2025-06-03,15.729999542236328,16.440000534057617,14.069999694824219,14.819999694824219,2963100
2025-06-04,14.829999923706055,15.640000343322754,13.949999809265137,15.619999885559082,1622100
2025-06-05,15.699999809265137,16.739999771118164,14.350000381469727,14.6899995803833,1838800
2025-06-06,14.699999809265137,15.760000228881836,14.199999809265137,15.75,1754800
2025-06-09,16.260000228881836,16.299999237060547,15.25,15.729999542236328,1590000
2025-06-10,16.139999389648438,16.649999618530273,13.170000076293945,13.430000305175781,3758500
2025-06-11,13.739999771118164,15.09000015258789,13.510000228881836,14.260000228881836,3442400
2025-06-12,14.0,14.390000343322754,13.600000381469727,13.600000381469727,1262600
2025-06-13,12.789999961853027,13.600000381469727,12.649999618530273,12.899999618530273,1658100
2025-06-16,13.619999885559082,14.289999961853027,13.25,13.430000305175781,1698400
2025-06-17,13.600000381469727,13.869999885559082,12.930000305175781,13.029999732971191,1169100
2025-06-18,13.109999656677246,13.300000190734863,12.75,13.050000190734863,1010900
2025-06-20,13.220000267028809,13.460000038146973,12.760000228881836,13.329999923706055,2035100
2025-06-23,13.260000228881836,13.270000457763672,12.010000228881836,12.65999984741211,1664500
2025-06-24,12.9399995803833,14.6899995803833,12.920000076293945,14.630000114440918,2426900
2025-06-25,14.640000343322754,14.710000038146973,13.800000190734863,13.8100004196167,1356500
2025-06-26,14.069999694824219,14.09000015258789,13.350000381469727,13.5600004196167,995400
2025-06-27,13.979999542236328,14.100000381469727,12.899999618530273,13.300000190734863,4518900
2025-06-30,13.380000114440918,13.859999656677246,13.050000190734863,13.369999885559082,981100
2025-07-01,13.210000038146973,13.279999732971191,12.449999809265137,12.670000076293945,1700000
2025-07-02,12.699999809265137,12.770000457763672,12.329999923706055,12.550000190734863,1286100
2025-07-03,12.600000381469727,12.850000381469727,12.369999885559082,12.779999732971191,639100
2025-07-07,12.8100004196167,13.180000305175781,12.220000267028809,12.920000076293945,1302900
2025-07-08,13.140000343322754,13.289999961853027,11.800000190734863,12.119999885559082,2119400
2025-07-09,12.25,12.25,11.649999618530273,12.119999885559082,961400
2025-07-10,12.119999885559082,12.329999923706055,11.640000343322754,12.130000114440918,1271600
2025-07-11,12.079999923706055,12.510000228881836,11.970000267028809,11.970000267028809,945300
2025-07-14,11.9399995803833,14.109999656677246,11.680000305175781,13.9399995803833,2282400
2025-07-15,14.0,14.0,13.210000038146973,13.369999885559082,1626900
2025-07-16,13.460000038146973,14.729999542236328,12.979999542236328,14.520000457763672,2321800
2025-07-17,14.65999984741211,14.920000076293945,14.039999961853027,14.890000343322754,1665000
2025-07-18,15.199999809265137,15.670000076293945,14.819999694824219,15.069999694824219,1694500
2025-07-21,15.100000381469727,15.100000381469727,13.140000343322754,13.220000267028809,2541100
2025-07-22,13.199999809265137,13.449999809265137,12.579999923706055,13.279999732971191,1357000
2025-07-23,13.630000114440918,14.380000114440918,13.449999809265137,13.84000015258789,1374400
2025-07-24,13.84000015258789,15.199999809265137,13.75,14.949999809265137,2212600
2025-07-25,14.239999771118164,15.4399995803833,14.220000267028809,14.760000228881836,1238800
2025-07-28,15.170000076293945,15.329999923706055,14.260000228881836,14.989999771118164,855400
2025-07-29,14.789999961853027,15.59000015258789,13.640000343322754,13.649999618530273,1431200
2025-07-30,13.510000228881836,14.489999771118164,13.460000038146973,13.819999694824219,954400
2025-07-31,13.829999923706055,14.289999961853027,13.399999618530273,13.479999542236328,808600
2025-08-01,12.949999809265137,13.350000381469727,12.520000457763672,13.079999923706055,986500
2025-08-04,13.1899995803833,14.199999809265137,13.100000381469727,14.180000305175781,890200
2025-08-05,14.260000228881836,14.960000038146973,13.770000457763672,14.270000457763672,1168700
2025-08-06,14.3100004196167,14.979999542236328,14.3100004196167,14.65999984741211,1036300
2025-08-07,14.75,14.869999885559082,13.479999542236328,14.069999694824219,1002700
2025-08-08,13.880000114440918,14.430000305175781,13.420000076293945,13.770000457763672,754300
2025-08-11,14.0,14.399999618530273,13.430000305175781,13.5,998800
2025-08-12,13.569999694824219,17.389999389648438,13.539999961853027,17.110000610351562,5229200
2025-08-13,17.389999389648438,18.799999237060547,16.68000030517578,17.139999389648438,2951000
2025-08-14,16.5,17.729999542236328,15.779999732971191,16.299999237060547,1625700
2025-08-15,16.399999618530273,16.600000381469727,14.90999984741211,16.170000076293945,1520400
2025-08-18,16.06999969482422,16.299999237060547,14.949999809265137,15.3100004196167,1105900
2025-08-19,15.25,15.34000015258789,13.899999618530273,13.920000076293945,1511600
2025-08-20,13.699999809265137,13.869999885559082,12.930000305175781,13.680000305175781,1575400
2025-08-21,13.920000076293945,14.239999771118164,13.680000305175781,14.220000267028809,1225100
2025-08-22,14.380000114440918,15.600000381469727,13.979999542236328,15.350000381469727,1401300
2025-08-25,15.350000381469727,15.8100004196167,14.8100004196167,15.289999961853027,1051600
2025-08-26,15.300000190734863,17.030000686645508,15.300000190734863,15.859999656677246,1552400
2025-08-27,15.880000114440918,15.920000076293945,15.449999809265137,15.5600004196167,852300
2025-08-28,15.5600004196167,16.190000534057617,15.390000343322754,15.539999961853027,1011000
2025-08-29,15.520000457763672,15.829999923706055,14.670000076293945,15.130000114440918,1047100
2025-09-02,14.59000015258789,15.15999984741211,14.020000457763672,15.130000114440918,876700
2025-09-03,15.260000228881836,15.34000015258789,14.329999923706055,14.489999771118164,789700
2025-09-04,14.3100004196167,14.529999732971191,13.600000381469727,14.119999885559082,1074300
2025-09-05,14.300000190734863,14.5,13.670000076293945,14.229999542236328,884800
2025-09-08,14.369999885559082,14.630000114440918,13.850000381469727,14.3100004196167,963200
2025-09-09,14.34000015258789,14.960000038146973,14.050000190734863,14.4399995803833,1067300
2025-09-10,14.720000267028809,14.890000343322754,13.789999961853027,13.800000190734863,1350300
2025-09-11,13.729999542236328,14.25,13.59000015258789,14.069999694824219,1183800
2025-09-12,14.069999694824219,14.579999923706055,13.880000114440918,13.970000267028809,1523400
2025-09-15,14.010000228881836,15.699999809265137,13.829999923706055,15.579999923706055,2442300
2025-09-16,15.699999809265137,15.789999961853027,14.770000457763672,15.15999984741211,1406100
2025-09-17,15.140000343322754,15.270000457763672,14.229999542236328,14.770000457763672,2043700
2025-09-18,15.0600004196167,15.859999656677246,14.899999618530273,15.140000343322754,2051300
2025-09-19,15.15999984741211,18.450000762939453,15.15999984741211,18.260000228881836,5573800
2025-09-22,18.059999465942383,20.209999084472656,17.09000015258789,20.149999618530273,3926500
2025-09-23,20.43000030517578,21.700000762939453,19.90999984741211,20.850000381469727,3997300
2025-09-24,20.899999618530273,21.280000686645508,18.510000228881836,18.65999984741211,3741000
2025-09-25,17.6200008392334,19.8799991607666,17.079999923706055,19.440000534057617,3118500
2025-09-26,19.440000534057617,21.760000228881836,19.31999969482422,21.440000534057617,3291700
2025-09-29,22.6200008392334,23.3700008392334,21.25,22.739999771118164,3741200
2025-09-30,22.440000534057617,22.93000030517578,20.700000762939453,21.209999084472656,2429800
2025-10-01,20.8799991607666,21.1200008392334,19.729999542236328,20.489999771118164,2217900
2025-10-02,21.5,21.700000762939453,20.190000534057617,20.93000030517578,2119300
2025-10-03,21.43000030517578,23.0,20.610000610351562,21.209999084472656,2972600
2025-10-06,22.40999984741211,24.780000686645508,22.239999771118164,22.68000030517578,3361700
2025-10-07,23.170000076293945,23.739999771118164,21.399999618530273,23.149999618530273,2385400
2025-10-08,23.34000015258789,23.600000381469727,22.440000534057617,23.09000015258789,1886900
2025-10-09,23.889999389648438,24.3700008392334,22.049999237060547,23.81999969482422,2120100
2025-10-10,24.229999542236328,25.979999542236328,22.049999237060547,22.079999923706055,3960500
2025-10-13,22.790000915527344,27.59000015258789,22.790000915527344,26.90999984741211,4007000
2025-10-14,25.600000381469727,26.739999771118164,24.6200008392334,25.690000534057617,2675000
2025-10-15,28.280000686645508,29.200000762939453,24.75,27.239999771118164,3325700
2025-10-16,27.770000457763672,31.34000015258789,26.020000457763672,26.40999984741211,3561800
2025-10-17,25.459999084472656,26.329999923706055,23.1200008392334,23.690000534057617,2748600
2025-10-20,24.850000381469727,26.649999618530273,23.959999084472656,26.079999923706055,1612000
2025-10-21,25.639999389648438,25.75,22.639999389648438,23.270000457763672,2122500
2025-10-22,22.459999084472656,23.0,20.34000015258789,21.270000457763672,2234700
2025-10-23,22.3799991607666,23.690000534057617,21.799999237060547,23.100000381469727,1798700
2025-10-24,24.200000762939453,26.110000610351562,23.8799991607666,25.329999923706055,2241300
2025-10-27,26.0,26.09000015258789,23.350000381469727,23.790000915527344,1256900
2025-10-28,24.280000686645508,26.200000762939453,23.690000534057617,24.420000076293945,1342400
2025-10-29,24.139999389648438,27.200000762939453,23.540000915527344,26.469999313354492,1649000
2025-10-30,25.440000534057617,28.420000076293945,24.799999237060547,27.719999313354492,1859900
2025-10-31,27.719999313354492,28.440000534057617,25.8799991607666,26.829999923706055,1566600
2025-11-03,27.260000228881836,27.350000381469727,24.329999923706055,24.780000686645508,1623100
2025-11-04,23.020000457763672,23.799999237060547,22.059999465942383,22.6299991607666,1576300
2025-11-05,23.09000015258789,23.670000076293945,22.40999984741211,23.190000534057617,1170000
2025-11-06,23.260000228881836,23.5,17.90999984741211,17.989999771118164,3075100
2025-11-07,17.010000228881836,18.770000457763672,16.579999923706055,18.75,2528300
2025-11-10,20.309999465942383,20.989999771118164,19.479999542236328,20.549999237060547,1679500
2025-11-11,20.020000457763672,20.270000457763672,19.0,20.100000381469727,942600
2025-11-12,20.489999771118164,20.850000381469727,19.639999389648438,20.15999984741211,1002500
2025-11-13,20.079999923706055,20.34000015258789,17.709999084472656,17.959999084472656,1345600
2025-11-14,17.020000457763672,18.920000076293945,16.799999237060547,17.860000610351562,1332000
2025-11-17,17.56999969482422,17.790000915527344,16.3700008392334,17.020000457763672,1449700
2025-11-18,16.65999984741211,17.450000762939453,16.360000610351562,16.940000534057617,1052400
2025-11-19,17.100000381469727,17.770000457763672,16.790000915527344,17.049999237060547,1033600
2025-11-20,17.559999465942383,17.799999237060547,14.430000305175781,14.529999732971191,2228000
2025-11-21,14.5,14.59000015258789,13.289999961853027,14.020000457763672,1927100
2025-11-24,14.170000076293945,15.119999885559082,13.880000114440918,14.970000267028809,1232900
2025-11-25,14.710000038146973,15.260000228881836,14.25,15.09000015258789,817900
2025-11-26,15.220000267028809,15.5,15.029999732971191,15.170000076293945,855800
2025-11-28,15.3100004196167,16.479999542236328,15.300000190734863,16.260000228881836,664300
2025-12-01,15.670000076293945,16.040000915527344,15.140000343322754,15.170000076293945,926000
2025-12-02,15.229999542236328,16.389999389648438,15.170000076293945,15.720000267028809,1130000
2025-12-03,15.699999809265137,16.299999237060547,15.300000190734863,16.229999542236328,780800
2025-12-04,16.190000534057617,17.950000762939453,16.059999465942383,17.790000915527344,1068100
2025-12-05,17.8799991607666,17.90999984741211,16.940000534057617,17.139999389648438,954800
2025-12-08,17.43000030517578,17.90999984741211,16.700000762939453,16.940000534057617,861000
2025-12-09,16.809999465942383,17.049999237060547,16.440000534057617,16.760000228881836,631800
2025-12-10,16.729999542236328,16.899999618530273,15.680000305175781,16.559999465942383,788100
2025-12-11,16.030000686645508,17.190000534057617,15.829999923706055,17.06999969482422,757000
2025-12-12,17.06999969482422,17.110000610351562,15.399999618530273,15.449999809265137,1049300
2025-12-15,15.6899995803833,15.739999771118164,14.4399995803833,14.489999771118164,1127100
2025-12-16,14.229999542236328,14.899999618530273,14.170000076293945,14.5,862800
2025-12-17,14.5600004196167,14.84000015258789,12.949999809265137,13.029999732971191,1477800
2025-12-18,13.5600004196167,14.119999885559082,13.25,13.510000228881836,1009400
2025-12-19,13.510000228881836,14.300000190734863,13.510000228881836,14.0,3916700
2025-12-22,14.489999771118164,14.979999542236328,14.010000228881836,14.779999732971191,1093300
2025-12-23,14.390000343322754,15.1899995803833,14.109999656677246,14.539999961853027,885700
2025-12-24,14.399999618530273,14.4399995803833,14.050000190734863,14.430000305175781,386300
2025-12-26,14.369999885559082,14.399999618530273,13.550000190734863,13.75,878900
2025-12-29,13.449999809265137,13.949999809265137,12.979999542236328,13.069999694824219,1068000
2025-12-30,13.119999885559082,13.369999885559082,12.729999542236328,12.739999771118164,933300
2025-12-31,12.729999542236328,12.890000343322754,12.460000038146973,12.640000343322754,1108900
2026-01-02,12.880000114440918,14.130000114440918,12.770000457763672,14.109999656677246,969400
2026-01-05,15.010000228881836,15.9399995803833,14.789999961853027,15.609999656677246,1283700
2026-01-06,16.239999771118164,16.520000457763672,15.5,16.270000457763672,1241900
2026-01-07,16.049999237060547,16.68000030517578,14.539999961853027,16.399999618530273,999600
2026-01-08,16.350000381469727,16.440000534057617,15.720000267028809,16.110000610351562,667000
2026-01-09,17.790000915527344,17.8700008392334,16.440000534057617,16.510000228881836,1196200
2026-01-12,16.65999984741211,16.90999984741211,16.149999618530273,16.510000228881836,672200
2026-01-13,16.770000457763672,16.969999313354492,16.209999084472656,16.350000381469727,593600
2026-01-14,16.459999084472656,18.010000228881836,16.049999237060547,18.010000228881836,1723500
2026-01-15,18.0,18.479999542236328,17.520000457763672,17.56999969482422,1366200
2026-01-16,17.860000610351562,18.329999923706055,17.049999237060547,17.59000015258789,1066200
2026-01-20,16.75,17.969999313354492,16.510000228881836,17.170000076293945,1044300
2026-01-21,18.3700008392334,18.90999984741211,16.8799991607666,18.06999969482422,1504100
2026-01-22,18.420000076293945,18.799999237060547,18.010000228881836,18.350000381469727,791800
2026-01-23,18.469999313354492,18.549999237060547,17.43000030517578,17.6200008392334,757400
2026-01-26,18.170000076293945,18.540000915527344,15.84000015258789,15.979999542236328,1230000
2026-01-27,16.1299991607666,17.200000762939453,16.0,17.06999969482422,761400
2026-01-28,17.260000228881836,18.1200008392334,17.010000228881836,17.780000686645508,848200
2026-01-29,18.049999237060547,18.100000381469727,15.850000381469727,16.530000686645508,1000600
2026-01-30,16.420000076293945,17.299999237060547,15.25,15.390000343322754,977900
2026-02-02,15.260000228881836,15.899999618530273,14.65999984741211,14.979999542236328,865000
2026-02-03,15.600000381469727,17.040000915527344,15.510000228881836,16.809999465942383,1092400
2026-02-04,16.389999389648438,16.520000457763672,13.5,14.289999961853027,1374300
2026-02-05,13.720000267028809,14.109999656677246,13.260000228881836,13.510000228881836,1039800
2026-02-06,14.100000381469727,15.149999618530273,13.729999542236328,14.9399995803833,1098400
2026-02-09,14.609999656677246,15.109999656677246,14.300000190734863,14.789999961853027,689900
2026-02-10,14.649999618530273,14.760000228881836,13.930000305175781,14.09000015258789,594500
2026-02-11,14.34000015258789,14.569999694824219,13.079999923706055,13.460000038146973,917000
2026-02-12,13.5600004196167,13.739999771118164,12.569999694824219,12.619999885559082,1003400
2026-02-13,12.630000114440918,13.579999923706055,12.600000381469727,13.039999961853027,742000
2026-02-17,13.050000190734863,13.520000457763672,12.529999732971191,13.210000038146973,523800
2026-02-18,13.270000457763672,13.819999694824219,12.869999885559082,13.210000038146973,518200
2026-02-19,13.020000457763672,13.479999542236328,12.710000038146973,13.420000076293945,427300
2026-02-20,13.149999618530273,13.569999694824219,12.6899995803833,12.880000114440918,545300
2026-02-23,12.609999656677246,13.0,12.239999771118164,12.479999542236328,773900
2026-02-24,12.460000038146973,13.050000190734863,12.0600004196167,13.020000457763672,714700
2026-02-25,13.180000305175781,13.930000305175781,12.979999542236328,13.779999732971191,723400
2026-02-26,13.770000457763672,14.0,13.100000381469727,13.869999885559082,787000
2026-02-27,13.300000190734863,13.479999542236328,12.800000190734863,12.930000305175781,959100
2026-03-02,12.5,13.319999694824219,12.279999732971191,12.960000038146973,907700
2026-03-03,12.210000038146973,12.600000381469727,11.350000381469727,12.489999771118164,1395500
2026-03-04,12.649999618530273,13.029999732971191,12.4399995803833,12.829999923706055,723600
2026-03-05,12.529999732971191,12.75,11.699999809265137,12.149999618530273,668500
2026-03-06,11.699999809265137,12.489999771118164,11.350000381469727,11.449999809265137,1038600
2026-03-09,11.1899995803833,11.739999771118164,10.890000343322754,11.680000305175781,1630100
2026-03-10,11.729999542236328,12.479999542236328,11.729999542236328,12.100000381469727,1136300
2026-03-11,11.920000076293945,12.289999961853027,11.890000343322754,12.130000114440918,891700
2026-03-12,11.869999885559082,12.020000457763672,11.390000343322754,11.8100004196167,733300
2026-03-13,11.869999885559082,12.25,11.3100004196167,11.380000114440918,565500
2026-03-16,11.550000190734863,11.819999694824219,11.300000190734863,11.449999809265137,657100
2026-03-17,11.829999923706055,12.069999694824219,11.289999961853027,11.539999961853027,674100
2026-03-18,11.520000457763672,11.520000457763672,10.979999542236328,10.979999542236328,675000
2026-03-19,10.729999542236328,10.829999923706055,10.029999732971191,10.640000343322754,1055200
2026-03-20,10.579999923706055,10.680000305175781,10.029999732971191,10.34000015258789,1745600
2026-03-23,10.229999542236328,10.859999656677246,10.229999542236328,10.720000267028809,1218400
2026-03-24,10.5,11.149999618530273,10.479999542236328,10.9399995803833,681200
2026-03-25,11.25,11.529999732971191,11.039999961853027,11.300000190734863,890600
2026-03-26,10.84000015258789,11.25,10.8100004196167,10.979999542236328,466900
2026-03-27,10.880000114440918,11.329999923706055,10.680000305175781,10.699999809265137,642400
2026-03-30,10.699999809265137,10.739999771118164,9.779999732971191,9.850000381469727,1081300
2026-03-31,10.149999618530273,10.680000305175781,10.079999923706055,10.65999984741211,1065400
2026-04-01,11.350000381469727,11.5,10.59000015258789,10.619999885559082,970500
2026-04-02,10.039999961853027,11.380000114440918,10.039999961853027,11.09000015258789,642700
2026-04-06,11.100000381469727,11.260000228881836,10.4399995803833,10.529999732971191,487100
2026-04-07,10.329999923706055,10.520000457763672,9.90999984741211,10.319999694824219,579400
2026-04-08,11.399999618530273,11.600000381469727,10.789999961853027,11.199999809265137,809100
2026-04-09,11.0,11.130000114440918,10.609999656677246,10.760000228881836,494400
2026-04-10,10.819999694824219,11.369999885559082,10.75,10.850000381469727,452800
2026-04-13,10.75,11.489999771118164,10.449999809265137,11.460000038146973,589300
2026-04-14,12.119999885559082,12.5,11.619999885559082,11.850000381469727,1114700
2026-04-15,12.210000038146973,12.630000114440918,11.800000190734863,12.140000343322754,1093900
2026-04-16,12.770000457763672,12.949999809265137,11.670000076293945,11.979999542236328,877700
2026-04-17,12.359999656677246,13.130000114440918,12.229999542236328,12.720000267028809,1170700
2026-04-20,12.449999809265137,12.949999809265137,12.199999809265137,12.930000305175781,765300
2026-04-21,13.210000038146973,13.4399995803833,12.460000038146973,12.609999656677246,1158100
2026-04-22,13.029999732971191,13.6899995803833,12.90999984741211,13.65999984741211,826000
2026-04-23,13.699999809265137,14.199999809265137,12.680000305175781,13.0,1119400
2026-04-24,13.3100004196167,13.399999618530273,12.489999771118164,12.609999656677246,839500
2026-04-27,12.640000343322754,13.289999961853027,12.59000015258789,13.130000114440918,770500
2026-04-28,12.630000114440918,13.050000190734863,12.25,12.539999961853027,714900
2026-04-29,12.640000343322754,12.640000343322754,11.260000228881836,11.380000114440918,780200
2026-04-30,11.609999656677246,13.109999656677246,11.609999656677246,13.050000190734863,833000
2026-05-01,12.850000381469727,13.170000076293945,12.449999809265137,12.569999694824219,724700
2026-05-04,12.640000343322754,12.869999885559082,12.199999809265137,12.399999618530273,575500
2026-05-05,12.609999656677246,13.09000015258789,12.529999732971191,13.0,718800
2026-05-06,13.119999885559082,14.359999656677246,12.869999885559082,14.329999923706055,1283000
2026-05-07,14.210000038146973,14.5,13.510000228881836,13.619999885559082,940700
2026-05-08,13.8100004196167,13.890000343322754,13.130000114440918,13.430000305175781,832200
2026-05-11,13.289999961853027,14.850000381469727,13.0600004196167,14.210000038146973,1093600
2026-05-12,13.890000343322754,13.899999618530273,12.899999618530273,13.420000076293945,968700
2026-05-13,13.539999961853027,13.729999542236328,12.880000114440918,12.90999984741211,701900
2026-05-14,12.850000381469727,13.079999923706055,12.229999542236328,12.829999923706055,644100
2026-05-15,12.229999542236328,12.34000015258789,11.40999984741211,11.4399995803833,1109700
2026-05-18,11.510000228881836,11.5600004196167,10.630000114440918,10.850000381469727,834600
2026-05-19,10.569999694824219,10.710000038146973,10.210000038146973,10.399999618530273,683300
2026-05-20,10.649999618530273,11.1899995803833,10.460000038146973,10.979999542236328,981900
2026-05-21,10.899999618530273,11.680000305175781,10.850000381469727,11.40999984741211,665900
2026-05-22,11.579999923706055,11.949999809265137,11.1899995803833,11.220000267028809,863500
2026-05-26,11.779999732971191,12.170000076293945,11.520000457763672,11.59000015258789,882200
2026-05-27,11.619999885559082,11.619999885559082,11.220000267028809,11.279999732971191,707600
2026-05-28,11.25,11.789999961853027,11.15999984741211,11.59000015258789,820300
2026-05-29,11.5,11.640000343322754,10.890000343322754,11.479999542236328,885200
2026-06-01,11.140000343322754,11.869999885559082,11.109999656677246,11.5600004196167,1089800
2026-06-02,11.569999694824219,12.6899995803833,11.449999809265137,12.140000343322754,1605900
2026-06-03,11.979999542236328,11.979999542236328,10.920000076293945,10.970000267028809,1113900
2026-06-04,10.869999885559082,11.260000228881836,10.819999694824219,11.069999694824219,794800
2026-06-05,10.84000015258789,10.84000015258789,9.399999618530273,9.420000076293945,1912000
2026-06-08,10.130000114440918,10.210000038146973,9.350000381469727,9.5,1098500
2026-06-09,9.5600004196167,9.640000343322754,8.819999694824219,9.15999984741211,1129500
2026-06-10,9.010000228881836,9.229999542236328,8.680000305175781,8.720000267028809,1060200
2026-06-11,8.930000305175781,9.260000228881836,8.829999923706055,9.15999984741211,922200
2026-06-12,9.350000381469727,9.829999923706055,9.260000228881836,9.399999618530273,1291300
2026-06-15,10.029999732971191,10.350000381469727,9.90999984741211,9.970000267028809,943400
2026-06-16,9.979999542236328,10.100000381469727,9.260000228881836,9.279999732971191,952200
2026-06-17,9.369999885559082,9.670000076293945,9.229999542236328,9.289999961853027,838200
2026-06-18,9.6899995803833,9.880000114440918,9.369999885559082,9.829999923706055,1369500
2026-06-22,9.680000305175781,10.180000305175781,9.510000228881836,9.949999809265137,1237200
2026-06-23,9.350000381469727,10.279999732971191,9.279999732971191,9.3100004196167,799000
2026-06-24,9.239999771118164,9.34000015258789,8.90999984741211,9.069999694824219,725100
2026-06-25,9.25,9.3100004196167,8.75,8.90999984741211,690200
2026-06-26,8.699999809265137,8.930000305175781,8.420000076293945,8.65999984741211,2606600
2026-06-29,8.760000228881836,8.890000343322754,8.489999771118164,8.770000457763672,810600
2026-06-30,8.770000457763672,8.890000343322754,8.600000381469727,8.789999961853027,688900
2026-07-01,8.699999809265137,9.430000305175781,8.699999809265137,8.90999984741211,664200
2026-07-02,9.010000228881836,9.380000114440918,8.5,8.640000343322754,890000
2026-07-06,8.800000190734863,9.069999694824219,8.630000114440918,8.920000076293945,604700
2026-07-07,8.789999961853027,8.789999961853027,8.119999885559082,8.229999542236328,1121000
2026-07-08,8.020000457763672,8.539999961853027,7.900000095367432,8.420000076293945,899000
2026-07-09,8.5,8.65999984741211,8.34000015258789,8.59000015258789,441100
2026-07-10,8.630000114440918,8.75,8.3100004196167,8.420000076293945,351400
2026-07-13,8.3100004196167,8.359999656677246,7.610000133514404,7.699999809265137,757600
2026-07-14,7.920000076293945,8.050000190734863,7.820000171661377,7.980000019073486,595600
2026-07-15,8.0,8.210000038146973,7.570000171661377,7.769999980926514,554700
2026-07-16,7.550000190734863,7.550000190734863,7.110000133514404,7.199999809265137,966700
2026-07-17,7.0,7.53000020980835,6.920000076293945,7.28000020980835,657400
2026-07-20,7.300000190734863,7.53000020980835,7.199999809265137,7.449999809265137,637300
