date,open,high,low,close,volume
2025-01-15,10.039999961853027,10.039999961853027,10.020000457763672,10.039999961853027,14722500
2025-01-16,10.029999732971191,10.039999961853027,10.020000457763672,10.020000457763672,294600
2025-01-17,10.039999961853027,10.039999961853027,10.029999732971191,10.029999732971191,189300
2025-01-21,10.050000190734863,10.050000190734863,10.029999732971191,10.029999732971191,3900
2025-01-22,10.050000190734863,10.050000190734863,10.039999961853027,10.039999961853027,3600
2025-01-23,10.029999732971191,10.029999732971191,10.029999732971191,10.029999732971191,600
2025-01-24,10.039999961853027,10.039999961853027,10.039999961853027,10.039999961853027,10000
2025-01-27,10.039999961853027,10.039999961853027,10.039999961853027,10.039999961853027,10600
2025-01-28,10.039999961853027,10.039999961853027,10.029999732971191,10.03499984741211,280600
2025-01-29,10.029999732971191,10.039999961853027,10.024999618530273,10.039999961853027,161900
2025-01-30,10.039999961853027,10.050000190734863,10.029999732971191,10.029999732971191,629300
2025-01-31,10.029999732971191,10.050000190734863,10.029999732971191,10.039999961853027,167800
2025-02-03,10.0600004196167,10.0600004196167,10.050000190734863,10.050000190734863,51000
2025-02-04,10.050000190734863,10.050000190734863,10.050000190734863,10.050000190734863,0
2025-02-05,10.050000190734863,10.050000190734863,10.050000190734863,10.050000190734863,300
2025-02-06,10.050000190734863,10.0600004196167,10.050000190734863,10.050000190734863,100700
2025-02-07,10.055000305175781,10.0600004196167,10.050000190734863,10.0600004196167,2000
2025-02-10,10.050000190734863,10.737000465393066,10.050000190734863,10.0600004196167,400
2025-02-11,10.050000190734863,10.055000305175781,10.050000190734863,10.050999641418457,600
2025-02-12,10.050999641418457,10.050999641418457,10.050999641418457,10.050999641418457,0
2025-02-13,10.0600004196167,10.0600004196167,10.050000190734863,10.053999900817871,1600
2025-02-14,10.0600004196167,10.0600004196167,10.055000305175781,10.0600004196167,8100
2025-02-18,10.0600004196167,10.0600004196167,10.055000305175781,10.0600004196167,92300
2025-02-19,10.055000305175781,10.0600004196167,10.055000305175781,10.059000015258789,900
2025-02-20,10.0600004196167,10.085000038146973,10.053000450134277,10.0600004196167,13800
2025-02-21,10.100000381469727,10.119999885559082,10.100000381469727,10.119999885559082,11400
2025-02-24,10.119999885559082,10.119999885559082,10.119999885559082,10.119999885559082,0
2025-02-25,10.069999694824219,10.079999923706055,10.069999694824219,10.079999923706055,400
2025-02-26,10.460000038146973,10.5,10.09000015258789,10.149999618530273,4700
2025-02-27,10.0600004196167,10.0600004196167,10.0600004196167,10.0600004196167,100
2025-02-28,10.069999694824219,10.140000343322754,10.069999694824219,10.140000343322754,6200
2025-03-03,10.079999923706055,10.079999923706055,10.079999923706055,10.079999923706055,200
2025-03-04,10.079999923706055,10.079999923706055,10.079999923706055,10.079999923706055,0
2025-03-05,10.079999923706055,10.079999923706055,10.079999923706055,10.079999923706055,100
2025-03-06,10.079999923706055,10.079999923706055,10.079999923706055,10.079999923706055,200
2025-03-07,10.069999694824219,10.149999618530273,10.069999694824219,10.109999656677246,3000
2025-03-10,10.109999656677246,10.109999656677246,10.109999656677246,10.109999656677246,0
2025-03-11,10.109999656677246,10.109999656677246,10.109999656677246,10.109999656677246,0
2025-03-12,10.109999656677246,10.109999656677246,10.109999656677246,10.109999656677246,0
2025-03-13,10.100000381469727,10.100000381469727,10.100000381469727,10.100000381469727,300
2025-03-14,10.100000381469727,10.100000381469727,10.100000381469727,10.100000381469727,0
2025-03-17,10.100000381469727,10.100000381469727,10.100000381469727,10.100000381469727,0
2025-03-18,10.100000381469727,10.100000381469727,10.100000381469727,10.100000381469727,200
2025-03-19,10.100000381469727,10.100000381469727,10.100000381469727,10.100000381469727,0
2025-03-20,10.118000030517578,10.118000030517578,10.109999656677246,10.109999656677246,1400
2025-03-21,10.109999656677246,10.109999656677246,10.109999656677246,10.109999656677246,0
2025-03-24,10.109999656677246,10.109999656677246,10.109999656677246,10.109999656677246,0
2025-03-25,10.109999656677246,10.109999656677246,10.109999656677246,10.109999656677246,0
2025-03-26,10.109999656677246,10.109999656677246,10.109999656677246,10.109999656677246,0
2025-03-27,10.109999656677246,10.109999656677246,10.109999656677246,10.109999656677246,0
2025-03-28,10.109999656677246,10.109999656677246,10.109999656677246,10.109999656677246,0
2025-03-31,10.100000381469727,10.100000381469727,10.100000381469727,10.100000381469727,100
2025-04-01,10.100000381469727,10.100000381469727,10.100000381469727,10.100000381469727,0
2025-04-02,10.100000381469727,10.100000381469727,10.100000381469727,10.100000381469727,0
2025-04-03,10.100000381469727,10.100000381469727,10.100000381469727,10.100000381469727,0
2025-04-04,10.119999885559082,10.149999618530273,10.119999885559082,10.119999885559082,1100
2025-04-07,10.119999885559082,10.119999885559082,10.119999885559082,10.119999885559082,200
2025-04-08,10.119999885559082,10.119999885559082,10.119999885559082,10.119999885559082,0
2025-04-09,10.119999885559082,10.119999885559082,10.119999885559082,10.119999885559082,200
2025-04-10,10.119999885559082,10.119999885559082,10.119999885559082,10.119999885559082,0
2025-04-11,10.119999885559082,10.119999885559082,10.100000381469727,10.109999656677246,55800
2025-04-14,10.109999656677246,10.109999656677246,10.109999656677246,10.109999656677246,0
2025-04-15,10.109999656677246,10.109999656677246,10.109999656677246,10.109999656677246,0
2025-04-16,10.119999885559082,10.119999885559082,10.119999885559082,10.119999885559082,4600
2025-04-17,10.119999885559082,10.119999885559082,10.119999885559082,10.119999885559082,0
2025-04-21,10.149999618530273,10.149999618530273,10.130000114440918,10.130000114440918,200
2025-04-22,10.130000114440918,10.130000114440918,10.130000114440918,10.130000114440918,0
2025-04-23,10.149999618530273,10.149999618530273,10.149999618530273,10.149999618530273,1400
2025-04-24,10.15999984741211,10.15999984741211,10.15999984741211,10.15999984741211,500
2025-04-25,10.15999984741211,10.317000389099121,10.15999984741211,10.220000267028809,13600
2025-04-28,10.180000305175781,10.180000305175781,10.180000305175781,10.180000305175781,1100
2025-04-29,10.180000305175781,10.180000305175781,10.180000305175781,10.180000305175781,0
2025-04-30,10.220000267028809,10.279999732971191,10.180000305175781,10.1899995803833,2700
2025-05-01,10.1899995803833,10.1899995803833,10.1899995803833,10.1899995803833,0
2025-05-02,10.170000076293945,10.336999893188477,10.170000076293945,10.336999893188477,1600
2025-05-05,10.336999893188477,10.336999893188477,10.336999893188477,10.336999893188477,0
2025-05-06,10.336999893188477,10.336999893188477,10.336999893188477,10.336999893188477,0
2025-05-07,10.170000076293945,10.170000076293945,10.170000076293945,10.170000076293945,100
2025-05-08,10.1899995803833,10.489999771118164,10.180000305175781,10.180000305175781,600
2025-05-09,10.180000305175781,10.180000305175781,10.180000305175781,10.180000305175781,0
2025-05-12,10.180000305175781,10.180000305175781,10.180000305175781,10.180000305175781,0
2025-05-13,10.199999809265137,10.199999809265137,10.199999809265137,10.199999809265137,100
2025-05-14,10.199999809265137,10.199999809265137,10.199999809265137,10.199999809265137,500
2025-05-15,10.489999771118164,10.489999771118164,10.489999771118164,10.489999771118164,200
2025-05-16,10.220000267028809,10.239999771118164,10.220000267028809,10.220000267028809,40300
2025-05-19,10.329999923706055,10.34000015258789,10.220000267028809,10.220000267028809,700
2025-05-20,10.220000267028809,10.220000267028809,10.220000267028809,10.220000267028809,200
2025-05-21,10.300000190734863,10.300000190734863,10.300000190734863,10.300000190734863,200
2025-05-22,10.300000190734863,10.300000190734863,10.300000190734863,10.300000190734863,0
2025-05-23,10.220000267028809,10.220000267028809,10.220000267028809,10.220000267028809,100
2025-05-27,10.220000267028809,10.220000267028809,10.220000267028809,10.220000267028809,100
2025-05-28,10.239999771118164,10.239999771118164,10.239999771118164,10.239999771118164,100
2025-05-29,10.239999771118164,10.239999771118164,10.239999771118164,10.239999771118164,100
2025-05-30,10.239999771118164,10.239999771118164,10.239999771118164,10.239999771118164,100
2025-06-02,10.239999771118164,10.300000190734863,10.239999771118164,10.300000190734863,3900
2025-06-03,10.300000190734863,10.300000190734863,10.300000190734863,10.300000190734863,0
2025-06-04,10.34000015258789,10.34000015258789,10.34000015258789,10.34000015258789,400
2025-06-05,10.34000015258789,10.34000015258789,10.34000015258789,10.34000015258789,0
2025-06-06,10.34000015258789,10.34000015258789,10.34000015258789,10.34000015258789,0
2025-06-09,10.3100004196167,10.34000015258789,10.3100004196167,10.3100004196167,2100
2025-06-10,10.335000038146973,10.550000190734863,10.319999694824219,10.5,4400
2025-06-11,10.5,10.5,10.5,10.5,1600
2025-06-12,10.5,10.5,10.5,10.5,100
2025-06-13,10.5,10.5,10.5,10.5,0
2025-06-16,10.869999885559082,11.0,10.869999885559082,11.0,2000
2025-06-17,10.350000381469727,10.350000381469727,10.350000381469727,10.350000381469727,600
2025-06-18,10.359999656677246,10.380000114440918,10.34000015258789,10.34000015258789,1800
2025-06-20,10.34000015258789,10.34000015258789,10.34000015258789,10.34000015258789,0
2025-06-23,10.34000015258789,10.34000015258789,10.34000015258789,10.34000015258789,0
2025-06-24,10.34000015258789,10.34000015258789,10.34000015258789,10.34000015258789,0
2025-06-25,10.350000381469727,10.350000381469727,10.350000381469727,10.350000381469727,100
2025-06-26,10.350000381469727,10.350000381469727,10.350000381469727,10.350000381469727,0
2025-06-27,10.350000381469727,10.350000381469727,10.350000381469727,10.350000381469727,0
2025-06-30,10.350000381469727,10.350000381469727,10.350000381469727,10.350000381469727,0
2025-07-01,10.350000381469727,10.350000381469727,10.350000381469727,10.350000381469727,200
2025-07-02,10.350000381469727,10.350000381469727,10.350000381469727,10.350000381469727,0
2025-07-03,10.350000381469727,10.350000381469727,10.350000381469727,10.350000381469727,0
2025-07-07,10.329999923706055,10.329999923706055,10.329999923706055,10.329999923706055,100
2025-07-08,10.329999923706055,10.329999923706055,10.329999923706055,10.329999923706055,0
2025-07-09,10.600000381469727,10.600000381469727,10.369999885559082,10.369999885559082,1200
2025-07-10,10.369999885559082,10.369999885559082,10.369999885559082,10.369999885559082,0
2025-07-11,10.369999885559082,10.369999885559082,10.369999885559082,10.369999885559082,0
2025-07-14,10.359999656677246,10.359999656677246,10.359999656677246,10.359999656677246,200
2025-07-15,10.359999656677246,10.359999656677246,10.359999656677246,10.359999656677246,0
2025-07-16,10.359999656677246,10.359999656677246,10.359999656677246,10.359999656677246,0
2025-07-17,10.359999656677246,10.359999656677246,10.359999656677246,10.359999656677246,0
2025-07-18,10.359999656677246,10.359999656677246,10.359999656677246,10.359999656677246,0
2025-07-21,10.359999656677246,10.359999656677246,10.359999656677246,10.359999656677246,0
2025-07-22,10.359999656677246,10.359999656677246,10.359999656677246,10.359999656677246,0
2025-07-23,10.359999656677246,10.359999656677246,10.359999656677246,10.359999656677246,0
2025-07-24,10.359999656677246,10.359999656677246,10.359999656677246,10.359999656677246,0
2025-07-25,10.359999656677246,10.359999656677246,10.359999656677246,10.359999656677246,0
2025-07-28,10.359999656677246,10.359999656677246,10.359999656677246,10.359999656677246,0
2025-07-29,10.359999656677246,10.359999656677246,10.359999656677246,10.359999656677246,0
2025-07-30,10.359999656677246,10.359999656677246,10.359999656677246,10.359999656677246,0
2025-07-31,10.359999656677246,10.359999656677246,10.359999656677246,10.359999656677246,0
2025-08-01,10.359999656677246,10.359999656677246,10.359999656677246,10.359999656677246,0
2025-08-04,10.359999656677246,10.359999656677246,10.359999656677246,10.359999656677246,0
2025-08-05,10.359999656677246,10.359999656677246,10.359999656677246,10.359999656677246,0
2025-08-06,10.359999656677246,10.359999656677246,10.359999656677246,10.359999656677246,0
2025-08-07,10.359999656677246,10.359999656677246,10.359999656677246,10.359999656677246,0
2025-08-08,10.359999656677246,10.359999656677246,10.359999656677246,10.359999656677246,0
2025-08-11,10.359999656677246,10.359999656677246,10.359999656677246,10.359999656677246,0
2025-08-12,10.359999656677246,10.359999656677246,10.359999656677246,10.359999656677246,0
2025-08-13,10.359999656677246,10.359999656677246,10.359999656677246,10.359999656677246,0
2025-08-14,10.359999656677246,10.359999656677246,10.359999656677246,10.359999656677246,0
2025-08-15,10.359999656677246,10.359999656677246,10.359999656677246,10.359999656677246,0
2025-08-18,10.359999656677246,10.359999656677246,10.359999656677246,10.359999656677246,0
2025-08-19,10.359999656677246,10.359999656677246,10.359999656677246,10.359999656677246,0
2025-08-20,10.359999656677246,10.359999656677246,10.359999656677246,10.359999656677246,0
2025-08-21,10.359999656677246,10.359999656677246,10.359999656677246,10.359999656677246,0
2025-08-22,10.359999656677246,10.359999656677246,10.359999656677246,10.359999656677246,0
2025-08-25,10.359999656677246,10.359999656677246,10.359999656677246,10.359999656677246,0
2025-08-26,10.359999656677246,10.359999656677246,10.359999656677246,10.359999656677246,0
2025-08-27,10.359999656677246,10.359999656677246,10.359999656677246,10.359999656677246,0
2025-08-28,10.359999656677246,10.359999656677246,10.359999656677246,10.359999656677246,0
2025-08-29,10.359999656677246,10.359999656677246,10.359999656677246,10.359999656677246,0
2025-09-02,10.359999656677246,10.359999656677246,10.359999656677246,10.359999656677246,0
2025-09-03,10.359999656677246,10.359999656677246,10.359999656677246,10.359999656677246,0
2025-09-04,10.359999656677246,10.359999656677246,10.359999656677246,10.359999656677246,0
2025-09-05,10.359999656677246,10.359999656677246,10.359999656677246,10.359999656677246,0
2025-09-08,10.359999656677246,10.359999656677246,10.359999656677246,10.359999656677246,0
2025-09-09,10.359999656677246,10.359999656677246,10.359999656677246,10.359999656677246,0
2025-09-10,10.359999656677246,10.359999656677246,10.359999656677246,10.359999656677246,0
2025-09-11,10.359999656677246,10.359999656677246,10.359999656677246,10.359999656677246,0
2025-09-12,10.359999656677246,10.359999656677246,10.359999656677246,10.359999656677246,0
2025-09-15,10.359999656677246,10.359999656677246,10.359999656677246,10.359999656677246,0
2025-09-16,10.359999656677246,10.359999656677246,10.359999656677246,10.359999656677246,0
2025-09-17,10.359999656677246,10.359999656677246,10.359999656677246,10.359999656677246,0
2025-09-18,10.359999656677246,10.359999656677246,10.359999656677246,10.359999656677246,0
2025-09-19,10.359999656677246,10.359999656677246,10.359999656677246,10.359999656677246,0
2025-09-22,10.359999656677246,10.359999656677246,10.359999656677246,10.359999656677246,0
2025-09-23,10.359999656677246,10.359999656677246,10.359999656677246,10.359999656677246,0
2025-09-24,10.359999656677246,10.359999656677246,10.359999656677246,10.359999656677246,0
2025-09-25,10.359999656677246,10.359999656677246,10.359999656677246,10.359999656677246,0
2025-09-26,10.359999656677246,10.359999656677246,10.359999656677246,10.359999656677246,0
2025-09-29,10.359999656677246,10.359999656677246,10.359999656677246,10.359999656677246,0
2025-09-30,10.359999656677246,10.359999656677246,10.359999656677246,10.359999656677246,0
2025-10-01,10.359999656677246,10.359999656677246,10.359999656677246,10.359999656677246,0
2025-10-02,10.359999656677246,10.359999656677246,10.359999656677246,10.359999656677246,0
2025-10-03,10.359999656677246,10.359999656677246,10.359999656677246,10.359999656677246,0
2025-10-06,10.359999656677246,10.359999656677246,10.359999656677246,10.359999656677246,0
2025-10-07,10.359999656677246,10.359999656677246,10.359999656677246,10.359999656677246,0
2025-10-08,10.359999656677246,10.359999656677246,10.359999656677246,10.359999656677246,0
2025-10-09,10.359999656677246,10.359999656677246,10.359999656677246,10.359999656677246,0
2025-10-10,10.359999656677246,10.359999656677246,10.359999656677246,10.359999656677246,0
2025-10-13,10.359999656677246,10.359999656677246,10.359999656677246,10.359999656677246,0
2025-10-14,10.359999656677246,10.359999656677246,10.359999656677246,10.359999656677246,0
2025-10-15,10.359999656677246,10.359999656677246,10.359999656677246,10.359999656677246,0
2025-10-16,10.359999656677246,10.359999656677246,10.359999656677246,10.359999656677246,0
2025-10-17,10.359999656677246,10.359999656677246,10.359999656677246,10.359999656677246,0
2025-10-20,12.329999923706055,12.329999923706055,12.329999923706055,12.329999923706055,500
2025-10-21,12.329999923706055,12.329999923706055,12.329999923706055,12.329999923706055,0
2025-10-22,12.329999923706055,12.329999923706055,12.329999923706055,12.329999923706055,0
2025-10-23,12.329999923706055,12.329999923706055,12.329999923706055,12.329999923706055,0
2025-10-24,12.329999923706055,12.329999923706055,12.329999923706055,12.329999923706055,0
2025-10-27,12.329999923706055,12.329999923706055,12.329999923706055,12.329999923706055,0
2025-10-28,12.329999923706055,12.329999923706055,12.329999923706055,12.329999923706055,0
2025-10-29,12.329999923706055,12.329999923706055,12.329999923706055,12.329999923706055,0
2025-10-30,12.329999923706055,12.329999923706055,12.329999923706055,12.329999923706055,0
2025-10-31,12.329999923706055,12.329999923706055,12.329999923706055,12.329999923706055,0
2025-11-03,12.329999923706055,12.329999923706055,12.329999923706055,12.329999923706055,0
2025-11-04,12.329999923706055,12.329999923706055,12.329999923706055,12.329999923706055,0
2025-11-05,12.329999923706055,12.329999923706055,12.329999923706055,12.329999923706055,0
2025-11-06,12.329999923706055,12.329999923706055,12.329999923706055,12.329999923706055,0
2025-11-07,12.329999923706055,12.329999923706055,12.329999923706055,12.329999923706055,0
2025-11-10,12.329999923706055,12.329999923706055,12.329999923706055,12.329999923706055,0
2025-11-11,12.329999923706055,12.329999923706055,12.329999923706055,12.329999923706055,0
2025-11-12,12.329999923706055,12.329999923706055,12.329999923706055,12.329999923706055,0
2025-11-13,12.329999923706055,12.329999923706055,12.329999923706055,12.329999923706055,0
2025-11-14,12.329999923706055,12.329999923706055,12.329999923706055,12.329999923706055,0
2025-11-17,12.329999923706055,12.329999923706055,12.329999923706055,12.329999923706055,0
2025-11-18,12.329999923706055,12.329999923706055,12.329999923706055,12.329999923706055,0
2025-11-19,12.329999923706055,12.329999923706055,12.329999923706055,12.329999923706055,0
2025-11-20,12.329999923706055,12.329999923706055,12.329999923706055,12.329999923706055,0
2025-11-21,12.329999923706055,12.329999923706055,12.329999923706055,12.329999923706055,0
2025-11-24,12.329999923706055,12.329999923706055,12.329999923706055,12.329999923706055,0
2025-11-25,12.329999923706055,12.329999923706055,12.329999923706055,12.329999923706055,0
2025-11-26,12.329999923706055,12.329999923706055,12.329999923706055,12.329999923706055,0
2025-11-28,12.329999923706055,12.329999923706055,12.329999923706055,12.329999923706055,0
2025-12-01,12.329999923706055,12.329999923706055,12.329999923706055,12.329999923706055,0
2025-12-02,12.329999923706055,12.329999923706055,12.329999923706055,12.329999923706055,0
2025-12-03,12.329999923706055,12.329999923706055,12.329999923706055,12.329999923706055,0
2025-12-04,12.329999923706055,12.329999923706055,12.329999923706055,12.329999923706055,0
2025-12-05,12.329999923706055,12.329999923706055,12.329999923706055,12.329999923706055,0
2025-12-08,12.329999923706055,12.329999923706055,12.329999923706055,12.329999923706055,0
2025-12-09,12.329999923706055,12.329999923706055,12.329999923706055,12.329999923706055,0
2025-12-10,12.329999923706055,12.329999923706055,12.329999923706055,12.329999923706055,0
2025-12-11,12.329999923706055,12.329999923706055,12.329999923706055,12.329999923706055,0
2025-12-12,12.329999923706055,12.329999923706055,12.329999923706055,12.329999923706055,0
2025-12-15,12.329999923706055,12.329999923706055,12.329999923706055,12.329999923706055,0
2025-12-16,12.329999923706055,12.329999923706055,12.329999923706055,12.329999923706055,0
2025-12-17,12.329999923706055,12.329999923706055,12.329999923706055,12.329999923706055,0
2025-12-18,12.329999923706055,12.329999923706055,12.329999923706055,12.329999923706055,0
2025-12-19,12.329999923706055,12.329999923706055,12.329999923706055,12.329999923706055,0
2025-12-22,12.329999923706055,12.329999923706055,12.329999923706055,12.329999923706055,0
2025-12-23,12.329999923706055,12.329999923706055,12.329999923706055,12.329999923706055,0
2025-12-24,12.329999923706055,12.329999923706055,12.329999923706055,12.329999923706055,0
2025-12-26,12.329999923706055,12.329999923706055,12.329999923706055,12.329999923706055,0
2025-12-29,12.329999923706055,12.329999923706055,12.329999923706055,12.329999923706055,0
2025-12-30,12.329999923706055,12.329999923706055,12.329999923706055,12.329999923706055,0
2025-12-31,12.329999923706055,12.329999923706055,12.329999923706055,12.329999923706055,0
2026-01-02,12.329999923706055,12.329999923706055,12.329999923706055,12.329999923706055,0
2026-01-05,12.329999923706055,12.329999923706055,12.329999923706055,12.329999923706055,0
2026-01-06,12.329999923706055,12.329999923706055,12.329999923706055,12.329999923706055,0
2026-01-07,12.329999923706055,12.329999923706055,12.329999923706055,12.329999923706055,0
2026-01-08,12.329999923706055,12.329999923706055,12.329999923706055,12.329999923706055,0
2026-01-09,12.329999923706055,12.329999923706055,12.329999923706055,12.329999923706055,0
2026-01-12,12.329999923706055,12.329999923706055,12.329999923706055,12.329999923706055,0
2026-01-13,12.329999923706055,12.329999923706055,12.329999923706055,12.329999923706055,0
2026-01-14,11.25,11.25,11.25,11.25,100
2026-01-15,11.25,11.25,11.25,11.25,0
2026-01-16,11.25,11.25,11.25,11.25,0
2026-01-20,11.25,11.25,11.25,11.25,0
2026-01-21,10.569999694824219,10.569999694824219,10.569999694824219,10.569999694824219,100
2026-01-22,10.569999694824219,10.569999694824219,10.569999694824219,10.569999694824219,0
2026-01-23,10.569999694824219,10.569999694824219,10.569999694824219,10.569999694824219,0
2026-01-26,10.569999694824219,10.569999694824219,10.569999694824219,10.569999694824219,0
2026-01-27,10.729999542236328,10.729999542236328,10.729999542236328,10.729999542236328,100
2026-01-28,10.729999542236328,10.729999542236328,10.729999542236328,10.729999542236328,0
2026-01-29,10.729999542236328,10.729999542236328,10.729999542236328,10.729999542236328,0
2026-01-30,10.729999542236328,10.729999542236328,10.729999542236328,10.729999542236328,0
2026-02-02,10.729999542236328,10.729999542236328,10.729999542236328,10.729999542236328,0
2026-02-03,10.729999542236328,10.729999542236328,10.729999542236328,10.729999542236328,0
2026-02-04,10.729999542236328,10.729999542236328,10.729999542236328,10.729999542236328,0
2026-02-05,10.729999542236328,10.729999542236328,10.729999542236328,10.729999542236328,0
2026-02-06,10.729999542236328,10.729999542236328,10.729999542236328,10.729999542236328,0
2026-02-09,10.729999542236328,10.729999542236328,10.729999542236328,10.729999542236328,0
2026-02-10,10.729999542236328,10.729999542236328,10.729999542236328,10.729999542236328,0
2026-02-11,10.729999542236328,10.729999542236328,10.729999542236328,10.729999542236328,0
2026-02-12,10.729999542236328,10.729999542236328,10.729999542236328,10.729999542236328,0
2026-02-13,10.729999542236328,10.729999542236328,10.729999542236328,10.729999542236328,0
2026-02-17,10.729999542236328,10.729999542236328,10.729999542236328,10.729999542236328,0
2026-02-18,10.729999542236328,10.729999542236328,10.729999542236328,10.729999542236328,0
2026-02-19,10.729999542236328,10.729999542236328,10.729999542236328,10.729999542236328,0
2026-02-20,10.729999542236328,10.729999542236328,10.729999542236328,10.729999542236328,0
2026-02-23,10.729999542236328,10.729999542236328,10.729999542236328,10.729999542236328,0
2026-02-24,10.729999542236328,10.729999542236328,10.729999542236328,10.729999542236328,0
2026-02-25,10.729999542236328,10.729999542236328,10.729999542236328,10.729999542236328,0
2026-02-26,10.729999542236328,10.729999542236328,10.729999542236328,10.729999542236328,0
2026-02-27,10.729999542236328,10.729999542236328,10.729999542236328,10.729999542236328,0
2026-03-02,10.729999542236328,10.729999542236328,10.729999542236328,10.729999542236328,0
2026-03-03,10.729999542236328,10.729999542236328,10.729999542236328,10.729999542236328,0
2026-03-04,10.729999542236328,10.729999542236328,10.729999542236328,10.729999542236328,0
2026-03-05,10.729999542236328,10.729999542236328,10.729999542236328,10.729999542236328,0
2026-03-06,10.729999542236328,10.729999542236328,10.729999542236328,10.729999542236328,0
2026-03-09,10.729999542236328,10.729999542236328,10.729999542236328,10.729999542236328,0
2026-03-10,10.859999656677246,10.859999656677246,10.859999656677246,10.859999656677246,200
2026-03-11,10.899999618530273,10.899999618530273,10.899999618530273,10.899999618530273,200
2026-03-12,10.600000381469727,10.899999618530273,10.600000381469727,10.600000381469727,1100
2026-03-13,10.600000381469727,10.600000381469727,10.600000381469727,10.600000381469727,0
2026-03-16,10.600000381469727,10.600000381469727,10.600000381469727,10.600000381469727,0
2026-03-17,10.600000381469727,10.600000381469727,10.600000381469727,10.600000381469727,0
2026-03-18,10.600000381469727,10.600000381469727,10.600000381469727,10.600000381469727,0
2026-03-19,10.600000381469727,10.600000381469727,10.600000381469727,10.600000381469727,0
2026-03-20,10.600000381469727,10.600000381469727,10.600000381469727,10.600000381469727,0
2026-03-23,10.600000381469727,10.600000381469727,10.600000381469727,10.600000381469727,0
2026-03-24,10.600000381469727,10.600000381469727,10.600000381469727,10.600000381469727,0
2026-03-25,10.600000381469727,10.600000381469727,10.600000381469727,10.600000381469727,0
2026-03-26,10.600000381469727,10.600000381469727,10.600000381469727,10.600000381469727,0
2026-03-27,10.760000228881836,10.760000228881836,10.760000228881836,10.760000228881836,100
2026-03-30,10.699999809265137,10.699999809265137,10.699999809265137,10.699999809265137,50100
2026-03-31,10.770000457763672,10.770000457763672,10.770000457763672,10.770000457763672,100
2026-04-01,10.770000457763672,10.770000457763672,10.770000457763672,10.770000457763672,0
2026-04-02,10.770000457763672,10.770000457763672,10.770000457763672,10.770000457763672,0
2026-04-06,10.699999809265137,10.699999809265137,10.699999809265137,10.699999809265137,100
2026-04-07,10.699999809265137,10.699999809265137,10.699999809265137,10.699999809265137,0
2026-04-08,10.699999809265137,10.699999809265137,10.699999809265137,10.699999809265137,0
2026-04-09,10.699999809265137,10.699999809265137,10.699999809265137,10.699999809265137,0
2026-04-10,10.699999809265137,10.699999809265137,10.699999809265137,10.699999809265137,0
2026-04-13,10.699999809265137,10.699999809265137,10.699999809265137,10.699999809265137,0
2026-04-14,10.699999809265137,10.699999809265137,10.699999809265137,10.699999809265137,0
2026-04-15,10.699999809265137,10.699999809265137,10.699999809265137,10.699999809265137,0
2026-04-16,10.699999809265137,10.699999809265137,10.699999809265137,10.699999809265137,0
2026-04-17,10.699999809265137,10.699999809265137,10.699999809265137,10.699999809265137,0
2026-04-20,10.699999809265137,10.699999809265137,10.699999809265137,10.699999809265137,0
2026-04-21,10.699999809265137,10.699999809265137,10.699999809265137,10.699999809265137,0
2026-04-22,10.699999809265137,10.699999809265137,10.699999809265137,10.699999809265137,0
2026-04-23,10.699999809265137,10.699999809265137,10.699999809265137,10.699999809265137,0
2026-04-24,10.699999809265137,10.699999809265137,10.699999809265137,10.699999809265137,0
2026-04-27,10.699999809265137,10.699999809265137,10.699999809265137,10.699999809265137,0
2026-04-28,10.699999809265137,10.699999809265137,10.699999809265137,10.699999809265137,0
2026-04-29,10.699999809265137,10.699999809265137,10.699999809265137,10.699999809265137,0
2026-04-30,10.699999809265137,10.699999809265137,10.699999809265137,10.699999809265137,100
2026-05-01,10.699999809265137,10.699999809265137,10.699999809265137,10.699999809265137,0
2026-05-04,10.699999809265137,10.699999809265137,10.699999809265137,10.699999809265137,0
2026-05-05,10.699999809265137,10.699999809265137,10.699999809265137,10.699999809265137,0
2026-05-06,10.699999809265137,10.699999809265137,10.699999809265137,10.699999809265137,0
2026-05-07,10.699999809265137,10.699999809265137,10.699999809265137,10.699999809265137,0
2026-05-08,10.699999809265137,10.699999809265137,10.699999809265137,10.699999809265137,0
2026-05-11,10.699999809265137,10.699999809265137,10.699999809265137,10.699999809265137,0
2026-05-12,10.699999809265137,10.699999809265137,10.699999809265137,10.699999809265137,0
2026-05-13,10.699999809265137,10.699999809265137,10.699999809265137,10.699999809265137,0
2026-05-14,10.699999809265137,10.699999809265137,10.699999809265137,10.699999809265137,0
2026-05-15,10.699999809265137,10.699999809265137,10.699999809265137,10.699999809265137,0
2026-05-18,10.699999809265137,10.699999809265137,10.699999809265137,10.699999809265137,0
2026-05-19,10.699999809265137,10.699999809265137,10.699999809265137,10.699999809265137,0
2026-05-20,10.699999809265137,10.699999809265137,10.699999809265137,10.699999809265137,0
2026-05-21,11.5,11.989999771118164,10.699999809265137,10.699999809265137,2500
2026-05-22,10.880000114440918,10.880000114440918,10.880000114440918,10.880000114440918,600
2026-05-26,10.880000114440918,10.880000114440918,10.880000114440918,10.880000114440918,0
2026-05-27,10.880000114440918,10.880000114440918,10.880000114440918,10.880000114440918,0
2026-05-28,10.880000114440918,10.880000114440918,10.880000114440918,10.880000114440918,0
2026-05-29,10.880000114440918,10.880000114440918,10.880000114440918,10.880000114440918,0
2026-06-01,10.880000114440918,10.880000114440918,10.880000114440918,10.880000114440918,0
2026-06-02,10.880000114440918,10.880000114440918,10.880000114440918,10.880000114440918,0
2026-06-03,10.880000114440918,10.880000114440918,10.880000114440918,10.880000114440918,0
2026-06-04,10.880000114440918,10.880000114440918,10.880000114440918,10.880000114440918,0
2026-06-05,10.880000114440918,10.880000114440918,10.880000114440918,10.880000114440918,0
2026-06-08,10.880000114440918,10.880000114440918,10.880000114440918,10.880000114440918,0
2026-06-09,10.880000114440918,10.880000114440918,10.880000114440918,10.880000114440918,0
2026-06-10,10.880000114440918,10.880000114440918,10.880000114440918,10.880000114440918,0
2026-06-11,10.880000114440918,10.880000114440918,10.880000114440918,10.880000114440918,0
2026-06-12,10.880000114440918,10.880000114440918,10.880000114440918,10.880000114440918,0
2026-06-15,10.880000114440918,10.880000114440918,10.880000114440918,10.880000114440918,0
2026-06-16,10.880000114440918,10.880000114440918,10.880000114440918,10.880000114440918,0
2026-06-17,10.880000114440918,10.880000114440918,10.880000114440918,10.880000114440918,0
2026-06-18,10.880000114440918,10.880000114440918,10.880000114440918,10.880000114440918,0
2026-06-22,10.880000114440918,10.880000114440918,10.880000114440918,10.880000114440918,0
2026-06-23,10.880000114440918,10.880000114440918,10.880000114440918,10.880000114440918,0
2026-06-24,10.880000114440918,10.880000114440918,10.880000114440918,10.880000114440918,0
2026-06-25,10.880000114440918,10.880000114440918,10.880000114440918,10.880000114440918,0
2026-06-26,10.869999885559082,10.869999885559082,10.609999656677246,10.75,2300
2026-06-29,10.739999771118164,10.739999771118164,10.739999771118164,10.739999771118164,100
2026-06-30,10.739999771118164,10.739999771118164,10.739999771118164,10.739999771118164,0
2026-07-01,10.739999771118164,10.739999771118164,10.739999771118164,10.739999771118164,0
2026-07-02,10.739999771118164,10.739999771118164,10.739999771118164,10.739999771118164,0
2026-07-06,10.779999732971191,10.779999732971191,10.779999732971191,10.779999732971191,200
2026-07-07,10.779999732971191,10.779999732971191,10.779999732971191,10.779999732971191,0
2026-07-08,10.779999732971191,10.779999732971191,10.779999732971191,10.779999732971191,0
2026-07-09,10.779999732971191,10.779999732971191,10.779999732971191,10.779999732971191,0
2026-07-10,10.779999732971191,10.779999732971191,10.779999732971191,10.779999732971191,0
2026-07-13,11.489999771118164,11.5,11.489999771118164,11.5,900
2026-07-14,11.5,11.5,11.5,11.5,0
2026-07-15,11.5,11.5,11.5,11.5,0
2026-07-16,11.5,11.5,11.5,11.5,0
2026-07-17,11.5,11.5,11.5,11.5,0
2026-07-20,11.5,11.5,11.5,11.5,0
