date,close,adj_close
2020-06-26,50.500000,50.500000
2020-06-29,47.000000,47.000000
2020-06-30,44.170000,44.170000
2020-07-01,48.790000,48.790000
2020-07-02,56.490000,56.490000
2020-07-06,58.980000,58.980000
2020-07-07,58.300000,58.300000
2020-07-08,53.930000,53.930000
2020-07-09,50.820000,50.820000
2020-07-10,52.280000,52.280000
2020-07-13,45.110000,45.110000
2020-07-14,46.590000,46.590000
2020-07-15,50.710000,50.710000
2020-07-16,46.670000,46.670000
2020-07-17,49.370000,49.370000
2020-07-20,49.710000,49.710000
2020-07-21,47.740000,47.740000
2020-07-22,46.860000,46.860000
2020-07-23,46.090000,46.090000
2020-07-24,43.080000,43.080000
2020-07-27,38.740000,38.740000
2020-07-28,36.320000,36.320000
2020-07-29,41.670000,41.670000
2020-07-30,41.340000,41.340000
2020-07-31,43.540000,43.540000
2020-08-03,40.890000,40.890000
2020-08-04,40.770000,40.770000
2020-08-05,41.740000,41.740000
2020-08-06,39.840000,39.840000
2020-08-07,38.000000,38.000000
2020-08-10,37.500000,37.500000
2020-08-11,40.000000,40.000000
2020-08-12,39.770000,39.770000
2020-08-13,37.750000,37.750000
2020-08-14,38.210000,38.210000
2020-08-17,42.800000,42.800000
2020-08-18,42.060000,42.060000
2020-08-19,43.330000,43.330000
2020-08-20,46.510000,46.510000
2020-08-21,45.500000,45.500000
2020-08-24,45.400000,45.400000
2020-08-25,44.190000,44.190000
2020-08-26,47.200000,47.200000
2020-08-27,46.550000,46.550000
2020-08-28,48.660000,48.660000
2020-08-31,47.780000,47.780000
2020-09-01,52.860000,52.860000
2020-09-02,56.940000,56.940000
2020-09-03,51.900000,51.900000
2020-09-04,52.760000,52.760000
2020-09-08,49.130000,49.130000
2020-09-09,50.250000,50.250000
2020-09-10,50.690000,50.690000
2020-09-11,48.400000,48.400000
2020-09-14,50.700000,50.700000
2020-09-15,48.230000,48.230000
2020-09-16,49.950000,49.950000
2020-09-17,49.440000,49.440000
2020-09-18,47.860000,47.860000
2020-09-21,46.950000,46.950000
2020-09-22,48.490000,48.490000
2020-09-23,46.540000,46.540000
2020-09-24,47.820000,47.820000
2020-09-25,46.480000,46.480000
2020-09-28,46.380000,46.380000
2020-09-29,45.320000,45.320000
2020-09-30,42.980000,42.980000
2020-10-01,41.770000,41.770000
2020-10-02,43.990000,43.990000
2020-10-05,44.080000,44.080000
2020-10-06,42.390000,42.390000
2020-10-07,40.500000,40.500000
2020-10-08,40.910000,40.910000
2020-10-09,45.050000,45.050000
2020-10-12,46.020000,46.020000
2020-10-13,45.640000,45.640000
2020-10-14,45.000000,45.000000
2020-10-15,43.500000,43.500000
2020-10-16,42.000000,42.000000
2020-10-19,43.460000,43.460000
2020-10-20,43.460000,43.460000
2020-10-21,41.950000,41.950000
2020-10-22,41.160000,41.160000
2020-10-23,42.150000,42.150000
2020-10-26,41.710000,41.710000
2020-10-27,42.600000,42.600000
2020-10-28,40.910000,40.910000
2020-10-29,42.070000,42.070000
2020-10-30,38.500000,38.500000
2020-11-02,37.820000,37.820000
2020-11-03,38.670000,38.670000
2020-11-04,43.190000,43.190000
2020-11-05,43.900000,43.900000
2020-11-06,43.250000,43.250000
2020-11-09,42.710000,42.710000
2020-11-10,39.060000,39.060000
2020-11-11,39.110000,39.110000
2020-11-12,39.240000,39.240000
2020-11-13,39.000000,39.000000
2020-11-16,41.470000,41.470000
2020-11-17,36.980000,36.980000
2020-11-18,35.130000,35.130000
2020-11-19,35.990000,35.990000
2020-11-20,36.650000,36.650000
2020-11-23,36.090000,36.090000
2020-11-24,36.610000,36.610000
2020-11-25,38.210000,38.210000
2020-11-27,40.650000,40.650000
2020-11-30,38.450000,38.450000
2020-12-01,37.420000,37.420000
2020-12-02,37.270000,37.270000
2020-12-03,39.400000,39.400000
2020-12-04,39.240000,39.240000
2020-12-07,39.470000,39.470000
2020-12-08,42.650000,42.650000
2020-12-09,43.330000,43.330000
2020-12-10,43.020000,43.020000
2020-12-11,47.530000,47.530000
2020-12-14,44.960000,44.960000
2020-12-15,44.770000,44.770000
2020-12-16,43.450000,43.450000
2020-12-17,46.080000,46.080000
2020-12-18,45.770000,45.770000
2020-12-21,43.970000,43.970000
2020-12-22,44.380000,44.380000
2020-12-23,39.960000,39.960000
2020-12-24,42.420000,42.420000
2020-12-28,39.930000,39.930000
2020-12-29,38.860000,38.860000
2020-12-30,39.060000,39.060000
2020-12-31,39.560000,39.560000
2021-01-04,39.780000,39.780000
2021-01-05,42.090000,42.090000
2021-01-06,43.520000,43.520000
2021-01-07,43.010000,43.010000
2021-01-08,43.620000,43.620000
2021-01-11,42.660000,42.660000
2021-01-12,39.900000,39.900000
2021-01-13,39.710000,39.710000
2021-01-14,39.080000,39.080000
2021-01-15,37.140000,37.140000
2021-01-19,39.070000,39.070000
2021-01-20,46.220000,46.220000
2021-01-21,45.890000,45.890000
2021-01-22,46.380000,46.380000
2021-01-25,47.280000,47.280000
2021-01-26,55.110000,55.110000
2021-01-27,54.220000,54.220000
2021-01-28,55.040000,55.040000
2021-01-29,56.490000,56.490000
2021-02-01,73.600000,73.600000
2021-02-02,74.870000,74.870000
2021-02-03,90.770000,90.770000
2021-02-04,88.170000,88.170000
2021-02-05,99.000000,99.000000
2021-02-08,98.720000,98.720000
2021-02-09,98.490000,98.490000
2021-02-10,93.470000,93.470000
2021-02-11,97.860000,97.860000
2021-02-12,106.140000,106.140000
2021-02-16,102.060000,102.060000
2021-02-17,98.620000,98.620000
2021-02-18,92.540000,92.540000
2021-02-19,98.080000,98.080000
2021-02-22,78.950000,78.950000
2021-02-23,73.230000,73.230000
2021-02-24,69.920000,69.920000
2021-02-25,62.980000,62.980000
2021-02-26,60.870000,60.870000
2021-03-01,65.930000,65.930000
2021-03-02,60.700000,60.700000
2021-03-03,61.640000,61.640000
2021-03-04,59.800000,59.800000
2021-03-05,57.640000,57.640000
2021-03-08,52.370000,52.370000
2021-03-09,59.600000,59.600000
2021-03-10,59.030000,59.030000
2021-03-11,63.780000,63.780000
2021-03-12,65.390000,65.390000
2021-03-15,67.430000,67.430000
2021-03-16,62.320000,62.320000
2021-03-17,59.630000,59.630000
2021-03-18,56.430000,56.430000
2021-03-19,57.690000,57.690000
2021-03-22,59.160000,59.160000
2021-03-23,60.090000,60.090000
2021-03-24,52.440000,52.440000
2021-03-25,53.210000,53.210000
2021-03-26,51.400000,51.400000
2021-03-29,46.270000,46.270000
2021-03-30,50.610000,50.610000
2021-03-31,50.270000,50.270000
2021-04-01,53.720000,53.720000
2021-04-05,51.450000,51.450000
2021-04-06,54.300000,54.300000
2021-04-07,53.190000,53.190000
2021-04-08,56.870000,56.870000
2021-04-09,56.490000,56.490000
2021-04-12,55.060000,55.060000
2021-04-13,55.520000,55.520000
2021-04-14,55.870000,55.870000
2021-04-15,56.650000,56.650000
2021-04-16,56.730000,56.730000
2021-04-19,55.220000,55.220000
2021-04-20,54.300000,54.300000
2021-04-21,56.890000,56.890000
2021-04-22,57.840000,57.840000
2021-04-23,59.800000,59.800000
2021-04-26,59.370000,59.370000
2021-04-27,55.360000,55.360000
2021-04-28,54.540000,54.540000
2021-04-29,50.820000,50.820000
2021-04-30,48.610000,48.610000
2021-05-03,48.710000,48.710000
2021-05-04,46.210000,46.210000
2021-05-05,45.490000,45.490000
2021-05-06,41.860000,41.860000
2021-05-07,42.970000,42.970000
2021-05-10,40.790000,40.790000
2021-05-11,40.010000,40.010000
2021-05-12,37.860000,37.860000
2021-05-13,36.940000,36.940000
2021-05-14,37.630000,37.630000
2021-05-17,39.290000,39.290000
2021-05-18,40.150000,40.150000
2021-05-19,40.690000,40.690000
2021-05-20,42.460000,42.460000
2021-05-21,41.440000,41.440000
2021-05-24,40.390000,40.390000
2021-05-25,42.680000,42.680000
2021-05-26,42.540000,42.540000
2021-05-27,41.900000,41.900000
2021-05-28,44.690000,44.690000
2021-06-01,48.230000,48.230000
2021-06-02,44.350000,44.350000
2021-06-03,41.950000,41.950000
2021-06-04,43.410000,43.410000
2021-06-07,40.410000,40.410000
2021-06-08,40.000000,40.000000
2021-06-09,42.140000,42.140000
2021-06-10,44.660000,44.660000
2021-06-11,44.000000,44.000000
2021-06-14,44.660000,44.660000
2021-06-15,41.950000,41.950000
2021-06-16,38.690000,38.690000
2021-06-17,38.650000,38.650000
2021-06-18,39.970000,39.970000
2021-06-21,38.060000,38.060000
2021-06-22,37.360000,37.360000
2021-06-23,38.910000,38.910000
2021-06-24,42.700000,42.700000
2021-06-25,41.750000,41.750000
2021-06-28,43.680000,43.680000
2021-06-29,43.390000,43.390000
2021-06-30,41.960000,41.960000
2021-07-01,41.440000,41.440000
2021-07-02,39.400000,39.400000
2021-07-06,39.190000,39.190000
2021-07-07,37.230000,37.230000
2021-07-08,35.910000,35.910000
2021-07-09,37.900000,37.900000
2021-07-12,37.710000,37.710000
2021-07-13,38.270000,38.270000
2021-07-14,35.780000,35.780000
2021-07-15,34.940000,34.940000
2021-07-16,35.170000,35.170000
2021-07-19,34.560000,34.560000
2021-07-20,34.260000,34.260000
2021-07-21,34.580000,34.580000
2021-07-22,33.100000,33.100000
2021-07-23,26.010000,26.010000
2021-07-26,27.190000,27.190000
2021-07-27,27.270000,27.270000
2021-07-28,31.820000,31.820000
2021-07-29,31.690000,31.690000
2021-07-30,31.580000,31.580000
2021-08-02,32.120000,32.120000
2021-08-03,30.610000,30.610000
2021-08-04,30.730000,30.730000
2021-08-05,29.620000,29.620000
2021-08-06,28.630000,28.630000
2021-08-09,29.490000,29.490000
2021-08-10,29.150000,29.150000
2021-08-11,28.830000,28.830000
2021-08-12,29.030000,29.030000
2021-08-13,28.510000,28.510000
2021-08-16,27.660000,27.660000
2021-08-17,27.120000,27.120000
2021-08-18,27.260000,27.260000
2021-08-19,25.940000,25.940000
2021-08-20,27.090000,27.090000
2021-08-23,27.480000,27.480000
2021-08-24,29.980000,29.980000
2021-08-25,29.520000,29.520000
2021-08-26,30.030000,30.030000
2021-08-27,29.780000,29.780000
2021-08-30,30.480000,30.480000
2021-08-31,33.920000,33.920000
2021-09-01,33.200000,33.200000
2021-09-02,32.680000,32.680000
2021-09-03,32.810000,32.810000
2021-09-07,33.080000,33.080000
2021-09-08,32.020000,32.020000
2021-09-09,32.640000,32.640000
2021-09-10,31.270000,31.270000
2021-09-13,30.510000,30.510000
2021-09-14,29.970000,29.970000
2021-09-15,29.370000,29.370000
2021-09-16,29.140000,29.140000
2021-09-17,29.290000,29.290000
2021-09-20,27.050000,27.050000
2021-09-21,27.400000,27.400000
2021-09-22,28.290000,28.290000
2021-09-23,28.630000,28.630000
2021-09-24,27.440000,27.440000
2021-09-27,29.130000,29.130000
2021-09-28,27.920000,27.920000
2021-09-29,27.370000,27.370000
2021-09-30,29.000000,29.000000
2021-10-01,27.360000,27.360000
2021-10-04,25.550000,25.550000
2021-10-05,26.260000,26.260000
2021-10-06,26.780000,26.780000
2021-10-07,27.460000,27.460000
2021-10-08,27.680000,27.680000
2021-10-11,27.710000,27.710000
2021-10-12,26.520000,26.520000
2021-10-13,28.500000,28.500000
2021-10-14,27.720000,27.720000
2021-10-15,28.000000,28.000000
2021-10-18,27.070000,27.070000
2021-10-19,26.000000,26.000000
2021-10-20,27.720000,27.720000
2021-10-21,28.130000,28.130000
2021-10-22,27.400000,27.400000
2021-10-25,27.000000,27.000000
2021-10-26,25.840000,25.840000
2021-10-27,24.700000,24.700000
2021-10-28,24.050000,24.050000
2021-10-29,21.800000,21.800000
2021-11-01,23.780000,23.780000
2021-11-02,22.710000,22.710000
2021-11-03,22.530000,22.530000
2021-11-04,22.320000,22.320000
2021-11-05,22.010000,22.010000
2021-11-08,23.780000,23.780000
2021-11-09,23.250000,23.250000
2021-11-10,22.510000,22.510000
2021-11-11,25.180000,25.180000
2021-11-12,26.370000,26.370000
2021-11-15,26.370000,26.370000
2021-11-16,26.040000,26.040000
2021-11-17,24.970000,24.970000
2021-11-18,23.530000,23.530000
2021-11-19,22.700000,22.700000
2021-11-22,22.010000,22.010000
2021-11-23,20.880000,20.880000
2021-11-24,20.430000,20.430000
2021-11-26,20.360000,20.360000
2021-11-29,20.630000,20.630000
2021-11-30,20.900000,20.900000
2021-12-01,18.920000,18.920000
2021-12-02,18.420000,18.420000
2021-12-03,16.830000,16.830000
2021-12-06,17.260000,17.260000
2021-12-07,18.990000,18.990000
2021-12-08,18.820000,18.820000
2021-12-09,18.180000,18.180000
2021-12-10,18.670000,18.670000
2021-12-13,17.320000,17.320000
2021-12-14,17.130000,17.130000
2021-12-15,16.530000,16.530000
2021-12-16,16.010000,16.010000
2021-12-17,17.170000,17.170000
2021-12-20,15.930000,15.930000
2021-12-21,16.890000,16.890000
2021-12-22,16.920000,16.920000
2021-12-23,16.720000,16.720000
2021-12-27,16.250000,16.250000
2021-12-28,15.920000,15.920000
2021-12-29,14.790000,14.790000
2021-12-30,16.940000,16.940000
2021-12-31,16.210000,16.210000
2022-01-03,15.790000,15.790000
2022-01-04,14.750000,14.750000
2022-01-05,13.940000,13.940000
2022-01-06,14.410000,14.410000
2022-01-07,14.400000,14.400000
2022-01-10,14.480000,14.480000
2022-01-11,14.800000,14.800000
2022-01-12,15.360000,15.360000
2022-01-13,13.720000,13.720000
2022-01-14,13.420000,13.420000
2022-01-18,12.470000,12.470000
2022-01-19,12.160000,12.160000
2022-01-20,12.170000,12.170000
2022-01-21,11.610000,11.610000
2022-01-24,11.100000,11.100000
2022-01-25,10.370000,10.370000
2022-01-26,9.770000,9.770000
2022-01-27,9.290000,9.290000
2022-01-28,9.350000,9.350000
2022-01-31,11.430000,11.430000
2022-02-01,11.280000,11.280000
2022-02-02,10.600000,10.600000
2022-02-03,10.270000,10.270000
2022-02-04,10.570000,10.570000
2022-02-07,10.590000,10.590000
2022-02-08,10.840000,10.840000
2022-02-09,11.590000,11.590000
2022-02-10,11.450000,11.450000
2022-02-11,10.820000,10.820000
2022-02-14,10.740000,10.740000
2022-02-15,11.200000,11.200000
2022-02-16,11.070000,11.070000
2022-02-17,10.430000,10.430000
2022-02-18,8.940000,8.940000
2022-02-22,10.020000,10.020000
2022-02-23,10.760000,10.760000
2022-02-24,11.340000,11.340000
2022-02-25,11.250000,11.250000
2022-02-28,12.080000,12.080000
2022-03-01,11.740000,11.740000
2022-03-02,11.180000,11.180000
2022-03-03,11.090000,11.090000
2022-03-04,9.970000,9.970000
2022-03-07,9.610000,9.610000
2022-03-08,9.780000,9.780000
2022-03-09,11.130000,11.130000
2022-03-10,10.080000,10.080000
2022-03-11,8.260000,8.260000
2022-03-14,6.570000,6.570000
2022-03-15,7.070000,7.070000
2022-03-16,10.410000,10.410000
2022-03-17,9.800000,9.800000
2022-03-18,11.090000,11.090000
2022-03-21,10.720000,10.720000
2022-03-22,11.290000,11.290000
2022-03-23,11.570000,11.570000
2022-03-24,11.370000,11.370000
2022-03-25,10.370000,10.370000
2022-03-28,10.410000,10.410000
2022-03-29,11.050000,11.050000
2022-03-30,10.740000,10.740000
2022-03-31,9.940000,9.940000
2022-04-01,10.080000,10.080000
2022-04-04,11.110000,11.110000
2022-04-05,10.390000,10.390000
2022-04-06,9.610000,9.610000
2022-04-07,9.010000,9.010000
2022-04-08,8.920000,8.920000
2022-04-11,8.810000,8.810000
2022-04-12,8.240000,8.240000
2022-04-13,8.410000,8.410000
2022-04-14,7.850000,7.850000
2022-04-18,7.100000,7.100000
2022-04-19,7.200000,7.200000
2022-04-20,6.960000,6.960000
2022-04-21,6.850000,6.850000
2022-04-22,6.800000,6.800000
2022-04-25,6.920000,6.920000
2022-04-26,6.710000,6.710000
2022-04-27,6.800000,6.800000
2022-04-28,6.870000,6.870000
2022-04-29,7.370000,7.370000
2022-05-02,7.210000,7.210000
2022-05-03,7.640000,7.640000
2022-05-04,7.610000,7.610000
2022-05-05,7.100000,7.100000
2022-05-06,6.670000,6.670000
2022-05-09,6.240000,6.240000
2022-05-10,6.200000,6.200000
2022-05-11,5.900000,5.900000
2022-05-12,5.950000,5.950000
2022-05-13,6.610000,6.610000
2022-05-16,6.700000,6.700000
2022-05-17,7.160000,7.160000
2022-05-18,6.730000,6.730000
2022-05-19,6.990000,6.990000
2022-05-20,6.990000,6.990000
2022-05-23,6.700000,6.700000
2022-05-24,5.380000,5.380000
2022-05-25,5.570000,5.570000
2022-05-26,5.820000,5.820000
2022-05-27,5.760000,5.760000
2022-05-31,6.090000,6.090000
2022-06-01,5.890000,5.890000
2022-06-02,6.260000,6.260000
2022-06-03,5.890000,5.890000
2022-06-06,6.650000,6.650000
2022-06-07,7.030000,7.030000
2022-06-08,7.550000,7.550000
2022-06-09,6.930000,6.930000
2022-06-10,6.590000,6.590000
2022-06-13,5.880000,5.880000
2022-06-14,6.680000,6.680000
2022-06-15,6.530000,6.530000
2022-06-16,6.300000,6.300000
2022-06-17,6.550000,6.550000
2022-06-21,6.970000,6.970000
2022-06-22,6.630000,6.630000
2022-06-23,6.680000,6.680000
2022-06-24,7.280000,7.280000
2022-06-27,7.310000,7.310000
2022-06-28,7.130000,7.130000
2022-06-29,6.720000,6.720000
2022-06-30,6.570000,6.570000
2022-07-01,6.530000,6.530000
2022-07-05,6.470000,6.470000
2022-07-06,6.320000,6.320000
2022-07-07,6.560000,6.560000
2022-07-08,6.230000,6.230000
2022-07-11,5.970000,5.970000
2022-07-12,5.900000,5.900000
2022-07-13,5.620000,5.620000
2022-07-14,4.960000,4.960000
2022-07-15,5.090000,5.090000
2022-07-18,5.120000,5.120000
2022-07-19,5.310000,5.310000
2022-07-20,5.300000,5.300000
2022-07-21,5.360000,5.360000
2022-07-22,5.120000,5.120000
2022-07-25,5.190000,5.190000
2022-07-26,5.040000,5.040000
2022-07-27,5.190000,5.190000
2022-07-28,5.000000,5.000000
2022-07-29,4.910000,4.910000
2022-08-01,4.760000,4.760000
2022-08-02,5.100000,5.100000
2022-08-03,5.370000,5.370000
2022-08-04,5.340000,5.340000
2022-08-05,5.200000,5.200000
2022-08-08,5.070000,5.070000
2022-08-09,4.880000,4.880000
2022-08-10,5.030000,5.030000
2022-08-11,5.120000,5.120000
2022-08-12,4.730000,4.730000
2022-08-15,4.730000,4.730000
2022-08-16,4.500000,4.500000
2022-08-17,4.340000,4.340000
2022-08-18,4.470000,4.470000
2022-08-19,4.200000,4.200000
2022-08-22,4.050000,4.050000
2022-08-23,3.860000,3.860000
2022-08-24,4.050000,4.050000
2022-08-25,4.550000,4.550000
2022-08-26,4.440000,4.440000
2022-08-29,4.140000,4.140000
2022-08-30,4.100000,4.100000
2022-08-31,4.140000,4.140000
2022-09-01,4.200000,4.200000
2022-09-02,3.860000,3.860000
2022-09-06,3.800000,3.800000
2022-09-07,4.000000,4.000000
2022-09-08,4.150000,4.150000
2022-09-09,4.510000,4.510000
2022-09-12,4.650000,4.650000
2022-09-13,4.320000,4.320000
2022-09-14,4.270000,4.270000
2022-09-15,4.150000,4.150000
2022-09-16,4.010000,4.010000
2022-09-19,4.080000,4.080000
2022-09-20,4.090000,4.090000
2022-09-21,3.980000,3.980000
2022-09-22,3.930000,3.930000
2022-09-23,4.050000,4.050000
2022-09-26,3.950000,3.950000
2022-09-27,4.010000,4.010000
2022-09-28,4.000000,4.000000
2022-09-29,3.810000,3.810000
2022-09-30,3.630000,3.630000
2022-10-03,3.980000,3.980000
2022-10-04,4.220000,4.220000
2022-10-05,3.900000,3.900000
2022-10-06,3.660000,3.660000
2022-10-07,3.410000,3.410000
2022-10-10,2.960000,2.960000
2022-10-11,2.970000,2.970000
2022-10-12,2.970000,2.970000
2022-10-13,2.950000,2.950000
2022-10-14,2.820000,2.820000
2022-10-17,3.230000,3.230000
2022-10-18,3.350000,3.350000
2022-10-19,3.120000,3.120000
2022-10-20,3.140000,3.140000
2022-10-21,3.160000,3.160000
2022-10-24,2.570000,2.570000
2022-10-25,2.790000,2.790000
2022-10-26,2.950000,2.950000
2022-10-27,2.970000,2.970000
2022-10-28,2.700000,2.700000
2022-10-31,2.790000,2.790000
2022-11-01,2.940000,2.940000
2022-11-02,2.880000,2.880000
2022-11-03,2.970000,2.970000
2022-11-04,3.070000,3.070000
2022-11-07,3.180000,3.180000
2022-11-08,2.890000,2.890000
2022-11-09,2.780000,2.780000
2022-11-10,3.040000,3.040000
2022-11-11,3.670000,3.670000
2022-11-14,3.500000,3.500000
2022-11-15,3.770000,3.770000
2022-11-16,3.310000,3.310000
2022-11-17,3.490000,3.490000
2022-11-18,3.260000,3.260000
2022-11-21,3.350000,3.350000
2022-11-22,2.680000,2.680000
2022-11-23,2.870000,2.870000
2022-11-25,2.620000,2.620000
2022-11-28,2.500000,2.500000
2022-11-29,2.650000,2.650000
2022-11-30,3.140000,3.140000
2022-12-01,2.940000,2.940000
2022-12-02,3.150000,3.150000
2022-12-05,3.060000,3.060000
2022-12-06,3.210000,3.210000
2022-12-07,3.090000,3.090000
2022-12-08,3.240000,3.240000
2022-12-09,3.840000,3.840000
2022-12-12,3.510000,3.510000
2022-12-13,3.720000,3.720000
2022-12-14,3.870000,3.870000
2022-12-15,3.750000,3.750000
2022-12-16,4.020000,4.020000
2022-12-19,3.670000,3.670000
2022-12-20,3.740000,3.740000
2022-12-21,4.120000,4.120000
2022-12-22,3.970000,3.970000
2022-12-23,4.020000,4.020000
2022-12-27,3.900000,3.900000
2022-12-28,3.930000,3.930000
2022-12-29,4.090000,4.090000
2022-12-30,3.910000,3.910000
2023-01-03,4.000000,4.000000
2023-01-04,4.500000,4.500000
2023-01-05,4.530000,4.530000
2023-01-06,4.490000,4.490000
2023-01-09,4.430000,4.430000
2023-01-10,4.580000,4.580000
2023-01-11,4.360000,4.360000
2023-01-12,4.430000,4.430000
2023-01-13,4.790000,4.790000
2023-01-17,4.310000,4.310000
2023-01-18,4.090000,4.090000
2023-01-19,3.830000,3.830000
2023-01-20,4.170000,4.170000
2023-01-23,4.580000,4.580000
2023-01-24,4.330000,4.330000
2023-01-25,4.190000,4.190000
2023-01-26,4.160000,4.160000
2023-01-27,4.120000,4.120000
2023-01-30,3.970000,3.970000
2023-01-31,3.890000,3.890000
2023-02-01,4.260000,4.260000
2023-02-02,4.160000,4.160000
2023-02-03,4.020000,4.020000
2023-02-06,3.990000,3.990000
2023-02-07,4.240000,4.240000
2023-02-08,4.410000,4.410000
2023-02-09,4.540000,4.540000
2023-02-10,4.000000,4.000000
2023-02-13,4.000000,4.000000
2023-02-14,3.880000,3.880000
2023-02-15,4.050000,4.050000
2023-02-16,3.950000,3.950000
2023-02-17,4.010000,4.010000
2023-02-21,3.910000,3.910000
2023-02-22,3.930000,3.930000
2023-02-23,3.830000,3.830000
2023-02-24,3.780000,3.780000
2023-02-27,3.840000,3.840000
2023-02-28,3.060000,3.060000
2023-03-01,2.980000,2.980000
2023-03-02,3.220000,3.220000
2023-03-03,3.390000,3.390000
2023-03-06,3.350000,3.350000
2023-03-07,3.380000,3.380000
2023-03-08,3.250000,3.250000
2023-03-09,3.140000,3.140000
2023-03-10,2.950000,2.950000
2023-03-13,3.150000,3.150000
2023-03-14,3.130000,3.130000
2023-03-15,3.140000,3.140000
2023-03-16,3.320000,3.320000
2023-03-17,3.220000,3.220000
2023-03-20,3.150000,3.150000
2023-03-21,3.340000,3.340000
2023-03-22,3.190000,3.190000
2023-03-23,3.430000,3.430000
2023-03-24,3.430000,3.430000
2023-03-27,3.480000,3.480000
2023-03-28,3.300000,3.300000
2023-03-29,3.510000,3.510000
2023-03-30,3.550000,3.550000
2023-03-31,3.620000,3.620000
2023-04-03,3.690000,3.690000
2023-04-04,4.020000,4.020000
2023-04-05,3.830000,3.830000
2023-04-06,3.640000,3.640000
2023-04-10,3.500000,3.500000
2023-04-11,3.600000,3.600000
2023-04-12,3.450000,3.450000
2023-04-13,3.500000,3.500000
2023-04-14,3.540000,3.540000
2023-04-17,3.660000,3.660000
2023-04-18,3.540000,3.540000
2023-04-19,3.520000,3.520000
2023-04-20,3.460000,3.460000
2023-04-21,3.390000,3.390000
2023-04-24,3.330000,3.330000
2023-04-25,3.160000,3.160000
2023-04-26,3.190000,3.190000
2023-04-27,3.340000,3.340000
2023-04-28,3.350000,3.350000
2023-05-01,3.460000,3.460000
2023-05-02,3.210000,3.210000
2023-05-03,3.100000,3.100000
2023-05-04,3.130000,3.130000
2023-05-05,3.360000,3.360000
2023-05-08,3.390000,3.390000
2023-05-09,3.440000,3.440000
2023-05-10,3.120000,3.120000
2023-05-11,2.930000,2.930000
2023-05-12,2.850000,2.850000
2023-05-15,3.040000,3.040000
2023-05-16,2.960000,2.960000
2023-05-17,3.090000,3.090000
2023-05-18,3.040000,3.040000
2023-05-19,3.020000,3.020000
2023-05-22,3.050000,3.050000
2023-05-23,3.070000,3.070000
2023-05-24,2.950000,2.950000
2023-05-25,2.840000,2.840000
2023-05-26,2.880000,2.880000
2023-05-30,2.860000,2.860000
2023-05-31,2.740000,2.740000
2023-06-01,3.030000,3.030000
2023-06-02,2.990000,2.990000
2023-06-05,2.980000,2.980000
2023-06-06,3.060000,3.060000
2023-06-07,3.000000,3.000000
2023-06-08,3.030000,3.030000
2023-06-09,3.010000,3.010000
2023-06-12,3.060000,3.060000
2023-06-13,3.370000,3.370000
2023-06-14,3.390000,3.390000
2023-06-15,3.440000,3.440000
2023-06-16,3.460000,3.460000
2023-06-20,3.320000,3.320000
2023-06-21,3.290000,3.290000
2023-06-22,3.320000,3.320000
2023-06-23,3.240000,3.240000
2023-06-26,3.090000,3.090000
2023-06-27,3.180000,3.180000
2023-06-28,3.140000,3.140000
2023-06-29,3.170000,3.170000
2023-06-30,3.130000,3.130000
2023-07-03,3.180000,3.180000
2023-07-05,3.050000,3.050000
2023-07-06,2.970000,2.970000
2023-07-07,3.030000,3.030000
2023-07-10,2.990000,2.990000
2023-07-11,2.960000,2.960000
2023-07-12,3.080000,3.080000
2023-07-13,3.340000,3.340000
2023-07-14,3.180000,3.180000
2023-07-17,3.190000,3.190000
2023-07-18,3.240000,3.240000
2023-07-19,3.290000,3.290000
2023-07-20,3.150000,3.150000
2023-07-21,3.020000,3.020000
2023-07-24,2.990000,2.990000
2023-07-25,3.000000,3.000000
2023-07-26,3.070000,3.070000
2023-07-27,3.010000,3.010000
2023-07-28,3.190000,3.190000
2023-07-31,3.230000,3.230000
2023-08-01,3.200000,3.200000
2023-08-02,3.050000,3.050000
2023-08-03,3.090000,3.090000
2023-08-04,3.030000,3.030000
2023-08-07,3.020000,3.020000
2023-08-08,3.010000,3.010000
2023-08-09,2.930000,2.930000
2023-08-10,2.970000,2.970000
2023-08-11,2.900000,2.900000
2023-08-14,2.900000,2.900000
2023-08-15,2.800000,2.800000
2023-08-16,2.780000,2.780000
2023-08-17,2.930000,2.930000
2023-08-18,2.830000,2.830000
2023-08-21,2.830000,2.830000
2023-08-22,2.770000,2.770000
2023-08-23,2.840000,2.840000
2023-08-24,2.820000,2.820000
2023-08-25,2.860000,2.860000
2023-08-28,2.850000,2.850000
2023-08-29,2.890000,2.890000
2023-08-30,2.880000,2.880000
2023-08-31,2.800000,2.800000
2023-09-01,2.820000,2.820000
2023-09-05,2.710000,2.710000
2023-09-06,2.620000,2.620000
2023-09-07,2.510000,2.510000
2023-09-08,2.450000,2.450000
2023-09-11,2.480000,2.480000
2023-09-12,2.440000,2.440000
2023-09-13,2.380000,2.380000
2023-09-14,2.510000,2.510000
2023-09-15,2.500000,2.500000
2023-09-18,2.530000,2.530000
2023-09-19,2.560000,2.560000
2023-09-20,2.560000,2.560000
2023-09-21,2.520000,2.520000
2023-09-22,2.720000,2.720000
2023-09-25,2.760000,2.760000
2023-09-26,2.700000,2.700000
2023-09-27,2.780000,2.780000
2023-09-28,2.460000,2.460000
2023-09-29,2.530000,2.530000
2023-10-02,2.490000,2.490000
2023-10-03,2.380000,2.380000
2023-10-04,2.470000,2.470000
2023-10-05,2.470000,2.470000
2023-10-06,2.490000,2.490000
2023-10-09,2.540000,2.540000
2023-10-10,2.720000,2.720000
2023-10-11,2.730000,2.730000
2023-10-12,2.670000,2.670000
2023-10-13,2.610000,2.610000
2023-10-16,2.700000,2.700000
2023-10-17,2.910000,2.910000
2023-10-18,2.880000,2.880000
2023-10-19,2.910000,2.910000
2023-10-20,2.870000,2.870000
2023-10-23,2.910000,2.910000
2023-10-24,2.880000,2.880000
2023-10-25,2.780000,2.780000
2023-10-26,2.890000,2.890000
2023-10-27,2.960000,2.960000
2023-10-30,2.950000,2.950000
2023-10-31,2.940000,2.940000
2023-11-01,2.950000,2.950000
2023-11-02,2.970000,2.970000
2023-11-03,3.010000,3.010000
2023-11-06,3.080000,3.080000
2023-11-07,3.080000,3.080000
2023-11-08,3.300000,3.300000
2023-11-09,3.150000,3.150000
2023-11-10,3.240000,3.240000
2023-11-13,3.250000,3.250000
2023-11-14,3.250000,3.250000
2023-11-15,3.140000,3.140000
2023-11-16,2.990000,2.990000
2023-11-17,3.150000,3.150000
2023-11-20,3.160000,3.160000
2023-11-21,3.080000,3.080000
2023-11-22,2.810000,2.810000
2023-11-24,2.880000,2.880000
2023-11-27,2.720000,2.720000
2023-11-28,2.690000,2.690000
2023-11-29,2.630000,2.630000
2023-11-30,2.510000,2.510000
2023-12-01,2.710000,2.710000
2023-12-04,2.700000,2.700000
2023-12-05,2.670000,2.670000
2023-12-06,2.600000,2.600000
2023-12-07,2.640000,2.640000
2023-12-08,2.640000,2.640000
2023-12-11,2.630000,2.630000
2023-12-12,2.510000,2.510000
2023-12-13,2.590000,2.590000
2023-12-14,2.530000,2.530000
2023-12-15,2.650000,2.650000
2023-12-18,2.800000,2.800000
2023-12-19,2.770000,2.770000
2023-12-20,2.610000,2.610000
2023-12-21,2.700000,2.700000
2023-12-22,2.620000,2.620000
2023-12-26,2.580000,2.580000
2023-12-27,2.560000,2.560000
2023-12-28,2.620000,2.620000
2023-12-29,2.630000,2.630000
2024-01-02,2.500000,2.500000
2024-01-03,2.510000,2.510000
2024-01-04,2.490000,2.490000
2024-01-05,2.460000,2.460000
2024-01-08,2.450000,2.450000
2024-01-09,2.430000,2.430000
2024-01-10,2.560000,2.560000
2024-01-11,2.750000,2.750000
2024-01-12,2.730000,2.730000
2024-01-16,2.620000,2.620000
2024-01-17,2.610000,2.610000
2024-01-18,2.600000,2.600000
2024-01-19,2.610000,2.610000
2024-01-22,2.560000,2.560000
2024-01-23,2.650000,2.650000
2024-01-24,2.780000,2.780000
2024-01-25,2.770000,2.770000
2024-01-26,2.730000,2.730000
2024-01-29,2.790000,2.790000
2024-01-30,2.760000,2.760000
2024-01-31,2.800000,2.800000
2024-02-01,2.920000,2.920000
2024-02-02,2.940000,2.940000
2024-02-05,2.920000,2.920000
2024-02-06,3.000000,3.000000
2024-02-07,2.910000,2.910000
2024-02-08,2.880000,2.880000
2024-02-09,2.870000,2.870000
2024-02-12,2.850000,2.850000
2024-02-13,2.730000,2.730000
2024-02-14,2.740000,2.740000
2024-02-15,2.860000,2.860000
2024-02-16,2.870000,2.870000
2024-02-20,2.730000,2.730000
2024-02-21,2.740000,2.740000
2024-02-22,2.740000,2.740000
2024-02-23,2.750000,2.750000
2024-02-26,2.750000,2.750000
2024-02-27,3.270000,3.270000
2024-02-28,3.000000,3.000000
2024-02-29,2.620000,2.620000
2024-03-01,2.750000,2.750000
2024-03-04,2.710000,2.710000
2024-03-05,2.680000,2.680000
2024-03-06,2.710000,2.710000
2024-03-07,2.650000,2.650000
2024-03-08,2.630000,2.630000
2024-03-11,2.620000,2.620000
2024-03-12,2.650000,2.650000
2024-03-13,2.570000,2.570000
2024-03-14,2.520000,2.520000
2024-03-15,2.520000,2.520000
2024-03-18,2.530000,2.530000
2024-03-19,2.520000,2.520000
2024-03-20,2.530000,2.530000
2024-03-21,2.510000,2.510000
2024-03-22,2.520000,2.520000
2024-03-25,2.500000,2.500000
2024-03-26,2.520000,2.520000
2024-03-27,2.510000,2.510000
2024-03-28,2.510000,2.510000
2024-04-01,2.550000,2.550000
2024-04-02,2.540000,2.540000
2024-04-03,2.590000,2.590000
2024-04-04,2.680000,2.680000
2024-04-05,2.550000,2.550000
2024-04-08,2.500000,2.500000
2024-04-09,2.520000,2.520000
2024-04-10,2.500000,2.500000
2024-04-11,2.500000,2.500000
2024-04-12,2.440000,2.440000
2024-04-15,2.370000,2.370000
2024-04-16,2.360000,2.360000
2024-04-17,2.410000,2.410000
2024-04-18,2.430000,2.430000
2024-04-19,2.400000,2.400000
2024-04-22,2.450000,2.450000
2024-04-23,2.490000,2.490000
2024-04-24,2.490000,2.490000
2024-04-25,2.500000,2.500000
2024-04-26,2.520000,2.520000
2024-04-29,2.540000,2.540000
2024-04-30,2.490000,2.490000
2024-05-01,2.520000,2.520000
2024-05-02,2.560000,2.560000
2024-05-03,2.590000,2.590000
2024-05-06,2.750000,2.750000
2024-05-07,2.760000,2.760000
2024-05-08,2.720000,2.720000
2024-05-09,2.720000,2.720000
2024-05-10,2.760000,2.760000
2024-05-13,2.720000,2.720000
2024-05-14,2.740000,2.740000
2024-05-15,2.720000,2.720000
2024-05-16,2.950000,2.950000
2024-05-17,2.920000,2.920000
2024-05-20,2.870000,2.870000
2024-05-21,2.920000,2.920000
2024-05-22,2.850000,2.850000
2024-05-23,2.530000,2.530000
2024-05-24,2.580000,2.580000
2024-05-28,2.510000,2.510000
2024-05-29,2.480000,2.480000
2024-05-30,2.480000,2.480000
2024-05-31,2.460000,2.460000
2024-06-03,2.390000,2.390000
2024-06-04,2.450000,2.450000
2024-06-05,2.480000,2.480000
2024-06-06,2.550000,2.550000
2024-06-07,2.480000,2.480000
2024-06-10,2.540000,2.540000
2024-06-11,2.510000,2.510000
2024-06-12,2.440000,2.440000
2024-06-13,2.400000,2.400000
2024-06-14,2.390000,2.390000
2024-06-17,2.370000,2.370000
2024-06-18,2.340000,2.340000
2024-06-20,2.320000,2.320000
2024-06-21,2.290000,2.290000
2024-06-24,2.280000,2.280000
2024-06-25,2.210000,2.210000
2024-06-26,2.220000,2.220000
2024-06-27,2.190000,2.190000
2024-06-28,2.120000,2.120000
2024-07-01,2.170000,2.170000
2024-07-02,2.180000,2.180000
2024-07-03,2.350000,2.350000
2024-07-05,2.320000,2.320000
2024-07-08,2.320000,2.320000
2024-07-09,2.410000,2.410000
2024-07-10,2.390000,2.390000
2024-07-11,2.500000,2.500000
2024-07-12,2.550000,2.550000
2024-07-15,2.440000,2.440000
2024-07-16,2.540000,2.540000
2024-07-17,2.510000,2.510000
2024-07-18,2.450000,2.450000
2024-07-19,2.490000,2.490000
2024-07-22,2.520000,2.520000
2024-07-23,2.510000,2.510000
2024-07-24,2.490000,2.490000
2024-07-25,2.480000,2.480000
2024-07-26,2.490000,2.490000
2024-07-29,2.490000,2.490000
2024-07-30,2.500000,2.500000
2024-07-31,2.500000,2.500000
2024-08-01,2.360000,2.360000
2024-08-02,2.290000,2.290000
2024-08-05,2.060000,2.060000
2024-08-06,2.230000,2.230000
2024-08-07,2.200000,2.200000
2024-08-08,2.190000,2.190000
2024-08-09,2.330000,2.330000
2024-08-12,2.300000,2.300000
2024-08-13,2.310000,2.310000
2024-08-14,2.260000,2.260000
2024-08-15,2.290000,2.290000
2024-08-16,2.280000,2.280000
2024-08-19,2.340000,2.340000
2024-08-20,2.180000,2.180000
2024-08-21,2.290000,2.290000
2024-08-22,2.140000,2.140000
2024-08-23,2.110000,2.110000
2024-08-26,2.090000,2.090000
2024-08-27,2.080000,2.080000
2024-08-28,1.890000,1.890000
2024-08-29,1.970000,1.970000
2024-08-30,1.900000,1.900000
2024-09-03,1.840000,1.840000
2024-09-04,1.830000,1.830000
2024-09-05,1.910000,1.910000
2024-09-06,1.900000,1.900000
2024-09-09,1.950000,1.950000
2024-09-10,1.990000,1.990000
2024-09-11,1.970000,1.970000
2024-09-12,1.990000,1.990000
2024-09-13,1.980000,1.980000
2024-09-16,1.980000,1.980000
2024-09-17,1.990000,1.990000
2024-09-18,1.990000,1.990000
2024-09-19,1.970000,1.970000
2024-09-20,1.970000,1.970000
2024-09-23,1.990000,1.990000
2024-09-24,2.070000,2.070000
2024-09-25,2.160000,2.160000
2024-09-26,2.360000,2.360000
2024-09-27,2.410000,2.410000
2024-09-30,2.410000,2.410000
2024-10-01,2.750000,2.750000
2024-10-02,4.940000,4.940000
2024-10-03,4.950000,4.950000
2024-10-04,4.710000,4.710000
2024-10-07,4.070000,4.070000
2024-10-08,3.770000,3.770000
2024-10-09,3.110000,3.110000
2024-10-10,3.230000,3.230000
2024-10-11,3.260000,3.260000
2024-10-14,2.930000,2.930000
2024-10-15,2.790000,2.790000
2024-10-16,2.850000,2.850000
2024-10-17,2.710000,2.710000
2024-10-18,2.830000,2.830000
2024-10-21,2.860000,2.860000
2024-10-22,2.830000,2.830000
2024-10-23,2.670000,2.670000
2024-10-24,2.650000,2.650000
2024-10-25,2.810000,2.810000
2024-10-28,2.980000,2.980000
2024-10-29,2.940000,2.940000
2024-10-30,2.880000,2.880000
2024-10-31,2.820000,2.820000
2024-11-01,2.800000,2.800000
2024-11-04,2.740000,2.740000
2024-11-05,3.270000,3.270000
2024-11-06,3.100000,3.100000
2024-11-07,3.780000,3.780000
2024-11-08,5.350000,5.350000
2024-11-11,5.020000,5.020000
2024-11-12,4.050000,4.050000
2024-11-13,4.170000,4.170000
2024-11-14,4.190000,4.190000
2024-11-15,4.390000,4.390000
2024-11-18,4.070000,4.070000
2024-11-19,4.100000,4.100000
2024-11-20,4.380000,4.380000
2024-11-21,4.560000,4.560000
2024-11-22,4.490000,4.490000
2024-11-25,4.760000,4.760000
2024-11-26,4.740000,4.740000
2024-11-27,6.350000,6.350000
2024-11-29,5.160000,5.160000
2024-12-02,5.060000,5.060000
2024-12-03,5.530000,5.530000
2024-12-04,5.520000,5.520000
2024-12-05,6.100000,6.100000
2024-12-06,6.160000,6.160000
2024-12-09,5.990000,5.990000
2024-12-10,5.100000,5.100000
2024-12-11,5.020000,5.020000
2024-12-12,5.250000,5.250000
2024-12-13,4.810000,4.810000
2024-12-16,4.650000,4.650000
2024-12-17,4.530000,4.530000
2024-12-18,4.560000,4.560000
2024-12-19,3.960000,3.960000
2024-12-20,4.550000,4.550000
2024-12-23,4.340000,4.340000
2024-12-24,4.360000,4.360000
2024-12-26,4.550000,4.550000
2024-12-27,4.400000,4.400000
2024-12-30,4.200000,4.200000
2024-12-31,4.160000,4.160000
2025-01-02,4.370000,4.370000
2025-01-03,4.430000,4.430000
2025-01-06,4.350000,4.350000
2025-01-07,4.190000,4.190000
2025-01-08,3.680000,3.680000
2025-01-10,3.860000,3.860000
2025-01-13,3.760000,3.760000
2025-01-14,3.790000,3.790000
2025-01-15,4.000000,4.000000
2025-01-16,4.670000,4.670000
2025-01-17,4.810000,4.810000
2025-01-21,4.890000,4.890000
2025-01-22,4.700000,4.700000
2025-01-23,4.550000,4.550000
2025-01-24,5.240000,5.240000
2025-01-27,4.830000,4.830000
2025-01-28,5.230000,5.230000
2025-01-29,5.780000,5.780000
2025-01-30,6.050000,6.050000
2025-01-31,5.590000,5.590000
2025-02-03,5.600000,5.600000
2025-02-04,5.940000,5.940000
2025-02-05,5.790000,5.790000
2025-02-06,6.140000,6.140000
2025-02-07,6.160000,6.160000
2025-02-10,6.650000,6.650000
2025-02-11,6.060000,6.060000
2025-02-12,6.410000,6.410000
2025-02-13,6.460000,6.460000
2025-02-14,5.970000,5.970000
2025-02-18,5.740000,5.740000
2025-02-19,5.740000,5.740000
2025-02-20,5.670000,5.670000
2025-02-21,6.160000,6.160000
2025-02-24,5.600000,5.600000
2025-02-25,5.910000,5.910000
2025-02-26,6.510000,6.510000
2025-02-27,6.190000,6.190000
2025-02-28,5.660000,5.660000
2025-03-03,5.060000,5.060000
2025-03-04,5.240000,5.240000
2025-03-05,5.550000,5.550000
2025-03-06,5.230000,5.230000
2025-03-07,5.370000,5.370000
2025-03-10,5.130000,5.130000
2025-03-11,5.370000,5.370000
2025-03-12,5.570000,5.570000
2025-03-13,5.260000,5.260000
2025-03-14,5.700000,5.700000
2025-03-17,5.600000,5.600000
2025-03-18,5.250000,5.250000
2025-03-19,5.310000,5.310000
2025-03-20,4.930000,4.930000
2025-03-21,4.640000,4.640000
2025-03-24,4.660000,4.660000
2025-03-25,4.630000,4.630000
2025-03-26,4.650000,4.650000
2025-03-27,4.540000,4.540000
2025-03-28,4.340000,4.340000
2025-03-31,4.020000,4.020000
2025-04-01,4.040000,4.040000
2025-04-02,4.030000,4.030000
2025-04-03,3.780000,3.780000
2025-04-04,3.410000,3.410000
2025-04-07,3.190000,3.190000
2025-04-08,3.040000,3.040000
2025-04-09,3.000000,3.000000
2025-04-10,3.140000,3.140000
2025-04-11,2.920000,2.920000
2025-04-14,2.980000,2.980000
2025-04-15,2.990000,2.990000
2025-04-16,2.820000,2.820000
2025-04-17,2.610000,2.610000
2025-04-21,2.620000,2.620000
2025-04-22,2.630000,2.630000
2025-04-23,2.930000,2.930000
2025-04-24,3.140000,3.140000
2025-04-25,3.200000,3.200000
2025-04-28,3.190000,3.190000
2025-04-29,3.280000,3.280000
2025-04-30,3.280000,3.280000
2025-05-01,3.400000,3.400000
2025-05-02,3.410000,3.410000
2025-05-05,3.450000,3.450000
2025-05-06,3.350000,3.350000
2025-05-07,3.280000,3.280000
2025-05-08,3.480000,3.480000
2025-05-09,3.370000,3.370000
2025-05-12,3.570000,3.570000
2025-05-13,3.540000,3.540000
2025-05-14,3.560000,3.560000
2025-05-15,3.460000,3.460000
2025-05-16,3.500000,3.500000
2025-05-19,3.570000,3.570000
2025-05-20,3.520000,3.520000
2025-05-21,3.550000,3.550000
2025-05-22,3.680000,3.680000
2025-05-23,3.590000,3.590000
2025-05-27,3.790000,3.790000
2025-05-28,3.720000,3.720000
2025-05-29,3.780000,3.780000
2025-05-30,3.580000,3.580000
2025-06-02,3.460000,3.460000
2025-06-03,3.700000,3.700000
2025-06-04,3.810000,3.810000
2025-06-05,3.820000,3.820000
2025-06-06,3.810000,3.810000
2025-06-09,3.990000,3.990000
2025-06-10,3.990000,3.990000
2025-06-11,3.980000,3.980000
2025-06-12,3.840000,3.840000
2025-06-13,3.710000,3.710000
2025-06-16,3.820000,3.820000
2025-06-17,3.720000,3.720000
2025-06-18,3.720000,3.720000
2025-06-20,3.690000,3.690000
2025-06-23,3.650000,3.650000
2025-06-24,3.740000,3.740000
2025-06-25,3.760000,3.760000
2025-06-26,3.820000,3.820000
2025-06-27,3.780000,3.780000
2025-06-30,3.810000,3.810000
2025-07-01,3.680000,3.680000
2025-07-02,3.700000,3.700000
2025-07-03,3.670000,3.670000
2025-07-07,3.710000,3.710000
2025-07-08,4.180000,4.180000
2025-07-09,4.040000,4.040000
2025-07-10,3.930000,3.930000
2025-07-11,3.800000,3.800000
2025-07-14,3.880000,3.880000
2025-07-15,4.180000,4.180000
2025-07-16,3.980000,3.980000
2025-07-17,3.990000,3.990000
2025-07-18,3.990000,3.990000
2025-07-21,3.980000,3.980000
2025-07-22,4.000000,4.000000
2025-07-23,4.060000,4.060000
2025-07-24,4.030000,4.030000
2025-07-25,4.000000,4.000000
2025-07-28,3.940000,3.940000
2025-07-29,3.820000,3.820000
2025-07-30,3.880000,3.880000
2025-07-31,3.850000,3.850000
2025-08-01,3.670000,3.670000
2025-08-04,3.730000,3.730000
2025-08-05,3.710000,3.710000
2025-08-06,3.720000,3.720000
2025-08-07,3.770000,3.770000
2025-08-08,3.830000,3.830000
2025-08-11,3.750000,3.750000
2025-08-12,3.820000,3.820000
2025-08-13,3.800000,3.800000
2025-08-14,3.650000,3.650000
2025-08-15,3.670000,3.670000
2025-08-18,3.980000,3.980000
2025-08-19,3.670000,3.670000
2025-08-20,3.470000,3.470000
2025-08-21,3.540000,3.540000
2025-08-22,3.530000,3.530000
2025-08-25,3.640000,3.640000
2025-08-26,3.530000,3.530000
2025-08-27,3.510000,3.510000
2025-08-28,3.540000,3.540000
2025-08-29,3.450000,3.450000
2025-09-02,3.400000,3.400000
2025-09-03,3.410000,3.410000
2025-09-04,3.300000,3.300000
2025-09-05,3.420000,3.420000
2025-09-08,3.680000,3.680000
2025-09-09,3.620000,3.620000
2025-09-10,3.710000,3.710000
2025-09-11,3.870000,3.870000
2025-09-12,3.780000,3.780000
2025-09-15,3.820000,3.820000
2025-09-16,3.720000,3.720000
2025-09-17,3.830000,3.830000
2025-09-18,3.890000,3.890000
2025-09-19,3.850000,3.850000
2025-09-22,3.870000,3.870000
2025-09-23,3.810000,3.810000
2025-09-24,3.930000,3.930000
2025-09-25,3.920000,3.920000
2025-09-26,3.750000,3.750000
2025-09-29,3.800000,3.800000
2025-09-30,3.820000,3.820000
2025-10-01,3.740000,3.740000
2025-10-02,3.830000,3.830000
2025-10-03,3.770000,3.770000
2025-10-06,3.990000,3.990000
2025-10-07,3.860000,3.860000
2025-10-08,4.060000,4.060000
2025-10-09,3.950000,3.950000
2025-10-10,3.500000,3.500000
2025-10-13,3.570000,3.570000
2025-10-14,3.540000,3.540000
2025-10-15,3.620000,3.620000
2025-10-16,3.520000,3.520000
2025-10-17,3.480000,3.480000
2025-10-20,3.540000,3.540000
2025-10-21,3.610000,3.610000
2025-10-22,3.570000,3.570000
2025-10-23,3.630000,3.630000
2025-10-24,3.600000,3.600000
2025-10-27,3.600000,3.600000
2025-10-28,3.510000,3.510000
2025-10-29,3.510000,3.510000
2025-10-30,3.510000,3.510000
2025-10-31,3.550000,3.550000
2025-11-03,3.500000,3.500000
2025-11-04,3.280000,3.280000
2025-11-05,3.440000,3.440000
2025-11-06,3.470000,3.470000
2025-11-07,3.490000,3.490000
2025-11-10,3.490000,3.490000
2025-11-11,3.490000,3.490000
2025-11-12,3.470000,3.470000
2025-11-13,3.400000,3.400000
2025-11-14,3.400000,3.400000
2025-11-17,3.240000,3.240000
2025-11-18,3.290000,3.290000
2025-11-19,3.310000,3.310000
2025-11-20,3.610000,3.610000
2025-11-21,3.560000,3.560000
2025-11-24,3.730000,3.730000
2025-11-25,3.640000,3.640000
2025-11-26,3.540000,3.540000
2025-11-28,3.610000,3.610000
2025-12-01,3.670000,3.670000
2025-12-02,3.710000,3.710000
2025-12-03,3.770000,3.770000
2025-12-04,3.820000,3.820000
2025-12-05,3.780000,3.780000
2025-12-08,3.800000,3.800000
2025-12-09,3.780000,3.780000
2025-12-10,3.810000,3.810000
2025-12-11,3.730000,3.730000
2025-12-12,3.920000,3.920000
2025-12-15,3.870000,3.870000
2025-12-16,3.950000,3.950000
2025-12-17,3.900000,3.900000
2025-12-18,3.920000,3.920000
2025-12-19,3.940000,3.940000
2025-12-22,3.840000,3.840000
2025-12-23,3.840000,3.840000
2025-12-24,3.850000,3.850000
2025-12-26,3.930000,3.930000
2025-12-29,3.970000,3.970000
2025-12-30,4.000000,4.000000
2025-12-31,4.070000,4.070000
2026-01-02,4.040000,4.040000
2026-01-05,4.150000,4.150000
2026-01-06,4.020000,4.020000
2026-01-07,4.080000,4.080000
2026-01-08,4.150000,4.150000
2026-01-09,4.500000,4.500000
2026-01-12,4.710000,4.710000
2026-01-13,4.530000,4.530000
2026-01-14,4.460000,4.460000
2026-01-15,4.470000,4.470000
2026-01-16,4.470000,4.470000
2026-01-20,4.500000,4.500000
2026-01-21,4.480000,4.480000
2026-01-22,4.460000,4.460000
2026-01-23,4.630000,4.630000
2026-01-26,4.410000,4.410000
2026-01-27,4.530000,4.530000
2026-01-28,4.560000,4.560000
2026-01-29,4.480000,4.480000
2026-01-30,4.170000,4.170000
2026-02-02,4.250000,4.250000
2026-02-03,4.150000,4.150000
2026-02-04,4.130000,4.130000
2026-02-05,4.100000,4.100000
2026-02-06,4.300000,4.300000
2026-02-09,4.400000,4.400000
2026-02-10,4.460000,4.460000
2026-02-11,4.270000,4.270000
2026-02-12,4.400000,4.400000
2026-02-13,4.590000,4.590000
2026-02-17,4.790000,4.790000
2026-02-18,4.730000,4.730000
2026-02-19,4.690000,4.690000
2026-02-20,4.630000,4.630000
2026-02-23,4.610000,4.610000
2026-02-24,4.760000,4.760000
2026-02-25,4.800000,4.800000
2026-02-26,4.690000,4.690000
2026-02-27,4.670000,4.670000
2026-03-02,4.680000,4.680000
2026-03-03,4.560000,4.560000
2026-03-04,4.310000,4.310000
2026-03-05,4.370000,4.370000
2026-03-06,4.340000,4.340000
2026-03-09,4.390000,4.390000
2026-03-10,4.180000,4.180000
2026-03-11,3.990000,3.990000
2026-03-12,3.880000,3.880000
2026-03-13,3.830000,3.830000
2026-03-16,3.840000,3.840000
2026-03-17,3.860000,3.860000
2026-03-18,3.750000,3.750000
2026-03-19,3.560000,3.560000
2026-03-20,3.500000,3.500000
2026-03-23,3.540000,3.540000
2026-03-24,3.410000,3.410000
2026-03-25,3.520000,3.520000
2026-03-26,3.450000,3.450000
2026-03-27,3.410000,3.410000
2026-03-30,3.460000,3.460000
2026-03-31,3.540000,3.540000
2026-04-01,3.640000,3.640000
2026-04-02,3.660000,3.660000
2026-04-06,3.690000,3.690000
2026-04-07,3.660000,3.660000
2026-04-08,3.780000,3.780000
2026-04-09,3.680000,3.680000
2026-04-10,3.710000,3.710000
2026-04-13,3.760000,3.760000
2026-04-14,3.830000,3.830000
2026-04-15,3.970000,3.970000
2026-04-16,3.940000,3.940000
2026-04-17,4.000000,4.000000
2026-04-20,3.880000,3.880000
2026-04-21,3.730000,3.730000
2026-04-22,3.730000,3.730000
2026-04-23,3.570000,3.570000
2026-04-24,3.600000,3.600000
2026-04-27,3.550000,3.550000
2026-04-28,3.430000,3.430000
2026-04-29,3.510000,3.510000
2026-04-30,3.540000,3.540000
2026-05-01,3.750000,3.750000
2026-05-04,3.840000,3.840000
2026-05-05,3.890000,3.890000
2026-05-06,4.110000,4.110000
2026-05-07,3.980000,3.980000
2026-05-08,4.280000,4.280000
2026-05-11,4.110000,4.110000
2026-05-12,3.870000,3.870000
2026-05-13,3.920000,3.920000
2026-05-14,3.850000,3.850000
2026-05-15,3.890000,3.890000
2026-05-18,3.890000,3.890000
2026-05-19,3.840000,3.840000
2026-05-20,3.810000,3.810000
2026-05-21,3.770000,3.770000
2026-05-22,3.640000,3.640000
2026-05-26,3.770000,3.770000
2026-05-27,4.230000,4.230000
2026-05-28,4.250000,4.250000
2026-05-29,4.100000,4.100000
2026-06-01,4.750000,4.750000
2026-06-02,5.260000,5.260000
2026-06-03,4.870000,4.870000
2026-06-04,4.830000,4.830000
2026-06-05,4.810000,4.810000
2026-06-08,4.590000,4.590000
2026-06-09,4.540000,4.540000
2026-06-10,4.470000,4.470000
2026-06-11,4.500000,4.500000
2026-06-12,4.320000,4.320000
2026-06-15,4.240000,4.240000
2026-06-16,4.210000,4.210000
2026-06-17,4.220000,4.220000
2026-06-18,4.150000,4.150000
2026-06-22,4.170000,4.170000
2026-06-23,4.260000,4.260000
2026-06-24,4.120000,4.120000
2026-06-25,3.880000,3.880000
2026-06-26,4.060000,4.060000
2026-06-29,4.190000,4.190000
2026-06-30,3.990000,3.990000
2026-07-01,4.060000,4.060000
2026-07-02,4.010000,4.010000
2026-07-06,4.130000,4.130000
2026-07-07,4.110000,4.110000
2026-07-08,4.160000,4.160000
2026-07-09,4.330000,4.330000
2026-07-10,4.220000,4.220000
2026-07-13,4.170000,4.170000
2026-07-14,3.980000,3.980000
2026-07-15,4.040000,4.040000
2026-07-16,4.000000,4.000000
2026-07-17,3.910000,3.910000
2026-07-20,3.990000,3.990000
2026-07-21,3.950000,3.950000
2026-07-22,3.900000,3.900000
2026-07-23,3.890000,3.890000
2026-07-24,3.850000,3.850000
2026-07-27,3.990000,3.990000
2026-07-28,3.940000,3.940000
2026-07-29,3.950000,3.950000
2026-07-30,3.980000,3.980000
2026-07-31,4.000000,4.000000
2026-08-03,4.070000,4.070000
2026-08-04,4.090000,4.090000
2026-08-05,4.130000,4.130000
2026-08-06,4.150000,4.150000
2026-08-07,4.460000,4.460000
2026-08-10,4.570000,4.570000
2026-08-11,4.670000,4.670000
2026-08-12,4.480000,4.480000
2026-08-13,4.830000,4.830000
2026-08-14,4.640000,4.640000
2026-08-17,4.410000,4.410000
