date,close,adj_close
2002-10-07,15.830000,7.256819
2002-10-08,15.990000,7.330167
2002-10-09,15.060000,6.903834
2002-10-10,14.930000,6.896136
2002-10-11,15.800000,7.297987
2002-10-14,15.700000,7.251797
2002-10-15,15.830000,7.311844
2002-10-16,15.220000,7.030086
2002-10-17,15.730000,7.265654
2002-10-18,15.470000,7.145561
2002-10-21,15.200000,7.020848
2002-10-22,15.070000,6.960802
2002-10-23,15.470000,7.145561
2002-10-24,15.530000,7.173275
2002-10-25,16.600000,7.667505
2002-10-28,16.330000,7.542793
2002-10-29,16.570000,7.653648
2002-10-30,16.600000,7.667505
2002-10-31,16.600000,7.667505
2002-11-01,16.930000,7.819932
2002-11-04,17.000000,7.852265
2002-11-05,16.820000,7.769123
2002-11-06,16.900000,7.806075
2002-11-07,16.620000,7.676743
2002-11-08,16.350000,7.552031
2002-11-11,16.170000,7.468889
2002-11-12,16.660000,7.695219
2002-11-13,16.570000,7.653648
2002-11-14,16.400000,7.575126
2002-11-15,16.630000,7.681362
2002-11-18,16.570000,7.653648
2002-11-19,16.500000,7.621316
2002-11-20,16.500000,7.621316
2002-11-21,16.570000,7.653648
2002-11-22,16.410000,7.579745
2002-11-25,16.530000,7.635173
2002-11-26,16.520000,7.630554
2002-11-27,17.200000,7.944644
2002-11-29,17.030000,7.866121
2002-12-02,16.670000,7.699838
2002-12-03,16.330000,7.542793
2002-12-04,16.370000,7.561269
2002-12-05,16.330000,7.542793
2002-12-06,16.470000,7.607459
2002-12-09,16.430000,7.588983
2002-12-10,16.770000,7.746028
2002-12-11,16.630000,7.681362
2002-12-12,16.870000,7.792218
2002-12-13,16.900000,7.806075
2002-12-16,17.270000,7.976977
2002-12-17,17.130000,7.912311
2002-12-18,17.100000,7.898454
2002-12-19,17.200000,7.944644
2002-12-20,17.270000,7.976977
2002-12-23,17.330000,8.004691
2002-12-24,17.270000,7.976977
2002-12-26,17.370000,8.023167
2002-12-27,16.900000,7.806075
2002-12-30,16.610000,7.672124
2002-12-31,16.130000,7.450413
2003-01-02,16.370000,7.561269
2003-01-03,16.270000,7.515079
2003-01-06,16.290000,7.524317
2003-01-07,16.030000,7.404224
2003-01-08,16.020000,7.399605
2003-01-09,16.670000,7.699838
2003-01-10,16.530000,7.635173
2003-01-13,16.170000,7.520451
2003-01-14,16.430000,7.641374
2003-01-15,16.310000,7.585563
2003-01-16,16.170000,7.520451
2003-01-17,15.930000,7.408830
2003-01-21,15.910000,7.399529
2003-01-22,15.900000,7.394878
2003-01-23,15.990000,7.436736
2003-01-24,15.530000,7.222796
2003-01-27,15.390000,7.157684
2003-01-28,15.320000,7.125128
2003-01-29,15.500000,7.208843
2003-01-30,15.170000,7.055365
2003-01-31,15.400000,7.162334
2003-02-03,15.450000,7.185589
2003-02-04,15.400000,7.162334
2003-02-05,15.230000,7.083270
2003-02-06,15.030000,6.990252
2003-02-07,14.670000,6.822821
2003-02-10,14.600000,6.790265
2003-02-11,14.540000,6.762360
2003-02-12,14.600000,6.790265
2003-02-13,14.390000,6.692597
2003-02-14,14.590000,6.785614
2003-02-18,14.500000,6.743756
2003-02-19,14.470000,6.729804
2003-02-20,14.310000,6.655390
2003-02-21,14.530000,6.757709
2003-02-24,14.670000,6.822821
2003-02-25,14.630000,6.804218
2003-02-26,14.730000,6.850726
2003-02-27,14.900000,6.929791
2003-02-28,14.870000,6.915839
2003-03-03,14.510000,6.748407
2003-03-04,14.700000,6.836774
2003-03-05,14.870000,6.915839
2003-03-06,15.370000,7.148382
2003-03-07,15.470000,7.194891
2003-03-10,15.590000,7.250701
2003-03-11,15.730000,7.315813
2003-03-12,15.570000,7.241399
2003-03-13,15.970000,7.427434
2003-03-14,16.230000,7.548356
2003-03-17,16.670000,7.752994
2003-03-18,16.860000,7.841361
2003-03-19,17.330000,8.059952
2003-03-20,17.010000,7.911124
2003-03-21,17.200000,7.999490
2003-03-24,17.170000,7.985538
2003-03-25,17.500000,8.139016
2003-03-26,17.170000,7.985538
2003-03-27,17.200000,7.999490
2003-03-28,17.170000,7.985538
2003-03-31,16.770000,7.799503
2003-04-01,17.030000,7.920426
2003-04-02,16.870000,7.846012
2003-04-03,16.670000,7.752994
2003-04-04,16.870000,7.846012
2003-04-07,17.320000,8.055301
2003-04-08,17.270000,8.032046
2003-04-09,17.200000,7.999490
2003-04-10,17.140000,7.971585
2003-04-11,16.670000,7.804600
2003-04-14,16.830000,7.879509
2003-04-15,16.970000,7.945055
2003-04-16,16.870000,7.898237
2003-04-17,17.300000,8.099555
2003-04-21,17.300000,8.099555
2003-04-22,17.330000,8.113601
2003-04-23,17.330000,8.113601
2003-04-24,17.250000,8.076146
2003-04-25,17.000000,7.959100
2003-04-28,17.030000,7.973146
2003-04-29,17.170000,8.038691
2003-04-30,16.900000,7.912282
2003-05-01,16.660000,7.799918
2003-05-02,16.970000,7.945055
2003-05-05,17.330000,8.113601
2003-05-06,17.350000,8.122964
2003-05-07,17.270000,8.085510
2003-05-08,17.250000,8.076146
2003-05-09,17.170000,8.038691
2003-05-12,17.030000,7.973146
2003-05-13,16.870000,7.898237
2003-05-14,16.570000,7.757782
2003-05-15,16.600000,7.771827
2003-05-16,16.200000,7.584554
2003-05-19,15.270000,7.149145
2003-05-20,15.370000,7.195963
2003-05-21,15.470000,7.242781
2003-05-22,15.790000,7.392600
2003-05-23,15.970000,7.476873
2003-05-27,16.200000,7.584554
2003-05-28,16.330000,7.645418
2003-05-29,16.270000,7.617327
2003-05-30,16.530000,7.739055
2003-06-02,16.600000,7.771827
2003-06-03,16.600000,7.771827
2003-06-04,17.230000,8.066782
2003-06-05,17.330000,8.113601
2003-06-06,17.000000,7.959100
2003-06-09,16.630000,7.785873
2003-06-10,16.900000,7.912282
2003-06-11,16.610000,7.776509
2003-06-12,16.550000,7.748418
2003-06-13,16.270000,7.617327
2003-06-16,17.270000,8.085510
2003-06-17,17.230000,8.066782
2003-06-18,17.370000,8.132328
2003-06-19,17.270000,8.085510
2003-06-20,17.470000,8.179146
2003-06-23,17.150000,8.029328
2003-06-24,16.870000,7.898237
2003-06-25,17.270000,8.085510
2003-06-26,18.000000,8.427283
2003-06-27,18.000000,8.427283
2003-06-30,18.330000,8.581783
2003-07-01,18.430000,8.628601
2003-07-02,18.600000,8.708192
2003-07-03,18.500000,8.661374
2003-07-07,18.200000,8.520919
2003-07-08,18.530000,8.675419
2003-07-09,18.470000,8.647328
2003-07-10,18.330000,8.581783
2003-07-11,18.330000,8.641499
2003-07-14,18.430000,8.688643
2003-07-15,18.530000,8.735787
2003-07-16,18.730000,8.830075
2003-07-17,18.080000,8.523639
2003-07-18,18.030000,8.500067
2003-07-21,17.670000,8.330348
2003-07-22,17.900000,8.438779
2003-07-23,17.980000,8.476495
2003-07-24,17.950000,8.462351
2003-07-25,18.000000,8.485923
2003-07-28,18.600000,8.768788
2003-07-29,18.670000,8.801788
2003-07-30,18.650000,8.792360
2003-07-31,18.630000,8.782931
2003-08-01,17.890000,8.434065
2003-08-04,18.070000,8.518924
2003-08-05,18.350000,8.650927
2003-08-06,18.430000,8.688643
2003-08-07,18.330000,8.641499
2003-08-08,18.010000,8.490638
2003-08-11,18.100000,8.533067
2003-08-12,18.470000,8.707500
2003-08-13,18.330000,8.641499
2003-08-14,18.300000,8.627355
2003-08-15,18.200000,8.580211
2003-08-18,18.630000,8.782931
2003-08-19,19.000000,8.957364
2003-08-20,18.930000,8.924363
2003-08-21,18.960000,8.938506
2003-08-22,18.880000,8.900791
2003-08-25,18.820000,8.872504
2003-08-26,18.600000,8.768788
2003-08-27,18.830000,8.877219
2003-08-28,18.730000,8.830075
2003-08-29,18.830000,8.877219
2003-09-02,19.200000,9.051652
2003-09-03,19.360000,9.127082
2003-09-04,19.270000,9.084652
2003-09-05,19.230000,9.065795
2003-09-08,19.400000,9.145940
2003-09-09,19.400000,9.145940
2003-09-10,18.790000,8.858361
2003-09-11,19.330000,9.112939
2003-09-12,19.490000,9.188369
2003-09-15,19.470000,9.178940
2003-09-16,19.470000,9.178940
2003-09-17,19.730000,9.301515
2003-09-18,19.950000,9.405232
2003-09-19,19.920000,9.391089
2003-09-22,20.000000,9.428804
2003-09-23,20.100000,9.475948
2003-09-24,19.730000,9.301515
2003-09-25,19.670000,9.273229
2003-09-26,19.130000,9.018651
2003-09-29,19.870000,9.367517
2003-09-30,19.670000,9.273229
2003-10-01,19.870000,9.367517
2003-10-02,19.800000,9.334516
2003-10-03,20.000000,9.428804
2003-10-06,20.000000,9.428804
2003-10-07,19.910000,9.386374
2003-10-08,19.630000,9.254371
2003-10-09,19.930000,9.395803
2003-10-10,19.610000,9.304075
2003-10-13,20.170000,9.569770
2003-10-14,20.170000,9.569770
2003-10-15,20.210000,9.588748
2003-10-16,20.200000,9.584004
2003-10-17,19.800000,9.394221
2003-10-20,20.100000,9.536558
2003-10-21,20.200000,9.584004
2003-10-22,19.400000,9.204439
2003-10-23,19.230000,9.123782
2003-10-24,19.000000,9.014657
2003-10-27,19.300000,9.156994
2003-10-28,19.700000,9.346776
2003-10-29,20.300000,9.631449
2003-10-30,20.190000,9.579259
2003-10-31,20.130000,9.550792
2003-11-03,20.400000,9.678895
2003-11-04,20.730000,9.835465
2003-11-05,20.670000,9.806998
2003-11-06,20.870000,9.901889
2003-11-07,21.030000,9.977802
2003-11-10,21.130000,10.025247
2003-11-11,20.920000,9.925612
2003-11-12,21.170000,10.044226
2003-11-13,21.170000,10.044226
2003-11-14,20.570000,9.759552
2003-11-17,20.470000,9.712107
2003-11-18,20.470000,9.712107
2003-11-19,20.970000,9.949335
2003-11-20,20.000000,9.489113
2003-11-21,19.910000,9.446412
2003-11-24,20.070000,9.522324
2003-11-25,19.950000,9.465390
2003-11-26,19.970000,9.474879
2003-11-28,19.330000,9.171227
2003-12-01,19.930000,9.455901
2003-12-02,20.030000,9.503346
2003-12-03,19.950000,9.465390
2003-12-04,19.970000,9.474879
2003-12-05,19.870000,9.427433
2003-12-08,20.170000,9.569770
2003-12-09,19.930000,9.455901
2003-12-10,20.200000,9.584004
2003-12-11,20.430000,9.693128
2003-12-12,20.670000,9.806998
2003-12-15,20.400000,9.678895
2003-12-16,20.190000,9.579259
2003-12-17,19.930000,9.455901
2003-12-18,20.110000,9.541303
2003-12-19,19.870000,9.427433
2003-12-22,20.060000,9.517580
2003-12-23,19.870000,9.427433
2003-12-24,19.900000,9.441667
2003-12-26,19.870000,9.427433
2003-12-29,20.510000,9.731085
2003-12-30,20.830000,9.882911
2003-12-31,20.240000,9.602982
2004-01-02,20.030000,9.503346
2004-01-05,20.600000,9.773786
2004-01-06,20.570000,9.759552
2004-01-07,20.670000,9.806998
2004-01-08,20.750000,9.844954
2004-01-09,20.600000,9.773786
2004-01-12,20.670000,9.806998
2004-01-13,20.600000,9.837242
2004-01-14,20.730000,9.899321
2004-01-15,20.770000,9.918423
2004-01-16,20.670000,9.870669
2004-01-20,20.670000,9.870669
2004-01-21,20.650000,9.861119
2004-01-22,20.670000,9.870669
2004-01-23,20.670000,9.870669
2004-01-26,20.730000,9.899321
2004-01-27,20.770000,9.918423
2004-01-28,20.570000,9.822916
2004-01-29,20.730000,9.899321
2004-01-30,20.970000,10.013930
2004-02-02,20.730000,9.899321
2004-02-03,20.730000,9.899321
2004-02-04,20.870000,9.966177
2004-02-05,21.130000,10.090336
2004-02-06,21.270000,10.157191
2004-02-09,21.770000,10.395959
2004-02-10,22.050000,10.529669
2004-02-11,22.730000,10.854393
2004-02-12,22.670000,10.825741
2004-02-13,22.420000,10.706357
2004-02-17,22.590000,10.787538
2004-02-18,22.600000,10.792314
2004-02-19,22.530000,10.758886
2004-02-20,22.500000,10.744560
2004-02-23,22.470000,10.730234
2004-02-24,22.510000,10.749336
2004-02-25,22.590000,10.787538
2004-02-26,22.730000,10.854393
2004-02-27,22.830000,10.902147
2004-03-01,23.000000,10.983328
2004-03-02,22.370000,10.682481
2004-03-03,22.340000,10.668154
2004-03-04,22.970000,10.969002
2004-03-05,23.220000,11.088386
2004-03-08,22.970000,10.969002
2004-03-09,22.670000,10.825741
2004-03-10,22.670000,10.825741
2004-03-11,22.200000,10.601299
2004-03-12,22.330000,10.663379
2004-03-15,21.970000,10.491466
2004-03-16,21.470000,10.252698
2004-03-17,21.630000,10.329104
2004-03-18,21.200000,10.123763
2004-03-19,20.510000,9.794264
2004-03-22,19.800000,9.455213
2004-03-23,20.370000,9.727409
2004-03-24,20.530000,9.803814
2004-03-25,20.970000,10.013930
2004-03-26,21.000000,10.028256
2004-03-29,21.530000,10.281350
2004-03-30,21.540000,10.286126
2004-03-31,21.300000,10.171517
2004-04-01,21.270000,10.157191
2004-04-02,21.520000,10.276575
2004-04-05,21.390000,10.214495
2004-04-06,21.640000,10.333879
2004-04-07,21.530000,10.281350
2004-04-08,21.610000,10.319553
2004-04-12,21.670000,10.348205
2004-04-13,21.550000,10.354612
2004-04-14,21.340000,10.253708
2004-04-15,21.400000,10.282538
2004-04-16,21.420000,10.292148
2004-04-19,21.400000,10.282538
2004-04-20,21.330000,10.248904
2004-04-21,21.130000,10.152805
2004-04-22,21.200000,10.186440
2004-04-23,21.070000,10.123976
2004-04-26,20.700000,9.946193
2004-04-27,21.030000,10.104756
2004-04-28,20.610000,9.902949
2004-04-29,20.730000,9.960608
2004-04-30,20.440000,9.821265
2004-05-03,21.050000,10.114366
2004-05-04,20.940000,10.061512
2004-05-05,20.750000,9.970218
2004-05-06,20.170000,9.691532
2004-05-07,20.070000,9.643483
2004-05-10,20.030000,9.624263
2004-05-11,20.130000,9.672313
2004-05-12,20.500000,9.850095
2004-05-13,20.100000,9.657898
2004-05-14,20.000000,9.609849
2004-05-18,19.670000,9.451286
2004-05-19,19.520000,9.379212
2004-05-20,19.330000,9.287919
2004-05-21,20.170000,9.691532
2004-05-24,20.720000,9.955803
2004-05-25,21.130000,10.152805
2004-05-26,21.010000,10.095146
2004-05-27,21.070000,10.123976
2004-05-28,20.530000,9.864510
2004-06-01,20.330000,9.768411
2004-06-02,20.530000,9.864510
2004-06-03,20.230000,9.720362
2004-06-04,20.470000,9.835680
2004-06-07,20.800000,9.994243
2004-06-08,20.730000,9.960608
2004-06-09,20.300000,9.753996
2004-06-10,20.270000,9.739582
2004-06-14,19.740000,9.484921
2004-06-15,20.040000,9.629068
2004-06-16,20.400000,9.802046
2004-06-17,20.470000,9.835680
2004-06-18,20.230000,9.720362
2004-06-21,20.150000,9.681922
2004-06-22,19.910000,9.566604
2004-06-23,20.400000,9.802046
2004-06-24,20.300000,9.753996
2004-06-25,22.000000,10.570833
2004-06-28,21.450000,10.306563
2004-06-29,21.930000,10.537199
2004-06-30,22.050000,10.594858
2004-07-01,21.730000,10.441101
2004-07-02,21.570000,10.364222
2004-07-06,21.270000,10.220074
2004-07-07,21.210000,10.191244
2004-07-08,21.000000,10.090341
2004-07-09,20.890000,10.037487
2004-07-12,20.810000,9.999047
2004-07-13,20.630000,9.976480
2004-07-14,20.730000,10.024839
2004-07-15,20.530000,9.928121
2004-07-16,20.200000,9.768536
2004-07-19,20.070000,9.705669
2004-07-20,20.120000,9.729849
2004-07-21,20.070000,9.705669
2004-07-22,20.130000,9.734684
2004-07-23,19.940000,9.642802
2004-07-26,19.970000,9.657310
2004-07-27,20.730000,10.024839
2004-07-28,20.670000,9.995824
2004-07-29,20.730000,10.024839
2004-07-30,20.690000,10.005495
2004-08-02,20.770000,10.044183
2004-08-03,20.690000,10.005495
2004-08-04,20.610000,9.966808
2004-08-05,20.530000,9.928121
2004-08-06,20.510000,9.918449
2004-08-09,20.350000,9.841074
2004-08-10,20.640000,9.981316
2004-08-11,20.730000,10.024839
2004-08-12,20.630000,9.976480
2004-08-13,20.870000,10.092542
2004-08-16,21.200000,10.252127
2004-08-17,21.330000,10.314994
2004-08-18,21.730000,10.508430
2004-08-19,21.700000,10.493922
2004-08-20,21.870000,10.576133
2004-08-23,21.670000,10.479414
2004-08-24,21.870000,10.576133
2004-08-25,21.900000,10.590640
2004-08-26,21.830000,10.556789
2004-08-27,21.770000,10.527774
2004-08-30,21.330000,10.314994
2004-08-31,21.670000,10.479414
2004-09-01,21.690000,10.489086
2004-09-02,22.000000,10.638999
2004-09-03,22.000000,10.638999
2004-09-07,22.300000,10.784077
2004-09-08,22.110000,10.692194
2004-09-09,22.700000,10.977513
2004-09-10,22.620000,10.938826
2004-09-13,22.300000,10.784077
2004-09-14,22.600000,10.929154
2004-09-15,22.670000,10.963005
2004-09-16,22.500000,10.880795
2004-09-17,22.770000,11.011364
2004-09-20,22.540000,10.900139
2004-09-21,22.870000,11.059723
2004-09-22,22.640000,10.948498
2004-09-23,22.610000,10.933990
2004-09-24,22.730000,10.992021
2004-09-27,22.730000,10.992021
2004-09-28,23.110000,11.175785
2004-09-29,23.270000,11.253160
2004-09-30,23.010000,11.127426
2004-10-01,23.790000,11.504627
2004-10-04,23.950000,11.582002
2004-10-05,24.040000,11.625525
2004-10-06,24.300000,11.751258
2004-10-07,24.080000,11.644868
2004-10-08,23.850000,11.533643
2004-10-11,23.990000,11.601345
2004-10-12,24.030000,11.620689
2004-10-13,23.930000,11.636899
2004-10-14,23.870000,11.607721
2004-10-15,23.970000,11.656350
2004-10-18,24.000000,11.670939
2004-10-19,23.900000,11.622310
2004-10-20,23.980000,11.661213
2004-10-21,24.370000,11.850866
2004-10-22,24.130000,11.734156
2004-10-25,24.210000,11.773060
2004-10-26,24.750000,12.035656
2004-10-27,25.330000,12.317703
2004-10-28,25.130000,12.220445
2004-10-29,24.570000,11.948124
2004-11-01,23.890000,11.617447
2004-11-02,23.870000,11.607721
2004-11-03,23.670000,11.510463
2004-11-04,23.870000,11.607721
2004-11-05,23.330000,11.345125
2004-11-08,23.210000,11.286770
2004-11-09,23.660000,11.505600
2004-11-10,24.080000,11.709842
2004-11-11,24.230000,11.782785
2004-11-12,24.630000,11.977301
2004-11-15,24.600000,11.962712
2004-11-16,24.340000,11.836277
2004-11-17,24.320000,11.826551
2004-11-18,24.080000,11.709842
2004-11-19,23.660000,11.505600
2004-11-22,23.960000,11.651487
2004-11-23,25.070000,12.191268
2004-11-24,25.030000,12.171817
2004-11-29,25.470000,12.385784
2004-11-30,25.300000,12.303115
2004-12-01,26.170000,12.726186
2004-12-02,26.270000,12.774815
2004-12-03,26.280000,12.779678
2004-12-06,26.090000,12.687283
2004-12-07,25.330000,12.317703
2004-12-08,25.670000,12.483042
2004-12-09,25.470000,12.385784
2004-12-10,26.280000,12.779678
2004-12-13,26.400000,12.838033
2004-12-14,26.870000,13.066589
2004-12-15,26.830000,13.047137
2004-12-16,26.600000,12.935290
2004-12-17,26.270000,12.774815
2004-12-20,26.150000,12.716460
2004-12-21,26.430000,12.852621
2004-12-22,26.710000,12.988782
2004-12-23,26.570000,12.920702
2004-12-27,26.500000,12.886662
2004-12-28,26.520000,12.896387
2004-12-29,26.570000,12.920702
2004-12-30,26.430000,12.852621
2004-12-31,26.270000,12.774815
2005-01-03,26.670000,12.969331
2005-01-04,26.700000,12.983919
2005-01-05,26.480000,12.876936
2005-01-06,26.720000,12.993645
2005-01-07,26.450000,12.862347
2005-01-10,25.880000,12.585162
2005-01-11,25.900000,12.594888
2005-01-12,25.200000,12.479339
2005-01-13,24.810000,12.286206
2005-01-14,24.970000,12.365440
2005-01-18,24.740000,12.251541
2005-01-19,24.400000,12.083169
2005-01-20,24.500000,12.132690
2005-01-21,24.370000,12.068313
2005-01-24,24.200000,11.984127
2005-01-25,24.460000,12.112882
2005-01-26,24.390000,12.078217
2005-01-27,24.400000,12.083169
2005-01-28,23.850000,11.810803
2005-01-31,24.830000,12.296110
2005-02-01,24.870000,12.315919
2005-02-02,24.780000,12.271350
2005-02-03,24.600000,12.182212
2005-02-04,24.860000,12.310967
2005-02-07,24.800000,12.281254
2005-02-08,24.910000,12.335727
2005-02-09,24.770000,12.266398
2005-02-10,24.000000,11.885084
2005-02-11,24.690000,12.226781
2005-02-14,24.470000,12.117834
2005-02-15,24.200000,11.984127
2005-02-16,24.270000,12.018792
2005-02-17,24.030000,11.899941
2005-02-18,24.270000,12.018792
2005-02-22,23.890000,11.830611
2005-02-23,23.900000,11.835563
2005-02-24,23.400000,11.587957
2005-02-25,23.440000,11.607766
2005-02-28,23.190000,11.483963
2005-03-01,23.800000,11.786042
2005-03-02,23.950000,11.860324
2005-03-03,23.830000,11.800898
2005-03-04,24.310000,12.038600
2005-03-07,24.420000,12.093073
2005-03-08,24.170000,11.969270
2005-03-09,24.130000,11.949462
2005-03-10,24.140000,11.954414
2005-03-11,24.250000,12.008887
2005-03-14,24.300000,12.033648
2005-03-15,24.410000,12.088121
2005-03-16,24.210000,11.989079
2005-03-17,24.270000,12.018792
2005-03-18,24.310000,12.038600
2005-03-21,24.540000,12.152499
2005-03-22,24.550000,12.157451
2005-03-23,24.350000,12.058409
2005-03-24,24.140000,11.954414
2005-03-28,24.250000,12.008887
2005-03-29,24.210000,11.989079
2005-03-30,23.930000,11.850420
2005-03-31,23.570000,11.672143
2005-04-01,23.140000,11.459202
2005-04-04,22.740000,11.261118
2005-04-05,22.500000,11.142267
2005-04-06,22.730000,11.256165
2005-04-07,22.800000,11.290830
2005-04-08,22.730000,11.256165
2005-04-11,22.500000,11.142267
2005-04-12,22.800000,11.290830
2005-04-13,22.260000,11.088259
2005-04-14,22.010000,10.963728
2005-04-15,22.150000,11.033466
2005-04-18,22.060000,10.988634
2005-04-19,22.120000,11.018522
2005-04-20,21.870000,10.893991
2005-04-21,22.170000,11.043428
2005-04-22,23.200000,11.556497
2005-04-25,23.110000,11.511666
2005-04-26,22.670000,11.292491
2005-04-27,22.490000,11.202828
2005-04-28,22.280000,11.098222
2005-04-29,21.670000,10.794366
2005-05-02,20.790000,10.356016
2005-05-03,20.520000,10.221522
2005-05-04,21.270000,10.595116
2005-05-05,21.200000,10.560247
2005-05-06,21.130000,10.525378
2005-05-09,21.140000,10.530360
2005-05-10,21.000000,10.460622
2005-05-11,21.100000,10.510435
2005-05-12,21.000000,10.460622
2005-05-13,20.400000,10.161747
2005-05-16,20.530000,10.226503
2005-05-17,20.710000,10.316166
2005-05-18,21.600000,10.759497
2005-05-19,22.200000,11.058372
2005-05-20,21.970000,10.943803
2005-05-23,22.070000,10.993616
2005-05-24,22.160000,11.038447
2005-05-25,22.070000,10.993616
2005-05-26,22.470000,11.192866
2005-05-27,22.950000,11.431966
2005-05-31,22.950000,11.431966
2005-06-01,22.960000,11.436947
2005-06-02,22.720000,11.317397
2005-06-03,22.670000,11.292491
2005-06-06,22.830000,11.372191
2005-06-07,22.350000,11.133091
2005-06-08,21.600000,10.759497
2005-06-09,21.500000,10.709685
2005-06-10,21.400000,10.659872
2005-06-13,21.350000,10.634966
2005-06-14,21.820000,10.869085
2005-06-15,21.850000,10.884028
2005-06-16,21.920000,10.918897
2005-06-17,22.120000,11.018522
2005-06-20,22.070000,10.993616
2005-06-21,22.030000,10.973691
2005-06-22,22.070000,10.993616
2005-06-23,21.500000,10.709685
2005-06-24,21.730000,10.824253
2005-06-27,21.800000,10.859122
2005-06-28,21.870000,10.893991
2005-06-29,22.070000,10.993616
2005-06-30,21.830000,10.874066
2005-07-01,22.090000,11.003578
2005-07-05,22.640000,11.277547
2005-07-06,22.830000,11.372191
2005-07-07,22.900000,11.407059
2005-07-08,23.670000,11.790616
2005-07-11,24.770000,12.338553
2005-07-12,24.870000,12.388365
2005-07-13,24.410000,12.224767
2005-07-14,24.070000,12.054492
2005-07-15,24.070000,12.054492
2005-07-18,24.330000,12.184703
2005-07-19,24.430000,12.234784
2005-07-20,25.310000,12.675496
2005-07-21,24.870000,12.455140
2005-07-22,25.480000,12.760634
2005-07-25,25.340000,12.690521
2005-07-26,25.690000,12.865804
2005-07-27,25.340000,12.690521
2005-07-28,25.960000,13.001023
2005-07-29,25.540000,12.790683
2005-08-01,25.890000,12.965966
2005-08-02,26.130000,13.086160
2005-08-03,25.750000,12.895853
2005-08-04,24.610000,12.324929
2005-08-05,24.650000,12.344962
2005-08-08,24.470000,12.254816
2005-08-09,24.380000,12.209743
2005-08-10,24.570000,12.304897
2005-08-11,24.490000,12.264832
2005-08-12,24.130000,12.084541
2005-08-15,24.200000,12.119597
2005-08-16,24.070000,12.054492
2005-08-17,24.310000,12.174687
2005-08-18,24.030000,12.034460
2005-08-19,24.070000,12.054492
2005-08-22,24.110000,12.074525
2005-08-23,24.130000,12.084541
2005-08-24,24.100000,12.069516
2005-08-25,24.100000,12.069516
2005-08-26,24.100000,12.069516
2005-08-29,24.460000,12.249808
2005-08-30,24.490000,12.264832
2005-08-31,25.340000,12.690521
2005-09-01,25.410000,12.725577
2005-09-02,25.730000,12.885836
2005-09-06,26.300000,13.171298
2005-09-07,26.270000,13.156274
2005-09-08,26.200000,13.121217
2005-09-09,26.080000,13.061120
2005-09-12,26.550000,13.296500
2005-09-13,26.290000,13.166290
2005-09-14,25.820000,12.930909
2005-09-15,25.670000,12.855788
2005-09-16,26.170000,13.106193
2005-09-19,26.230000,13.136241
2005-09-20,25.970000,13.006031
2005-09-21,24.850000,12.445124
2005-09-22,25.160000,12.600375
2005-09-23,25.400000,12.720569
2005-09-26,24.700000,12.370002
2005-09-27,24.630000,12.334946
2005-09-28,24.570000,12.304897
2005-09-29,25.070000,12.555302
2005-09-30,25.110000,12.575334
2005-10-03,25.210000,12.625415
2005-10-04,25.330000,12.685513
2005-10-05,24.110000,12.074525
2005-10-06,23.290000,11.663860
2005-10-07,23.430000,11.733974
2005-10-10,22.590000,11.313294
2005-10-11,22.220000,11.127994
2005-10-12,22.530000,11.351360
2005-10-13,23.020000,11.598238
2005-10-14,23.730000,11.955960
2005-10-17,23.120000,11.648622
2005-10-18,22.460000,11.316092
2005-10-19,23.790000,11.986190
2005-10-20,22.890000,11.532740
2005-10-21,23.720000,11.950921
2005-10-24,24.130000,12.157493
2005-10-25,24.000000,12.091995
2005-10-26,22.830000,11.502510
2005-10-27,22.520000,11.346322
2005-10-28,22.670000,11.421897
2005-10-31,23.100000,11.638545
2005-11-01,23.210000,11.693967
2005-11-02,23.530000,11.855193
2005-11-03,23.740000,11.960998
2005-11-04,23.700000,11.940845
2005-11-07,24.000000,12.091995
2005-11-08,23.810000,11.996266
2005-11-09,24.300000,12.243145
2005-11-10,24.670000,12.429563
2005-11-11,24.730000,12.459793
2005-11-14,24.710000,12.449716
2005-11-15,24.360000,12.273375
2005-11-16,24.140000,12.162531
2005-11-17,24.210000,12.197800
2005-11-18,24.070000,12.127263
2005-11-21,24.330000,12.258260
2005-11-22,24.170000,12.177646
2005-11-23,24.070000,12.127263
2005-11-25,24.120000,12.152455
2005-11-28,23.800000,11.991228
2005-11-29,23.630000,11.905576
2005-11-30,23.790000,11.986190
2005-12-01,24.170000,12.177646
2005-12-02,24.200000,12.192761
2005-12-05,24.020000,12.102071
2005-12-06,24.000000,12.091995
2005-12-07,23.880000,12.031535
2005-12-08,23.930000,12.056726
2005-12-09,24.180000,12.182685
2005-12-12,24.090000,12.137340
2005-12-13,24.250000,12.217953
2005-12-14,24.500000,12.343911
2005-12-15,24.020000,12.102071
2005-12-16,23.570000,11.875346
2005-12-19,22.900000,11.537778
2005-12-20,22.470000,11.321130
2005-12-21,22.390000,11.280823
2005-12-22,22.430000,11.300977
2005-12-23,22.500000,11.336245
2005-12-27,22.120000,11.144788
2005-12-28,22.170000,11.169980
2005-12-29,22.170000,11.169980
2005-12-30,21.920000,11.044022
2006-01-03,21.770000,10.968447
2006-01-04,21.830000,10.998677
2006-01-05,22.300000,11.235478
2006-01-06,22.600000,11.386628
2006-01-09,22.810000,11.492433
2006-01-10,23.270000,11.724197
2006-01-11,22.930000,11.626171
2006-01-12,22.620000,11.468992
2006-01-13,22.750000,11.534906
2006-01-17,22.410000,11.362516
2006-01-18,22.230000,11.271251
2006-01-19,22.730000,11.524765
2006-01-20,22.300000,11.306743
2006-01-23,22.630000,11.474062
2006-01-24,23.290000,11.808701
2006-01-25,23.570000,11.950669
2006-01-26,24.630000,12.488120
2006-01-27,24.490000,12.417136
2006-01-30,24.450000,12.396855
2006-01-31,24.330000,12.336011
2006-02-01,24.370000,12.356292
2006-02-02,23.410000,11.869545
2006-02-03,23.060000,11.692085
2006-02-06,22.820000,11.570398
2006-02-07,22.590000,11.453781
2006-02-08,22.830000,11.575468
2006-02-09,23.250000,11.788420
2006-02-10,23.550000,11.940529
2006-02-13,23.300000,11.813772
2006-02-14,23.330000,11.828982
2006-02-15,23.290000,11.808701
2006-02-16,23.320000,11.823912
2006-02-17,22.930000,11.626171
2006-02-21,22.520000,11.418289
2006-02-22,22.550000,11.433500
2006-02-23,22.500000,11.408149
2006-02-24,22.390000,11.352375
2006-02-27,22.590000,11.453781
2006-02-28,22.250000,11.281391
2006-03-01,22.360000,11.337165
2006-03-02,22.450000,11.382797
2006-03-03,22.140000,11.225618
2006-03-06,22.090000,11.200267
2006-03-07,22.040000,11.174915
2006-03-08,22.040000,11.174915
2006-03-09,21.810000,11.058299
2006-03-10,22.180000,11.245899
2006-03-13,22.440000,11.377727
2006-03-14,22.840000,11.580538
2006-03-15,22.830000,11.575468
2006-03-16,23.090000,11.707296
2006-03-17,23.830000,12.082497
2006-03-20,23.540000,11.935459
2006-03-21,22.500000,11.408149
2006-03-22,22.980000,11.651522
2006-03-23,23.160000,11.742788
2006-03-24,25.570000,12.964727
2006-03-27,25.730000,13.045852
2006-03-28,25.680000,13.020500
2006-03-29,25.750000,13.055992
2006-03-30,25.600000,12.979938
2006-03-31,25.600000,12.979938
2006-04-03,25.470000,12.914024
2006-04-04,25.350000,12.853181
2006-04-05,25.360000,12.858251
2006-04-06,25.350000,12.853181
2006-04-07,25.310000,12.832900
2006-04-10,25.530000,12.944446
2006-04-11,25.410000,12.883602
2006-04-12,25.620000,13.065493
2006-04-13,25.770000,13.141988
2006-04-17,25.650000,13.080792
2006-04-18,25.990000,13.254182
2006-04-19,25.970000,13.243983
2006-04-20,25.950000,13.233783
2006-04-21,26.330000,13.427573
2006-04-24,25.530000,13.019595
2006-04-25,25.360000,12.932900
2006-04-26,25.270000,12.887002
2006-04-27,25.280000,12.892102
2006-04-28,25.420000,12.963498
2006-05-01,25.450000,12.978797
2006-05-02,25.600000,13.055293
2006-05-03,25.600000,13.055293
2006-05-04,25.770000,13.141988
2006-05-05,26.020000,13.269482
2006-05-08,26.140000,13.330678
2006-05-09,26.390000,13.458171
2006-05-10,26.360000,13.442872
2006-05-11,25.320000,12.912501
2006-05-12,24.430000,12.458625
2006-05-15,24.830000,12.662614
2006-05-16,24.770000,12.632016
2006-05-17,24.670000,12.581019
2006-05-18,25.110000,12.805407
2006-05-19,26.500000,13.514268
2006-05-22,26.490000,13.509169
2006-05-23,26.290000,13.407174
2006-05-24,26.480000,13.504069
2006-05-25,26.670000,13.600964
2006-05-26,26.570000,13.549966
2006-05-30,26.130000,13.325578
2006-05-31,26.050000,13.284781
2006-06-01,26.200000,13.361277
2006-06-02,26.510000,13.519368
2006-06-05,25.950000,13.233783
2006-06-06,25.700000,13.106290
2006-06-07,25.810000,13.162387
2006-06-08,26.500000,13.514268
2006-06-09,26.270000,13.396975
2006-06-12,25.690000,13.101191
2006-06-13,26.130000,13.325578
2006-06-14,26.570000,13.549966
2006-06-15,26.760000,13.646861
2006-06-16,26.580000,13.555066
2006-06-19,25.500000,13.004296
2006-06-20,25.570000,13.039994
2006-06-21,25.900000,13.208285
2006-06-22,25.810000,13.162387
2006-06-23,25.670000,13.090991
2006-06-26,25.790000,13.152188
2006-06-27,24.990000,12.744210
2006-06-28,25.330000,12.917601
2006-06-29,26.510000,13.519368
2006-06-30,26.600000,13.565266
2006-07-03,26.920000,13.728457
2006-07-05,26.810000,13.672360
2006-07-06,27.750000,14.151734
2006-07-07,27.660000,14.105836
2006-07-10,28.160000,14.360822
2006-07-11,28.700000,14.636208
2006-07-12,28.370000,14.467917
2006-07-13,27.100000,13.892071
2006-07-14,28.100000,14.404693
2006-07-17,28.000000,14.353431
2006-07-18,28.430000,14.573859
2006-07-19,29.210000,14.973704
2006-07-20,28.430000,14.573859
2006-07-21,27.490000,14.091993
2006-07-24,28.200000,14.455955
2006-07-25,29.300000,15.019840
2006-07-26,29.330000,15.035219
2006-07-27,29.390000,15.065976
2006-07-28,29.670000,15.209511
2006-07-31,29.730000,15.240268
2006-08-01,29.220000,14.978830
2006-08-02,29.120000,14.927568
2006-08-03,29.390000,15.065976
2006-08-04,29.200000,14.968578
2006-08-07,29.130000,14.932694
2006-08-08,28.810000,14.768655
2006-08-09,28.370000,14.543101
2006-08-10,28.470000,14.594364
2006-08-11,27.830000,14.266285
2006-08-14,28.180000,14.445703
2006-08-15,28.290000,14.502091
2006-08-16,28.300000,14.507218
2006-08-17,28.900000,14.814791
2006-08-18,28.910000,14.819917
2006-08-21,28.590000,14.655878
2006-08-22,28.400000,14.558480
2006-08-23,27.510000,14.102246
2006-08-24,27.990000,14.348305
2006-08-25,27.580000,14.138129
2006-08-28,27.980000,14.343178
2006-08-29,28.600000,14.661004
2006-08-30,28.560000,14.640500
2006-08-31,29.000000,14.866053
2006-09-01,28.890000,14.809665
2006-09-05,29.400000,15.071102
2006-09-06,29.300000,15.019840
2006-09-07,29.220000,14.978830
2006-09-08,29.090000,14.912190
2006-09-11,29.400000,15.071102
2006-09-12,29.430000,15.086481
2006-09-13,29.410000,15.076229
2006-09-14,29.400000,15.071102
2006-09-15,29.270000,15.004462
2006-09-18,28.990000,14.860927
2006-09-19,28.370000,14.543101
2006-09-20,28.910000,14.819917
2006-09-21,28.720000,14.722519
2006-09-22,27.530000,14.112498
2006-09-25,28.210000,14.461082
2006-09-26,28.210000,14.461082
2006-09-27,28.470000,14.594364
2006-09-28,28.600000,14.661004
2006-09-29,26.800000,13.738284
2006-10-02,25.980000,13.317933
2006-10-03,26.200000,13.430710
2006-10-04,27.420000,14.056110
2006-10-05,28.050000,14.379062
2006-10-06,27.870000,14.286790
2006-10-09,28.140000,14.425198
2006-10-10,28.070000,14.389315
2006-10-11,27.990000,14.348305
2006-10-12,28.930000,14.908289
2006-10-13,29.330000,15.114418
2006-10-16,29.730000,15.320547
2006-10-17,29.430000,15.165950
2006-10-18,29.470000,15.186563
2006-10-19,29.960000,15.439071
2006-10-20,29.700000,15.305087
2006-10-23,29.700000,15.305087
2006-10-24,29.830000,15.372079
2006-10-25,29.790000,15.351466
2006-10-26,29.830000,15.372079
2006-10-27,29.700000,15.305087
2006-10-30,29.960000,15.439071
2006-10-31,29.600000,15.253555
2006-11-01,28.600000,14.738232
2006-11-02,28.380000,14.624861
2006-11-03,27.970000,14.413579
2006-11-06,28.750000,14.815531
2006-11-07,28.410000,14.640321
2006-11-08,29.120000,15.006200
2006-11-09,28.630000,14.753692
2006-11-10,29.150000,15.021660
2006-11-13,29.410000,15.155644
2006-11-14,30.000000,15.459684
2006-11-15,30.930000,15.938934
2006-11-16,31.330000,16.145064
2006-11-17,31.210000,16.083225
2006-11-20,31.230000,16.093531
2006-11-21,31.230000,16.093531
2006-11-22,31.190000,16.072918
2006-11-24,31.130000,16.041999
2006-11-27,29.510000,15.207176
2006-11-28,29.270000,15.083499
2006-11-29,29.990000,15.454531
2006-11-30,29.940000,15.428765
2006-12-01,29.100000,14.995894
2006-12-04,29.400000,15.150491
2006-12-05,29.550000,15.227789
2006-12-06,29.400000,15.150491
2006-12-07,29.470000,15.186563
2006-12-08,29.400000,15.150491
2006-12-11,29.500000,15.202023
2006-12-12,29.500000,15.202023
2006-12-13,29.520000,15.212329
2006-12-14,30.000000,15.459684
2006-12-15,29.870000,15.392692
2006-12-18,29.630000,15.269015
2006-12-19,29.630000,15.269015
2006-12-20,29.630000,15.269015
2006-12-21,29.850000,15.382386
2006-12-22,29.870000,15.392692
2006-12-26,30.330000,15.629741
2006-12-27,31.210000,16.083225
2006-12-28,31.360000,16.160523
2006-12-29,30.750000,15.846176
2007-01-03,30.530000,15.732805
2007-01-04,30.880000,15.913168
2007-01-05,30.130000,15.526676
2007-01-08,29.890000,15.402999
2007-01-09,29.900000,15.408152
2007-01-10,29.570000,15.238095
2007-01-11,29.580000,15.326177
2007-01-12,29.930000,15.507521
2007-01-16,30.070000,15.580059
2007-01-17,29.990000,15.538609
2007-01-18,29.130000,15.093020
2007-01-19,29.000000,15.025664
2007-01-22,28.930000,14.989395
2007-01-23,28.990000,15.020482
2007-01-24,29.410000,15.238095
2007-01-25,28.880000,14.963488
2007-01-26,29.130000,15.093020
2007-01-29,29.240000,15.150014
2007-01-30,29.750000,15.414258
2007-01-31,30.000000,15.543790
2007-02-01,29.910000,15.497159
2007-02-02,29.960000,15.523065
2007-02-05,29.830000,15.455708
2007-02-06,29.840000,15.460890
2007-02-07,29.950000,15.517884
2007-02-08,29.850000,15.466071
2007-02-09,29.830000,15.455708
2007-02-12,29.670000,15.372808
2007-02-13,29.830000,15.455708
2007-02-14,29.740000,15.409077
2007-02-15,29.770000,15.424621
2007-02-16,29.830000,15.455708
2007-02-20,29.870000,15.476434
2007-02-21,29.850000,15.466071
2007-02-22,30.000000,15.543790
2007-02-23,29.850000,15.466071
2007-02-26,29.990000,15.538609
2007-02-27,29.590000,15.331358
2007-02-28,29.590000,15.331358
2007-03-01,29.580000,15.326177
2007-03-02,28.780000,14.911676
2007-03-05,28.470000,14.751057
2007-03-06,29.070000,15.061932
2007-03-07,28.410000,14.719969
2007-03-08,28.740000,14.890951
2007-03-09,29.050000,15.051570
2007-03-12,29.780000,15.429802
2007-03-13,28.550000,14.792507
2007-03-14,29.270000,15.165558
2007-03-15,29.330000,15.196645
2007-03-16,28.670000,14.854682
2007-03-19,28.930000,14.989395
2007-03-20,29.780000,15.429802
2007-03-21,30.670000,15.890935
2007-03-22,30.330000,15.714772
2007-03-23,29.810000,15.445346
2007-03-26,29.930000,15.507521
2007-03-27,29.430000,15.248458
2007-03-28,28.960000,15.004939
2007-03-29,28.680000,14.859863
2007-03-30,28.930000,14.989395
2007-04-02,28.780000,14.911676
2007-04-03,29.230000,15.144833
2007-04-04,28.530000,14.782144
2007-04-05,28.770000,14.906495
2007-04-09,28.500000,14.766600
2007-04-10,28.250000,14.637069
2007-04-11,27.930000,14.471268
2007-04-12,28.050000,14.617180
2007-04-13,28.600000,14.903791
2007-04-16,28.870000,15.044491
2007-04-17,29.190000,15.211247
2007-04-18,28.620000,14.914213
2007-04-19,28.110000,14.648446
2007-04-20,27.810000,14.492113
2007-04-23,26.780000,13.955368
2007-04-24,26.390000,13.752134
2007-04-25,26.750000,13.939735
2007-04-26,26.670000,13.898046
2007-04-27,26.670000,13.898046
2007-04-30,26.410000,13.762557
2007-05-01,26.530000,13.825090
2007-05-02,26.890000,14.012690
2007-05-03,27.270000,14.210713
2007-05-04,27.530000,14.346202
2007-05-07,26.700000,13.913679
2007-05-08,26.430000,13.772979
2007-05-09,26.910000,14.023113
2007-05-10,25.910000,13.502001
2007-05-11,26.520000,13.819879
2007-05-14,26.000000,13.548901
2007-05-15,25.640000,13.361301
2007-05-16,25.560000,13.319612
2007-05-17,25.200000,13.132012
2007-05-18,25.240000,13.152856
2007-05-21,25.380000,13.225812
2007-05-22,25.530000,13.303979
2007-05-23,25.230000,13.147645
2007-05-24,24.380000,12.704700
2007-05-25,24.520000,12.777656
2007-05-29,24.930000,12.991312
2007-05-30,25.130000,13.095534
2007-05-31,25.530000,13.303979
2007-06-01,26.000000,13.548901
2007-06-04,26.160000,13.632279
2007-06-05,25.670000,13.376934
2007-06-06,25.830000,13.460312
2007-06-07,25.430000,13.251867
2007-06-08,26.040000,13.569745
2007-06-11,26.090000,13.595801
2007-06-12,25.590000,13.335245
2007-06-13,25.930000,13.512423
2007-06-14,25.590000,13.335245
2007-06-15,26.700000,13.913679
2007-06-18,26.470000,13.793823
2007-06-19,26.990000,14.064801
2007-06-20,27.010000,14.075224
2007-06-21,27.410000,14.283668
2007-06-22,27.340000,14.247190
2007-06-25,26.600000,13.861568
2007-06-26,25.800000,13.444679
2007-06-27,26.210000,13.658334
2007-06-28,26.070000,13.585379
2007-06-29,26.090000,13.595801
2007-07-02,26.130000,13.616645
2007-07-03,26.500000,13.809457
2007-07-05,26.720000,13.924101
2007-07-06,26.670000,13.898046
2007-07-09,26.070000,13.585379
2007-07-10,25.990000,13.543690
2007-07-11,26.270000,13.689601
2007-07-12,25.200000,13.212484
2007-07-13,24.970000,13.091894
2007-07-16,24.500000,12.845470
2007-07-17,24.300000,12.740609
2007-07-18,24.450000,12.819255
2007-07-19,24.430000,12.808769
2007-07-20,23.900000,12.530887
2007-07-23,24.230000,12.703908
2007-07-24,24.180000,12.677693
2007-07-25,23.970000,12.567589
2007-07-26,24.080000,12.625262
2007-07-27,24.190000,12.682936
2007-07-30,24.170000,12.672450
2007-07-31,23.870000,12.515158
2007-08-01,23.430000,12.284464
2007-08-02,23.110000,12.116686
2007-08-03,22.910000,12.011825
2007-08-06,23.030000,12.074742
2007-08-07,23.750000,12.452242
2007-08-08,24.250000,12.714394
2007-08-09,24.230000,12.703908
2007-08-10,24.170000,12.672450
2007-08-13,24.350000,12.766824
2007-08-14,23.550000,12.347381
2007-08-15,24.330000,12.756338
2007-08-16,24.470000,12.829741
2007-08-17,25.110000,13.165296
2007-08-20,24.160000,12.667207
2007-08-21,24.550000,12.871685
2007-08-22,25.630000,13.437935
2007-08-23,24.930000,13.070921
2007-08-24,25.230000,13.228213
2007-08-27,24.450000,12.819255
2007-08-28,23.850000,12.504672
2007-08-29,24.000000,12.583318
2007-08-30,23.970000,12.567589
2007-08-31,24.270000,12.724880
2007-09-04,24.110000,12.640991
2007-09-05,23.800000,12.478457
2007-09-06,23.950000,12.557102
2007-09-07,23.770000,12.462728
2007-09-10,23.730000,12.441755
2007-09-11,24.300000,12.740609
2007-09-12,24.010000,12.588561
2007-09-13,24.100000,12.635748
2007-09-14,23.710000,12.431269
2007-09-17,23.500000,12.321165
2007-09-18,24.290000,12.735366
2007-09-19,24.670000,12.934602
2007-09-20,24.670000,12.934602
2007-09-21,24.560000,12.876928
2007-09-24,24.050000,12.609533
2007-09-25,23.330000,12.232033
2007-09-26,23.200000,12.163874
2007-09-27,23.130000,12.127172
2007-09-28,23.320000,12.226790
2007-10-01,23.320000,12.226790
2007-10-02,23.090000,12.106200
2007-10-03,23.130000,12.127172
2007-10-04,23.090000,12.106200
2007-10-05,23.070000,12.095714
2007-10-08,23.200000,12.163874
2007-10-09,23.110000,12.116686
2007-10-10,22.970000,12.043284
2007-10-11,22.800000,12.038004
2007-10-12,22.930000,12.106642
2007-10-15,23.070000,12.180559
2007-10-16,23.070000,12.180559
2007-10-17,22.920000,12.101362
2007-10-18,22.790000,12.032724
2007-10-19,22.690000,11.979926
2007-10-22,22.360000,11.805692
2007-10-23,22.190000,11.715934
2007-10-24,22.190000,11.715934
2007-10-25,22.080000,11.657856
2007-10-26,21.940000,11.583939
2007-10-29,21.270000,11.230190
2007-10-30,21.500000,11.351626
2007-10-31,22.110000,11.673696
2007-11-01,21.800000,11.510021
2007-11-02,21.600000,11.404425
2007-11-05,21.670000,11.441383
2007-11-06,21.980000,11.605058
2007-11-07,21.930000,11.578659
2007-11-08,22.560000,11.911288
2007-11-09,22.130000,11.684256
2007-11-12,22.620000,11.942967
2007-11-13,22.230000,11.737054
2007-11-14,22.050000,11.642017
2007-11-15,21.800000,11.510021
2007-11-16,21.240000,11.214351
2007-11-19,21.170000,11.177392
2007-11-20,20.860000,11.013718
2007-11-21,21.000000,11.087635
2007-11-23,21.010000,11.092915
2007-11-26,20.340000,10.739167
2007-11-27,20.300000,10.718047
2007-11-28,20.490000,10.818364
2007-11-29,20.000000,10.559653
2007-11-30,19.690000,10.395978
2007-12-03,19.230000,10.153106
2007-12-04,19.100000,10.084468
2007-12-05,19.250000,10.163666
2007-12-06,19.230000,10.153106
2007-12-07,19.330000,10.205904
2007-12-10,19.370000,10.227023
2007-12-11,19.390000,10.237583
2007-12-12,19.550000,10.322060
2007-12-13,19.360000,10.221744
2007-12-14,19.830000,10.469895
2007-12-17,19.850000,10.480455
2007-12-18,19.880000,10.496295
2007-12-19,19.830000,10.469895
2007-12-20,18.970000,10.015830
2007-12-21,18.900000,9.978872
2007-12-24,19.000000,10.031670
2007-12-26,19.250000,10.163666
2007-12-27,19.150000,10.195610
2007-12-28,18.910000,10.067832
2007-12-31,18.930000,10.078480
2008-01-02,18.630000,9.918758
2008-01-03,18.910000,10.067832
2008-01-04,19.070000,10.153017
2008-01-07,19.390000,10.323388
2008-01-08,21.000000,11.180565
2008-01-09,20.370000,10.845148
2008-01-10,20.950000,11.153944
2008-01-11,21.330000,11.356259
2008-01-14,20.830000,11.090055
2008-01-15,21.210000,11.292370
2008-01-16,21.470000,11.430796
2008-01-17,20.310000,10.813203
2008-01-18,20.990000,11.175240
2008-01-22,20.950000,11.153944
2008-01-23,21.330000,11.356259
2008-01-24,21.270000,11.324315
2008-01-25,19.910000,10.600240
2008-01-28,20.960000,11.159268
2008-01-29,21.330000,11.356259
2008-01-30,21.330000,11.356259
2008-01-31,21.590000,11.494685
2008-02-01,22.670000,12.069686
2008-02-04,22.530000,11.995148
2008-02-05,22.600000,12.032417
2008-02-06,22.730000,12.101630
2008-02-07,22.000000,11.712972
2008-02-08,22.350000,11.899315
2008-02-11,22.670000,12.069686
2008-02-12,22.960000,12.224084
2008-02-13,23.210000,12.357186
2008-02-14,22.550000,12.005797
2008-02-15,22.460000,11.957880
2008-02-19,22.220000,11.830102
2008-02-20,22.190000,11.814130
2008-02-21,22.150000,11.792834
2008-02-22,21.110000,11.239129
2008-02-25,20.910000,11.132648
2008-02-26,21.050000,11.207185
2008-02-27,21.330000,11.356259
2008-02-28,21.420000,11.404176
2008-02-29,21.170000,11.271074
2008-03-03,20.720000,11.031490
2008-03-04,21.000000,11.180565
2008-03-05,21.110000,11.239129
2008-03-06,20.930000,11.143296
2008-03-07,21.160000,11.265750
2008-03-10,20.860000,11.106027
2008-03-11,21.330000,11.356259
2008-03-12,21.350000,11.366907
2008-03-13,21.670000,11.537278
2008-03-14,21.270000,11.324315
2008-03-17,21.630000,11.515981
2008-03-18,20.830000,11.090055
2008-03-19,21.630000,11.515981
2008-03-20,21.530000,11.462741
2008-03-24,22.800000,12.138899
2008-03-25,22.730000,12.101630
2008-03-26,22.820000,12.149547
2008-03-27,22.670000,12.069686
2008-03-28,22.290000,11.867371
2008-03-31,22.430000,11.941908
2008-04-01,22.350000,11.899315
2008-04-02,22.460000,11.957880
2008-04-03,22.370000,11.909963
2008-04-04,22.200000,11.819454
2008-04-07,22.800000,12.138899
2008-04-08,22.010000,11.718296
2008-04-09,22.020000,11.723620
2008-04-10,23.220000,12.362510
2008-04-11,23.140000,12.408985
2008-04-14,22.670000,12.156945
2008-04-15,22.650000,12.146220
2008-04-16,22.140000,11.872729
2008-04-17,21.770000,11.674313
2008-04-18,21.980000,11.786927
2008-04-21,21.840000,11.711851
2008-04-22,21.930000,11.760115
2008-04-23,22.090000,11.845916
2008-04-24,22.170000,11.888816
2008-04-25,22.230000,11.920992
2008-04-28,22.030000,11.813740
2008-04-29,22.200000,11.904904
2008-04-30,22.120000,11.862003
2008-05-01,21.670000,11.620688
2008-05-02,21.980000,11.786927
2008-05-05,21.660000,11.615325
2008-05-06,21.450000,11.502711
2008-05-07,21.330000,11.438360
2008-05-08,21.230000,11.384735
2008-05-09,20.870000,11.191682
2008-05-12,21.110000,11.320384
2008-05-13,19.670000,10.548174
2008-05-14,19.760000,10.596437
2008-05-15,19.670000,10.548174
2008-05-16,19.830000,10.633975
2008-05-19,19.640000,10.532086
2008-05-20,19.940000,10.692963
2008-05-21,19.740000,10.585712
2008-05-22,19.810000,10.623250
2008-05-23,19.840000,10.639338
2008-05-27,20.110000,10.784127
2008-05-28,19.970000,10.709051
2008-05-29,20.130000,10.794852
2008-05-30,20.370000,10.923554
2008-06-02,20.470000,10.977179
2008-06-03,21.010000,11.266758
2008-06-04,21.120000,11.325746
2008-06-05,21.250000,11.395460
2008-06-06,21.670000,11.620688
2008-06-09,20.760000,11.132694
2008-06-10,20.950000,11.234583
2008-06-11,20.170000,10.816302
2008-06-12,20.520000,11.003992
2008-06-13,20.690000,11.095156
2008-06-16,20.800000,11.154144
2008-06-17,20.970000,11.245308
2008-06-18,20.420000,10.950367
2008-06-19,20.370000,10.923554
2008-06-20,19.670000,10.548174
2008-06-23,19.230000,10.312221
2008-06-24,18.650000,10.001192
2008-06-25,18.160000,9.738426
2008-06-26,17.800000,9.545373
2008-06-27,16.600000,8.901865
2008-06-30,15.520000,8.322708
2008-07-01,15.570000,8.349520
2008-07-02,15.450000,8.285170
2008-07-03,16.240000,8.708813
2008-07-07,16.130000,8.649824
2008-07-08,18.610000,9.979742
2008-07-09,17.840000,9.566824
2008-07-10,19.200000,10.296133
2008-07-11,18.090000,9.785834
2008-07-14,16.560000,8.958177
2008-07-15,16.460000,8.904082
2008-07-16,16.670000,9.017682
2008-07-17,16.500000,8.925720
2008-07-18,16.390000,8.866215
2008-07-21,16.890000,9.136691
2008-07-22,17.220000,9.315206
2008-07-23,17.550000,9.493720
2008-07-24,17.330000,9.374710
2008-07-25,18.100000,9.791244
2008-07-28,17.390000,9.407168
2008-07-29,19.270000,10.424159
2008-07-30,19.430000,10.510711
2008-07-31,20.570000,11.127397
2008-08-01,20.670000,11.181492
2008-08-04,20.460000,11.067892
2008-08-05,21.100000,11.414102
2008-08-06,20.920000,11.316731
2008-08-07,20.250000,10.954292
2008-08-08,21.110000,11.419512
2008-08-11,22.160000,11.987512
2008-08-12,22.100000,11.955055
2008-08-13,22.270000,12.047017
2008-08-14,22.130000,11.971283
2008-08-15,21.980000,11.890140
2008-08-18,22.310000,12.068655
2008-08-19,21.880000,11.836045
2008-08-20,20.930000,11.322140
2008-08-21,21.270000,11.506064
2008-08-22,22.000000,11.900960
2008-08-25,21.670000,11.722445
2008-08-26,21.800000,11.792769
2008-08-27,22.130000,11.971283
2008-08-28,22.340000,12.084883
2008-08-29,21.590000,11.679169
2008-09-02,21.830000,11.808998
2008-09-03,21.950000,11.873912
2008-09-04,21.810000,11.798179
2008-09-05,22.120000,11.965874
2008-09-08,22.110000,11.960464
2008-09-09,22.000000,11.900960
2008-09-10,21.790000,11.787359
2008-09-11,21.470000,11.614255
2008-09-12,21.170000,11.451969
2008-09-15,20.070000,10.856921
2008-09-16,21.590000,11.679169
2008-09-17,20.380000,11.024616
2008-09-18,20.630000,11.159854
2008-09-19,24.000000,12.982865
2008-09-22,20.290000,10.975930
2008-09-23,19.870000,10.748730
2008-09-24,21.370000,11.560159
2008-09-25,22.070000,11.938826
2008-09-26,21.870000,11.830636
2008-09-29,19.760000,10.689225
2008-09-30,23.300000,12.604198
2008-10-01,22.280000,12.052426
2008-10-02,21.920000,11.857683
2008-10-03,22.040000,11.922598
2008-10-06,21.930000,11.863093
2008-10-07,19.730000,10.672997
2008-10-08,19.160000,10.364654
2008-10-09,15.480000,8.373948
2008-10-10,18.000000,9.843126
2008-10-13,21.450000,11.729725
2008-10-14,20.020000,10.947743
2008-10-15,17.520000,9.580642
2008-10-16,20.350000,11.128200
2008-10-17,18.900000,10.335282
2008-10-20,19.990000,10.931338
2008-10-21,19.950000,10.909464
2008-10-22,18.000000,9.843126
2008-10-23,16.750000,9.159575
2008-10-24,16.890000,9.236133
2008-10-27,15.410000,8.426809
2008-10-28,18.410000,10.067330
2008-10-29,18.890000,10.329813
2008-10-30,20.650000,11.292252
2008-10-31,19.500000,10.663386
2008-11-03,19.830000,10.843843
2008-11-04,19.730000,10.789159
2008-11-05,18.260000,9.985304
2008-11-06,18.340000,10.029051
2008-11-07,19.120000,10.455587
2008-11-10,18.660000,10.204040
2008-11-11,18.110000,9.903278
2008-11-12,16.800000,9.186917
2008-11-13,19.130000,10.461055
2008-11-14,17.010000,9.301754
2008-11-17,16.670000,9.115828
2008-11-18,16.500000,9.022865
2008-11-19,16.470000,9.006460
2008-11-20,16.180000,8.847876
2008-11-21,16.430000,8.984586
2008-11-24,18.300000,10.007178
2008-11-25,17.910000,9.793910
2008-11-26,18.130000,9.914215
2008-11-28,18.790000,10.275129
2008-12-01,16.170000,8.842408
2008-12-02,16.920000,9.252538
2008-12-03,17.380000,9.504085
2008-12-04,16.210000,8.864281
2008-12-05,17.990000,9.837657
2008-12-08,18.110000,9.903278
2008-12-09,17.920000,9.799378
2008-12-10,18.280000,9.996241
2008-12-11,17.030000,9.312690
2008-12-12,17.810000,9.739226
2008-12-15,17.090000,9.345501
2008-12-16,17.930000,9.804847
2008-12-17,17.950000,9.815783
2008-12-18,17.270000,9.443932
2008-12-19,17.310000,9.465806
2008-12-22,17.190000,9.400185
2008-12-23,17.200000,9.405653
2008-12-24,17.250000,9.432995
2008-12-26,17.260000,9.438464
2008-12-29,17.100000,9.350969
2008-12-30,17.510000,9.575174
2008-12-31,17.990000,9.837657
2009-01-02,17.680000,9.668137
2009-01-05,17.630000,9.640795
2009-01-06,17.530000,9.586111
2009-01-07,17.460000,9.547832
2009-01-08,19.650000,10.745412
2009-01-09,17.850000,9.761099
2009-01-12,17.310000,9.465806
2009-01-13,17.630000,9.734522
2009-01-14,15.930000,8.795856
2009-01-15,16.390000,9.049848
2009-01-16,16.560000,9.143714
2009-01-20,15.310000,8.453518
2009-01-21,16.280000,8.989110
2009-01-22,15.450000,8.530820
2009-01-23,14.910000,8.232656
2009-01-26,15.330000,8.464562
2009-01-27,15.330000,8.464562
2009-01-28,16.160000,8.922852
2009-01-29,16.320000,9.011197
2009-01-30,15.530000,8.574993
2009-02-02,15.570000,8.597079
2009-02-03,16.970000,9.370099
2009-02-04,17.350000,9.579918
2009-02-05,17.910000,9.889126
2009-02-06,18.070000,9.977471
2009-02-09,17.590000,9.712436
2009-02-10,16.050000,8.862114
2009-02-11,16.010000,8.840028
2009-02-12,16.050000,8.862114
2009-02-13,16.950000,9.359055
2009-02-17,15.850000,8.751683
2009-02-18,15.790000,8.718554
2009-02-19,15.850000,8.751683
2009-02-20,15.980000,8.823463
2009-02-23,15.060000,8.315479
2009-02-24,16.310000,9.005675
2009-02-25,15.730000,8.685424
2009-02-26,15.530000,8.574993
2009-02-27,14.870000,8.210570
2009-03-02,13.970000,7.713629
2009-03-03,12.580000,6.946131
2009-03-04,13.070000,7.216688
2009-03-05,10.890000,6.012986
2009-03-06,10.730000,5.924641
2009-03-09,10.370000,5.725865
2009-03-10,12.000000,6.625880
2009-03-11,11.930000,6.587229
2009-03-12,13.770000,7.603197
2009-03-13,13.180000,7.277425
2009-03-16,12.890000,7.117299
2009-03-17,14.530000,8.022836
2009-03-18,16.290000,8.994632
2009-03-19,15.630000,8.630209
2009-03-20,14.730000,8.133268
2009-03-23,16.320000,9.011197
2009-03-24,15.370000,8.486648
2009-03-25,15.800000,8.724075
2009-03-26,17.980000,9.927777
2009-03-27,15.340000,8.470083
2009-03-30,15.000000,8.282350
2009-03-31,15.230000,8.409346
2009-04-01,16.170000,8.928373
2009-04-02,17.000000,9.386663
2009-04-03,16.370000,9.038805
2009-04-06,15.710000,8.674381
2009-04-07,15.750000,8.696467
2009-04-08,16.250000,8.972546
2009-04-09,17.670000,9.756608
2009-04-13,17.650000,9.838362
2009-04-14,17.120000,9.542933
2009-04-15,17.830000,9.938697
2009-04-16,18.930000,10.551853
2009-04-17,18.230000,10.161663
2009-04-20,15.750000,8.779275
2009-04-21,17.080000,9.520636
2009-04-22,17.460000,9.732454
2009-04-23,17.410000,9.704583
2009-04-24,18.030000,10.050180
2009-04-27,17.800000,9.921974
2009-04-28,18.170000,10.128218
2009-04-29,19.510000,10.875153
2009-04-30,19.330000,10.774818
2009-05-01,18.690000,10.418073
2009-05-04,19.680000,10.969913
2009-05-05,19.160000,10.680058
2009-05-06,18.060000,10.066902
2009-05-07,16.570000,9.236355
2009-05-08,18.100000,10.089199
2009-05-11,17.650000,9.838362
2009-05-12,17.220000,9.598674
2009-05-13,16.730000,9.325541
2009-05-14,17.890000,9.972142
2009-05-15,17.290000,9.637693
2009-05-18,18.640000,10.390202
2009-05-19,18.400000,10.256423
2009-05-20,18.310000,10.206256
2009-05-21,18.110000,10.094773
2009-05-22,18.520000,10.323313
2009-05-26,20.370000,11.354529
2009-05-27,20.330000,11.332233
2009-05-28,20.730000,11.555198
2009-05-29,21.780000,12.140483
2009-06-01,22.330000,12.447061
2009-06-02,23.320000,12.998901
2009-06-03,22.920000,12.775936
2009-06-04,23.650000,13.182848
2009-06-05,23.090000,12.870696
2009-06-08,23.010000,12.826103
2009-06-09,23.010000,12.826103
2009-06-10,22.300000,12.430339
2009-06-11,22.740000,12.675601
2009-06-12,22.510000,12.547396
2009-06-15,20.460000,11.404696
2009-06-16,20.000000,11.148286
2009-06-17,20.830000,11.610940
2009-06-18,19.990000,11.142712
2009-06-19,20.030000,11.165008
2009-06-22,19.590000,10.919746
2009-06-23,20.750000,11.566347
2009-06-24,21.760000,12.129335
2009-06-25,22.080000,12.307708
2009-06-26,23.330000,13.004475
2009-06-29,23.390000,13.037920
2009-06-30,22.690000,12.647730
2009-07-01,23.000000,12.820529
2009-07-02,22.390000,12.480506
2009-07-06,22.470000,12.525099
2009-07-07,22.210000,12.380171
2009-07-08,21.980000,12.251966
2009-07-09,21.870000,12.190651
2009-07-10,21.710000,12.101464
2009-07-13,22.000000,12.357986
2009-07-14,21.530000,12.093975
2009-07-15,22.290000,12.520887
2009-07-16,23.330000,13.105083
2009-07-17,23.140000,12.998355
2009-07-20,23.290000,13.082614
2009-07-21,22.860000,12.841071
2009-07-22,22.290000,12.520887
2009-07-23,23.100000,12.975885
2009-07-24,22.830000,12.824219
2009-07-27,23.190000,13.026441
2009-07-28,23.110000,12.981503
2009-07-29,22.580000,12.683788
2009-07-30,22.910000,12.869157
2009-07-31,22.380000,12.571442
2009-08-03,23.170000,13.015206
2009-08-04,23.310000,13.093848
2009-08-05,21.960000,12.335517
2009-08-06,22.640000,12.717491
2009-08-07,22.810000,12.812985
2009-08-10,21.890000,12.296196
2009-08-11,21.950000,12.329900
2009-08-12,23.090000,12.970268
2009-08-13,23.050000,12.947799
2009-08-14,21.820000,12.256875
2009-08-17,21.830000,12.262493
2009-08-18,21.630000,12.150147
2009-08-19,21.800000,12.245641
2009-08-20,22.410000,12.588294
2009-08-21,22.410000,12.588294
2009-08-24,21.930000,12.318665
2009-08-25,22.020000,12.369221
2009-08-26,22.250000,12.498418
2009-08-27,22.330000,12.543356
2009-08-28,21.580000,12.122061
2009-08-31,21.570000,12.116444
2009-09-01,21.400000,12.020950
2009-09-02,21.480000,12.065888
2009-09-03,21.630000,12.150147
2009-09-04,21.950000,12.329900
2009-09-08,21.920000,12.313048
2009-09-09,22.110000,12.419776
2009-09-10,22.070000,12.397307
2009-09-11,22.350000,12.554591
2009-09-14,22.130000,12.431011
2009-09-15,21.740000,12.211937
2009-09-16,22.200000,12.470332
2009-09-17,22.430000,12.599529
2009-09-18,22.500000,12.638849
2009-09-21,22.170000,12.453480
2009-09-22,22.470000,12.621998
2009-09-23,22.060000,12.391690
2009-09-24,22.030000,12.374838
2009-09-25,22.140000,12.436628
2009-09-28,22.430000,12.599529
2009-09-29,22.440000,12.605146
2009-09-30,22.030000,12.374838
2009-10-01,21.420000,12.032185
2009-10-02,21.500000,12.077123
2009-10-05,21.810000,12.251258
2009-10-06,22.070000,12.397307
2009-10-07,21.960000,12.335517
2009-10-08,21.870000,12.284962
2009-10-09,22.590000,12.689405
2009-10-12,22.570000,12.678170
2009-10-13,22.930000,12.976214
2009-10-14,23.430000,13.259167
2009-10-15,23.770000,13.451575
2009-10-16,22.890000,12.953578
2009-10-19,22.710000,12.851715
2009-10-20,22.770000,12.885669
2009-10-21,21.640000,12.246196
2009-10-22,22.660000,12.823419
2009-10-23,22.140000,12.529149
2009-10-26,21.970000,12.432945
2009-10-27,21.430000,12.127356
2009-10-28,21.230000,12.014175
2009-10-29,21.570000,12.206582
2009-10-30,20.490000,11.595404
2009-11-02,19.720000,11.159657
2009-11-03,19.330000,10.938954
2009-11-04,18.680000,10.571115
2009-11-05,19.390000,10.972908
2009-11-06,19.240000,10.888023
2009-11-09,19.240000,10.888023
2009-11-10,18.900000,10.695615
2009-11-11,20.440000,11.567109
2009-11-12,19.170000,10.848409
2009-11-13,19.270000,10.905000
2009-11-16,20.650000,11.685949
2009-11-17,21.060000,11.917971
2009-11-18,22.290000,12.614034
2009-11-19,21.880000,12.382013
2009-11-20,21.390000,12.104719
2009-11-23,22.000000,12.449922
2009-11-24,21.830000,12.353718
2009-11-25,21.730000,12.297127
2009-11-27,20.350000,11.516178
2009-11-30,20.440000,11.567109
2009-12-01,20.690000,11.708586
2009-12-02,21.150000,11.968902
2009-12-03,20.390000,11.538814
2009-12-04,21.630000,12.240537
2009-12-07,21.430000,12.127356
2009-12-08,20.690000,11.708586
2009-12-09,21.890000,12.387672
2009-12-10,21.450000,12.138674
2009-12-11,21.030000,11.900993
2009-12-14,21.270000,12.036811
2009-12-15,21.360000,12.087742
2009-12-16,21.390000,12.104719
2009-12-17,21.420000,12.121697
2009-12-18,21.460000,12.144333
2009-12-21,21.470000,12.149992
2009-12-22,21.420000,12.121697
2009-12-23,21.110000,11.946266
2009-12-24,21.240000,12.019834
2009-12-28,21.200000,11.997197
2009-12-29,21.070000,11.923630
2009-12-30,21.970000,12.432945
2009-12-31,21.800000,12.336741
2010-01-04,22.370000,12.659307
2010-01-05,21.470000,12.149992
2010-01-06,21.470000,12.149992
2010-01-07,22.380000,12.664966
2010-01-08,22.190000,12.557444
2010-01-11,21.730000,12.297127
2010-01-12,21.490000,12.161310
2010-01-13,21.680000,12.364727
2010-01-14,21.570000,12.301991
2010-01-15,21.140000,12.056750
2010-01-19,21.600000,12.319101
2010-01-20,21.030000,11.994014
2010-01-21,20.830000,11.879948
2010-01-22,20.120000,11.475014
2010-01-25,20.630000,11.765882
2010-01-26,20.390000,11.629003
2010-01-27,20.040000,11.429388
2010-01-28,19.190000,10.944609
2010-01-29,19.350000,11.035861
2010-02-01,20.020000,11.417982
2010-02-02,20.000000,11.406575
2010-02-03,19.830000,11.309619
2010-02-04,19.330000,11.024455
2010-02-05,19.490000,11.115707
2010-02-08,19.350000,11.035861
2010-02-09,19.570000,11.161334
2010-02-10,19.500000,11.121411
2010-02-11,19.790000,11.286806
2010-02-12,19.670000,11.218366
2010-02-16,19.780000,11.281103
2010-02-17,20.560000,11.725959
2010-02-18,20.770000,11.845728
2010-02-19,20.090000,11.457905
2010-02-22,20.430000,11.651816
2010-02-23,20.960000,11.954091
2010-02-24,20.470000,11.674629
2010-02-25,20.310000,11.583377
2010-02-26,20.110000,11.469311
2010-03-01,20.200000,11.520641
2010-03-02,20.370000,11.617597
2010-03-03,20.140000,11.486421
2010-03-04,20.380000,11.623300
2010-03-05,21.050000,12.005420
2010-03-08,21.290000,12.142299
2010-03-09,21.360000,12.182222
2010-03-10,21.350000,12.176519
2010-03-11,21.660000,12.353321
2010-03-12,21.550000,12.290584
2010-03-15,21.650000,12.347617
2010-03-16,21.730000,12.393244
2010-03-17,21.840000,12.455980
2010-03-18,21.770000,12.416057
2010-03-19,22.450000,12.803880
2010-03-22,22.930000,13.077638
2010-03-23,22.770000,12.986386
2010-03-24,22.510000,12.838100
2010-03-25,21.900000,12.490200
2010-03-26,22.030000,12.564342
2010-03-29,21.630000,12.336211
2010-03-30,21.470000,12.244958
2010-03-31,21.410000,12.210738
2010-04-01,21.480000,12.250661
2010-04-05,22.100000,12.604265
2010-04-06,22.460000,12.809584
2010-04-07,22.890000,13.054825
2010-04-08,22.390000,12.769661
2010-04-09,22.020000,12.558639
2010-04-12,22.130000,12.621375
2010-04-13,22.200000,12.757377
2010-04-14,22.900000,13.159637
2010-04-15,23.330000,13.406739
2010-04-16,23.160000,13.309048
2010-04-19,23.230000,13.349274
2010-04-20,23.650000,13.590629
2010-04-21,23.460000,13.481445
2010-04-22,23.650000,13.590629
2010-04-23,23.790000,13.671081
2010-04-26,23.810000,13.682574
2010-04-27,23.290000,13.383753
2010-04-28,23.310000,13.395246
2010-04-29,24.440000,14.044608
2010-04-30,23.820000,13.688321
2010-05-03,24.630000,14.153793
2010-05-04,23.650000,13.590629
2010-05-05,23.400000,13.446965
2010-05-06,23.060000,13.251582
2010-05-07,22.330000,12.832083
2010-05-10,22.970000,13.199863
2010-05-11,23.480000,13.492938
2010-05-12,24.000000,13.791759
2010-05-13,23.960000,13.768773
2010-05-14,22.700000,13.044706
2010-05-17,23.220000,13.343527
2010-05-18,22.680000,13.033212
2010-05-19,22.280000,12.803350
2010-05-20,20.850000,11.981591
2010-05-21,20.730000,11.912632
2010-05-24,20.400000,11.722995
2010-05-25,20.020000,11.504626
2010-05-26,20.080000,11.539105
2010-05-27,21.360000,12.274666
2010-05-28,20.930000,12.027563
2010-06-01,19.940000,11.458653
2010-06-02,20.940000,12.033310
2010-06-03,21.210000,12.188467
2010-06-04,19.580000,11.251777
2010-06-07,19.080000,10.964449
2010-06-08,19.210000,11.039154
2010-06-09,19.110000,10.981688
2010-06-10,19.200000,11.033407
2010-06-11,19.870000,11.418427
2010-06-14,19.310000,11.096620
2010-06-15,19.610000,11.269017
2010-06-16,19.550000,11.234537
2010-06-17,19.790000,11.372455
2010-06-18,19.790000,11.372455
2010-06-21,19.490000,11.200058
2010-06-22,19.330000,11.108113
2010-06-23,19.200000,11.033407
2010-06-24,18.820000,10.815038
2010-06-25,18.810000,10.809291
2010-06-28,18.810000,10.809291
2010-06-29,18.640000,10.711600
2010-06-30,18.310000,10.521963
2010-07-01,18.640000,10.711600
2010-07-02,18.410000,10.579429
2010-07-06,18.120000,10.412778
2010-07-07,19.050000,10.947209
2010-07-08,19.270000,11.073633
2010-07-09,19.700000,11.320736
2010-07-12,19.050000,10.947209
2010-07-13,20.200000,11.608064
2010-07-14,19.810000,11.478656
2010-07-15,19.690000,11.409124
2010-07-16,18.310000,10.609500
2010-07-19,18.070000,10.470435
2010-07-20,18.380000,10.650061
2010-07-21,17.850000,10.342959
2010-07-22,18.730000,10.852864
2010-07-23,19.260000,11.159966
2010-07-26,20.080000,11.635104
2010-07-27,20.420000,11.832113
2010-07-28,20.670000,11.976972
2010-07-29,20.830000,12.069682
2010-07-30,20.830000,12.069682
2010-08-02,21.110000,12.231925
2010-08-03,20.890000,12.104449
2010-08-04,21.290000,12.336224
2010-08-05,21.030000,12.185570
2010-08-06,21.100000,12.226131
2010-08-09,21.680000,12.562204
2010-08-10,21.500000,12.457906
2010-08-11,20.760000,12.029122
2010-08-12,20.800000,12.052299
2010-08-13,20.360000,11.797347
2010-08-16,20.110000,11.652488
2010-08-17,20.620000,11.948001
2010-08-18,20.870000,12.092860
2010-08-19,19.530000,11.316414
2010-08-20,19.470000,11.281648
2010-08-23,19.230000,11.142583
2010-08-24,19.430000,11.258470
2010-08-25,20.700000,11.994356
2010-08-26,20.310000,11.768375
2010-08-27,20.430000,11.837907
2010-08-30,19.870000,11.513423
2010-08-31,20.330000,11.779964
2010-09-01,21.150000,12.255102
2010-09-02,21.080000,12.214542
2010-09-03,21.250000,12.313046
2010-09-07,20.390000,11.814730
2010-09-08,20.620000,11.948001
2010-09-09,21.010000,12.173981
2010-09-10,20.930000,12.127626
2010-09-13,21.790000,12.625942
2010-09-14,21.430000,12.417345
2010-09-15,21.750000,12.602765
2010-09-16,21.330000,12.359401
2010-09-17,21.930000,12.707064
2010-09-20,22.990000,13.321267
2010-09-21,22.540000,13.060521
2010-09-22,21.850000,12.660709
2010-09-23,21.640000,12.539027
2010-09-24,22.560000,13.072109
2010-09-27,22.390000,12.973605
2010-09-28,22.680000,13.141642
2010-09-29,23.190000,13.437155
2010-09-30,23.100000,13.385006
2010-10-01,22.890000,13.263324
2010-10-04,22.280000,12.909867
2010-10-05,23.230000,13.460332
2010-10-06,23.280000,13.489304
2010-10-07,22.950000,13.298090
2010-10-08,23.280000,13.489304
2010-10-11,23.330000,13.518276
2010-10-12,23.170000,13.425566
2010-10-13,23.310000,13.604548
2010-10-14,23.400000,13.657075
2010-10-15,23.150000,13.511166
2010-10-18,24.000000,14.007256
2010-10-19,24.030000,14.024765
2010-10-20,24.220000,14.135656
2010-10-21,23.270000,13.581202
2010-10-22,23.440000,13.680420
2010-10-25,23.350000,13.627893
2010-10-26,23.050000,13.452802
2010-10-27,22.570000,13.172657
2010-10-28,22.470000,13.114294
2010-10-29,22.830000,13.324403
2010-11-01,21.950000,12.810803
2010-11-02,22.720000,13.260203
2010-11-03,23.330000,13.616220
2010-11-04,24.630000,14.374947
2010-11-05,24.490000,14.293238
2010-11-08,24.510000,14.304911
2010-11-09,24.540000,14.322420
2010-11-10,25.670000,14.981928
2010-11-11,24.920000,14.544201
2010-11-12,24.340000,14.205693
2010-11-15,24.380000,14.229038
2010-11-16,23.840000,13.913875
2010-11-17,24.010000,14.013093
2010-11-18,24.570000,14.339929
2010-11-19,24.660000,14.392456
2010-11-22,24.640000,14.380783
2010-11-23,24.230000,14.141493
2010-11-24,24.810000,14.480001
2010-11-26,24.370000,14.223202
2010-11-29,24.080000,14.053947
2010-11-30,23.930000,13.966402
2010-12-01,24.270000,14.164838
2010-12-02,24.400000,14.240711
2010-12-03,24.660000,14.392456
2010-12-06,24.370000,14.223202
2010-12-07,25.470000,14.865201
2010-12-08,25.040000,14.614238
2010-12-09,25.490000,14.876874
2010-12-10,25.910000,15.122001
2010-12-13,25.890000,15.110328
2010-12-14,25.840000,15.081146
2010-12-15,25.810000,15.063637
2010-12-16,26.260000,15.326273
2010-12-17,25.710000,15.005273
2010-12-20,25.690000,14.993601
2010-12-21,25.810000,15.063637
2010-12-22,25.970000,15.157019
2010-12-23,25.280000,14.754310
2010-12-27,25.410000,14.830183
2010-12-28,24.730000,14.433310
2010-12-29,24.490000,14.293238
2010-12-30,24.510000,14.304911
2010-12-31,24.150000,14.094802
2011-01-03,25.090000,14.643419
2011-01-04,24.210000,14.129820
2011-01-05,24.330000,14.199856
2011-01-06,24.090000,14.059784
2011-01-07,23.530000,13.732948
2011-01-10,23.330000,13.616220
2011-01-11,23.450000,13.686257
2011-01-12,23.100000,13.578491
2011-01-13,23.130000,13.596125
2011-01-14,23.840000,14.013473
2011-01-18,23.770000,13.972326
2011-01-19,22.370000,13.149387
2011-01-20,21.590000,12.690893
2011-01-21,21.920000,12.884871
2011-01-24,22.290000,13.102362
2011-01-25,23.030000,13.537344
2011-01-26,23.910000,14.054620
2011-01-27,24.290000,14.277989
2011-01-28,23.040000,13.543222
2011-01-31,22.820000,13.413903
2011-02-01,23.750000,13.960570
2011-02-02,23.390000,13.748957
2011-02-03,23.340000,13.719566
2011-02-04,23.210000,13.643150
2011-02-07,23.390000,13.748957
2011-02-08,23.180000,13.625516
2011-02-09,22.970000,13.502075
2011-02-10,22.620000,13.296341
2011-02-11,22.710000,13.349244
2011-02-14,22.420000,13.178778
2011-02-15,22.130000,13.008312
2011-02-16,22.550000,13.255194
2011-02-17,23.210000,13.643150
2011-02-18,23.240000,13.660785
2011-02-22,22.400000,13.167022
2011-02-23,22.330000,13.125875
2011-02-24,22.420000,13.178778
2011-02-25,22.330000,13.125875
2011-02-28,22.430000,13.184656
2011-03-01,22.240000,13.072971
2011-03-02,22.470000,13.208168
2011-03-03,22.580000,13.272828
2011-03-04,22.610000,13.290462
2011-03-07,22.170000,13.031824
2011-03-08,22.350000,13.137631
2011-03-09,22.470000,13.208168
2011-03-10,22.170000,13.031824
2011-03-11,22.180000,13.037703
2011-03-14,22.000000,12.931896
2011-03-15,21.910000,12.878993
2011-03-16,21.160000,12.438133
2011-03-17,21.580000,12.685015
2011-03-18,21.450000,12.608599
2011-03-21,21.590000,12.690893
2011-03-22,21.520000,12.649746
2011-03-23,21.750000,12.784943
2011-03-24,21.960000,12.908384
2011-03-25,22.370000,13.149387
2011-03-28,22.330000,13.125875
2011-03-29,22.330000,13.125875
2011-03-30,22.410000,13.172900
2011-03-31,22.830000,13.419781
2011-04-01,23.530000,13.831251
2011-04-04,23.670000,13.913545
2011-04-05,24.450000,14.372039
2011-04-06,25.110000,14.759996
2011-04-07,24.580000,14.448455
2011-04-08,23.810000,13.995839
2011-04-11,23.400000,13.754835
2011-04-12,22.350000,13.137631
2011-04-13,21.970000,13.011289
2011-04-14,21.760000,12.886920
2011-04-15,21.890000,12.963910
2011-04-18,21.740000,12.875076
2011-04-19,21.630000,12.809930
2011-04-20,21.630000,12.809930
2011-04-21,21.470000,12.715174
2011-04-25,21.510000,12.738863
2011-04-26,21.780000,12.898765
2011-04-27,22.470000,13.307403
2011-04-28,22.550000,13.354782
2011-04-29,23.030000,13.639052
2011-05-02,22.710000,13.449539
2011-05-03,22.770000,13.485072
2011-05-04,22.610000,13.390316
2011-05-05,22.610000,13.390316
2011-05-06,22.790000,13.496917
2011-05-09,22.860000,13.538373
2011-05-10,23.100000,13.680508
2011-05-11,22.770000,13.485072
2011-05-12,23.110000,13.686430
2011-05-13,22.370000,13.248180
2011-05-16,21.830000,12.928376
2011-05-17,21.470000,12.715174
2011-05-18,22.050000,13.058667
2011-05-19,21.850000,12.940221
2011-05-20,21.520000,12.744785
2011-05-23,21.470000,12.715174
2011-05-24,21.170000,12.537505
2011-05-25,21.160000,12.531582
2011-05-26,21.330000,12.632261
2011-05-27,21.330000,12.632261
2011-05-31,21.850000,12.940221
2011-06-01,21.080000,12.484204
2011-06-02,21.410000,12.679640
2011-06-03,21.330000,12.632261
2011-06-06,21.280000,12.602650
2011-06-07,21.930000,12.987599
2011-06-08,21.710000,12.857309
2011-06-09,21.600000,12.792163
2011-06-10,21.210000,12.561194
2011-06-13,21.000000,12.436826
2011-06-14,21.270000,12.596728
2011-06-15,20.630000,12.217701
2011-06-16,20.990000,12.430903
2011-06-17,21.320000,12.626339
2011-06-20,21.560000,12.768474
2011-06-21,22.130000,13.106045
2011-06-22,21.270000,12.596728
2011-06-23,21.070000,12.478282
2011-06-24,20.960000,12.413136
2011-06-27,22.130000,13.106045
2011-06-28,22.130000,13.106045
2011-06-29,21.840000,12.934299
2011-06-30,21.870000,12.952066
2011-07-01,21.870000,12.952066
2011-07-05,21.710000,12.857309
2011-07-06,22.110000,13.094201
2011-07-07,22.770000,13.485072
2011-07-08,22.510000,13.331093
2011-07-11,23.050000,13.650897
2011-07-12,22.370000,13.248180
2011-07-13,21.990000,13.120890
2011-07-14,21.950000,13.097023
2011-07-15,21.940000,13.091056
2011-07-18,21.640000,12.912053
2011-07-19,21.750000,12.977688
2011-07-20,21.350000,12.739018
2011-07-21,21.160000,12.625649
2011-07-22,21.230000,12.667416
2011-07-25,21.000000,12.530181
2011-07-26,21.070000,12.571948
2011-07-27,20.970000,12.512281
2011-07-28,21.310000,12.715151
2011-07-29,21.310000,12.715151
2011-08-01,21.450000,12.798685
2011-08-02,21.220000,12.661450
2011-08-03,21.380000,12.756918
2011-08-04,20.430000,12.190076
2011-08-05,20.190000,12.046874
2011-08-08,18.400000,10.978825
2011-08-09,20.370000,12.154276
2011-08-10,18.870000,11.259263
2011-08-11,19.820000,11.826104
2011-08-12,18.670000,11.139928
2011-08-15,19.020000,11.348764
2011-08-16,18.440000,11.002692
2011-08-17,18.710000,11.163795
2011-08-18,18.680000,11.145894
2011-08-19,18.450000,11.008659
2011-08-22,18.460000,11.014626
2011-08-23,19.200000,11.456166
2011-08-24,19.740000,11.778370
2011-08-25,18.710000,11.163795
2011-08-26,19.290000,11.509866
2011-08-29,19.900000,11.873838
2011-08-30,19.580000,11.682902
2011-08-31,18.750000,11.187662
2011-09-01,18.370000,10.960925
2011-09-02,17.800000,10.620820
2011-09-06,17.830000,10.638720
2011-09-07,18.330000,10.937058
2011-09-08,18.170000,10.841590
2011-09-09,18.090000,10.793856
2011-09-12,18.540000,11.062360
2011-09-13,18.830000,11.235396
2011-09-14,19.050000,11.366664
2011-09-15,19.060000,11.372631
2011-09-16,19.000000,11.336831
2011-09-19,18.750000,11.187662
2011-09-20,17.910000,10.686455
2011-09-21,16.810000,10.030112
2011-09-22,16.790000,10.018178
2011-09-23,17.100000,10.203148
2011-09-26,17.710000,10.567119
2011-09-27,18.480000,11.026559
2011-09-28,18.300000,10.919158
2011-09-29,18.330000,10.937058
2011-09-30,18.150000,10.829657
2011-10-03,17.200000,10.262815
2011-10-04,18.930000,11.295063
2011-10-05,19.320000,11.527767
2011-10-06,19.450000,11.605334
2011-10-07,18.750000,11.187662
2011-10-10,19.590000,11.688869
2011-10-11,19.590000,11.688869
2011-10-12,19.530000,11.653068
2011-10-13,19.410000,11.681153
2011-10-14,19.700000,11.855678
2011-10-17,18.800000,11.314048
2011-10-18,19.600000,11.795497
2011-10-19,19.110000,11.500610
2011-10-20,19.350000,11.645044
2011-10-21,19.340000,11.639026
2011-10-24,19.730000,11.873733
2011-10-25,18.910000,11.380247
2011-10-26,19.290000,11.608936
2011-10-27,20.330000,12.234819
2011-10-28,20.230000,12.174638
2011-10-31,19.790000,11.909841
2011-11-01,18.840000,11.338121
2011-11-02,19.610000,11.801515
2011-11-03,20.260000,12.192692
2011-11-04,19.930000,11.994095
2011-11-07,19.770000,11.897805
2011-11-08,20.090000,12.090385
2011-11-09,18.790000,11.308030
2011-11-10,19.250000,11.584863
2011-11-11,19.810000,11.921877
2011-11-14,19.180000,11.542736
2011-11-15,19.810000,11.921877
2011-11-16,19.230000,11.572827
2011-11-17,18.960000,11.410338
2011-11-18,18.580000,11.181650
2011-11-21,18.070000,10.874726
2011-11-22,17.840000,10.736310
2011-11-23,17.410000,10.477531
2011-11-25,17.280000,10.399295
2011-11-28,18.470000,11.115451
2011-11-29,18.430000,11.091378
2011-11-30,19.760000,11.891787
2011-12-01,19.900000,11.976040
2011-12-02,20.270000,12.198711
2011-12-05,20.740000,12.481562
2011-12-06,20.670000,12.439435
2011-12-07,20.470000,12.319073
2011-12-08,19.710000,11.861696
2011-12-09,20.590000,12.391290
2011-12-12,20.210000,12.162602
2011-12-13,19.650000,11.825588
2011-12-14,20.310000,12.433702
2011-12-15,20.640000,12.635727
2011-12-16,20.990000,12.849996
2011-12-19,20.910000,12.801020
2011-12-20,21.940000,13.431582
2011-12-21,21.850000,13.376484
2011-12-22,22.030000,13.486680
2011-12-23,22.070000,13.511168
2011-12-27,22.080000,13.517289
2011-12-28,21.350000,13.070386
2011-12-29,21.810000,13.351997
2011-12-30,21.730000,13.303021
2012-01-03,23.180000,14.190705
2012-01-04,22.990000,14.074388
2012-01-05,22.420000,13.725436
2012-01-06,22.170000,13.572387
2012-01-09,22.180000,13.578509
2012-01-10,22.560000,13.811144
2012-01-11,22.800000,13.958071
2012-01-12,22.530000,13.894345
2012-01-13,22.090000,13.622995
2012-01-17,21.850000,13.474986
2012-01-18,22.240000,13.715500
2012-01-19,21.940000,13.530489
2012-01-20,22.410000,13.820340
2012-01-23,22.470000,13.857342
2012-01-24,22.800000,14.060855
2012-01-25,23.210000,14.313703
2012-01-26,23.140000,14.270534
2012-01-27,23.330000,14.387708
2012-01-30,23.230000,14.326037
2012-01-31,22.960000,14.159527
2012-02-01,23.910000,14.745396
2012-02-02,23.910000,14.745396
2012-02-03,24.830000,15.312764
2012-02-06,24.360000,15.022913
2012-02-07,24.060000,14.837902
2012-02-08,24.060000,14.837902
2012-02-09,23.670000,14.597387
2012-02-10,22.630000,13.956015
2012-02-13,22.930000,14.141026
2012-02-14,22.510000,13.882010
2012-02-15,22.070000,13.610661
2012-02-16,23.550000,14.523383
2012-02-17,23.390000,14.424710
2012-02-21,23.380000,14.418543
2012-02-22,23.270000,14.350706
2012-02-23,23.850000,14.708394
2012-02-24,23.720000,14.628223
2012-02-27,23.870000,14.720728
2012-02-28,23.840000,14.702227
2012-02-29,23.570000,14.535717
2012-03-01,23.200000,14.307536
2012-03-02,21.650000,13.351645
2012-03-05,21.660000,13.357812
2012-03-06,21.270000,13.117297
2012-03-07,21.790000,13.437984
2012-03-08,21.930000,13.524322
2012-03-09,22.530000,13.894345
2012-03-12,22.870000,14.104024
2012-03-13,23.990000,14.794733
2012-03-14,23.850000,14.708394
2012-03-15,23.910000,14.745396
2012-03-16,23.680000,14.603554
2012-03-19,24.450000,15.078417
2012-03-20,24.090000,14.856403
2012-03-21,24.010000,14.807067
2012-03-22,22.610000,13.943681
2012-03-23,23.330000,14.387708
2012-03-26,24.790000,15.288096
2012-03-27,24.520000,15.121586
2012-03-28,24.350000,15.016746
2012-03-29,24.120000,14.874904
2012-03-30,23.430000,14.449378
2012-04-02,23.370000,14.412376
2012-04-03,22.720000,14.011518
2012-04-04,22.300000,13.752503
2012-04-05,22.150000,13.659997
2012-04-09,21.420000,13.209803
2012-04-10,20.550000,12.673270
2012-04-11,21.140000,13.143725
2012-04-12,21.310000,13.249422
2012-04-13,20.800000,12.932331
2012-04-16,20.990000,13.050463
2012-04-17,21.730000,13.510556
2012-04-18,21.480000,13.355119
2012-04-19,21.280000,13.230770
2012-04-20,22.120000,13.753037
2012-04-23,21.200000,13.181030
2012-04-24,21.890000,13.610035
2012-04-25,22.330000,13.883604
2012-04-26,22.170000,13.784124
2012-04-27,22.880000,14.225565
2012-04-30,21.680000,13.479469
2012-05-01,20.990000,13.050463
2012-05-02,21.240000,13.205900
2012-05-03,21.190000,13.174813
2012-05-04,20.690000,12.863939
2012-05-07,21.470000,13.348902
2012-05-08,22.210000,13.808994
2012-05-09,21.850000,13.585166
2012-05-10,21.750000,13.522991
2012-05-11,21.480000,13.355119
2012-05-14,21.180000,13.168595
2012-05-15,21.260000,13.218335
2012-05-16,21.190000,13.174813
2012-05-17,21.230000,13.199683
2012-05-18,21.220000,13.193465
2012-05-21,21.690000,13.485686
2012-05-22,21.380000,13.292945
2012-05-23,21.350000,13.274292
2012-05-24,21.100000,13.118855
2012-05-25,21.470000,13.348902
2012-05-29,21.660000,13.467034
2012-05-30,21.330000,13.261857
2012-05-31,21.490000,13.361337
2012-06-01,21.330000,13.261857
2012-06-04,21.890000,13.610035
2012-06-05,21.850000,13.585166
2012-06-06,22.520000,14.001736
2012-06-07,22.250000,13.833864
2012-06-08,22.170000,13.784124
2012-06-11,21.690000,13.485686
2012-06-12,21.940000,13.641123
2012-06-13,21.670000,13.473251
2012-06-14,22.210000,13.808994
2012-06-15,22.570000,14.032823
2012-06-18,22.290000,13.858734
2012-06-19,23.070000,14.343697
2012-06-20,22.880000,14.225565
2012-06-21,22.670000,14.094998
2012-06-22,22.860000,14.213130
2012-06-25,23.050000,14.331262
2012-06-26,22.850000,14.206912
2012-06-27,23.190000,14.418306
2012-06-28,23.650000,14.704310
2012-06-29,24.410000,15.176837
2012-07-02,25.780000,16.028630
2012-07-03,26.490000,16.470070
2012-07-05,25.910000,16.109457
2012-07-06,25.340000,15.755062
2012-07-09,25.230000,15.686669
2012-07-10,25.290000,15.723974
2012-07-11,25.680000,16.072376
2012-07-12,25.680000,16.072376
2012-07-13,25.670000,16.066117
2012-07-16,25.500000,15.959719
2012-07-17,26.010000,16.278913
2012-07-18,25.990000,16.266396
2012-07-19,25.500000,15.959719
2012-07-20,24.350000,15.239967
2012-07-23,23.470000,14.689200
2012-07-24,22.770000,14.251090
2012-07-25,23.220000,14.532732
2012-07-26,23.830000,14.914514
2012-07-27,24.630000,15.415211
2012-07-30,23.650000,14.801857
2012-07-31,24.050000,15.052206
2012-08-01,22.890000,14.326195
2012-08-02,22.580000,14.132175
2012-08-03,23.870000,14.939549
2012-08-06,23.890000,14.952066
2012-08-07,23.900000,14.958325
2012-08-08,23.280000,14.570285
2012-08-09,23.370000,14.626613
2012-08-10,23.030000,14.413817
2012-08-13,23.010000,14.401299
2012-08-14,22.830000,14.288643
2012-08-15,23.320000,14.595320
2012-08-16,24.010000,15.027171
2012-08-17,24.650000,15.427728
2012-08-20,24.510000,15.340106
2012-08-21,24.650000,15.427728
2012-08-22,24.240000,15.171121
2012-08-23,23.730000,14.851927
2012-08-24,24.090000,15.077240
2012-08-27,24.430000,15.290037
2012-08-28,24.870000,15.565420
2012-08-29,24.960000,15.621749
2012-08-30,24.100000,15.083499
2012-08-31,24.610000,15.402694
2012-09-04,24.600000,15.396435
2012-09-05,24.820000,15.534127
2012-09-06,25.170000,15.753182
2012-09-07,24.970000,15.628007
2012-09-10,24.340000,15.233708
2012-09-11,24.390000,15.265002
2012-09-12,24.010000,15.027171
2012-09-13,24.900000,15.584196
2012-09-14,24.830000,15.540385
2012-09-17,24.630000,15.415211
2012-09-18,24.620000,15.408952
2012-09-19,24.270000,15.189897
2012-09-20,23.990000,15.014653
2012-09-21,24.810000,15.527868
2012-09-24,24.890000,15.577938
2012-09-25,24.490000,15.327589
2012-09-26,24.970000,15.628007
2012-09-27,24.890000,15.577938
2012-09-28,24.690000,15.452763
2012-10-01,24.910000,15.590455
2012-10-02,25.390000,15.890873
2012-10-03,25.090000,15.703112
2012-10-04,25.070000,15.690594
2012-10-05,25.170000,15.753182
2012-10-08,24.870000,15.565420
2012-10-09,25.130000,15.728147
2012-10-10,25.130000,15.728147
2012-10-11,25.200000,15.877258
2012-10-12,24.910000,15.694544
2012-10-15,24.900000,15.688244
2012-10-16,24.830000,15.644140
2012-10-17,24.970000,15.732347
2012-10-18,23.500000,14.806174
2012-10-19,22.910000,14.434444
2012-10-22,22.840000,14.390341
2012-10-23,22.550000,14.207626
2012-10-24,22.480000,14.163523
2012-10-25,22.990000,14.484848
2012-10-26,22.870000,14.409242
2012-10-31,23.270000,14.661262
2012-11-01,23.100000,14.554154
2012-11-02,22.630000,14.258030
2012-11-05,23.500000,14.806174
2012-11-06,23.830000,15.014090
2012-11-07,23.330000,14.699065
2012-11-08,22.500000,14.176124
2012-11-09,22.850000,14.396641
2012-11-12,22.670000,14.283232
2012-11-13,22.470000,14.157222
2012-11-14,21.120000,13.306655
2012-11-15,20.730000,13.060935
2012-11-16,21.000000,13.231049
2012-11-19,21.450000,13.514571
2012-11-20,21.510000,13.552374
2012-11-21,22.270000,14.031212
2012-11-23,22.290000,14.043813
2012-11-26,22.640000,14.264331
2012-11-27,22.380000,14.100518
2012-11-28,22.360000,14.087917
2012-11-29,22.970000,14.472247
2012-11-30,23.130000,14.573055
2012-12-03,23.360000,14.717967
2012-12-04,23.440000,14.768371
2012-12-05,23.630000,14.888080
2012-12-06,23.730000,14.951085
2012-12-07,23.350000,14.711666
2012-12-10,23.240000,14.642361
2012-12-11,23.630000,14.888080
2012-12-12,22.630000,14.258030
2012-12-13,22.460000,14.150922
2012-12-14,22.500000,14.176124
2012-12-17,22.480000,14.163523
2012-12-18,23.200000,14.617159
2012-12-19,22.650000,14.270631
2012-12-20,22.780000,14.352538
2012-12-21,22.810000,14.371439
2012-12-24,22.670000,14.283232
2012-12-26,22.330000,14.069015
2012-12-27,22.550000,14.207626
2012-12-28,22.230000,14.006010
2012-12-31,22.650000,14.270631
2013-01-02,24.540000,15.461426
2013-01-03,24.230000,15.266110
2013-01-04,23.570000,14.850277
2013-01-07,23.190000,14.610858
2013-01-08,22.830000,14.384040
2013-01-09,23.100000,14.554154
2013-01-10,23.060000,14.528952
2013-01-11,22.800000,14.469719
2013-01-14,22.640000,14.368177
2013-01-15,22.570000,14.323752
2013-01-16,22.470000,14.260289
2013-01-17,22.750000,14.437987
2013-01-18,22.550000,14.311060
2013-01-22,22.790000,14.463372
2013-01-23,22.680000,14.393562
2013-01-24,22.670000,14.387216
2013-01-25,22.530000,14.298367
2013-01-28,23.030000,14.615685
2013-01-29,22.870000,14.514143
2013-01-30,22.260000,14.127015
2013-01-31,22.500000,14.279328
2013-02-01,23.400000,14.850501
2013-02-04,22.250000,14.120669
2013-02-05,22.790000,14.463372
2013-02-06,22.320000,14.165093
2013-02-07,22.470000,14.260289
2013-02-08,22.660000,14.380870
2013-02-11,22.860000,14.507797
2013-02-12,22.940000,14.558568
2013-02-13,22.670000,14.387216
2013-02-14,22.630000,14.361831
2013-02-15,22.810000,14.476065
2013-02-19,23.210000,14.729920
2013-02-20,22.540000,14.304713
2013-02-21,22.630000,14.361831
2013-02-22,22.310000,14.158747
2013-02-25,22.230000,14.107976
2013-02-26,22.480000,14.266635
2013-02-27,22.990000,14.590300
2013-02-28,22.590000,14.336445
2013-03-01,22.290000,14.146054
2013-03-04,22.270000,14.133361
2013-03-05,22.910000,14.539529
2013-03-06,22.910000,14.539529
2013-03-07,22.990000,14.590300
2013-03-08,23.070000,14.641071
2013-03-11,23.120000,14.672803
2013-03-12,22.840000,14.495104
2013-03-13,22.890000,14.526836
2013-03-14,22.870000,14.514143
2013-03-15,23.020000,14.609339
2013-03-18,22.670000,14.387216
2013-03-19,22.830000,14.488758
2013-03-20,23.210000,14.729920
2013-03-21,22.480000,14.266635
2013-03-22,22.490000,14.272981
2013-03-25,22.290000,14.146054
2013-03-26,22.510000,14.285674
2013-03-27,22.340000,14.177786
2013-03-28,22.050000,13.993741
2013-04-01,21.660000,13.746233
2013-04-02,21.670000,13.752579
2013-04-03,21.530000,13.663730
2013-04-04,21.690000,13.765272
2013-04-05,21.410000,13.587574
2013-04-08,21.550000,13.676423
2013-04-09,21.410000,13.587574
2013-04-10,21.570000,13.689116
2013-04-11,21.560000,13.682769
2013-04-12,21.380000,13.682769
2013-04-15,21.330000,13.650770
2013-04-16,21.390000,13.689169
2013-04-17,21.270000,13.612371
2013-04-18,21.290000,13.625171
2013-04-19,21.430000,13.714768
2013-04-22,21.490000,13.753167
2013-04-23,21.730000,13.906762
2013-04-24,21.630000,13.842764
2013-04-25,21.890000,14.009159
2013-04-26,21.820000,13.964360
2013-04-29,21.830000,13.970760
2013-04-30,22.260000,14.245951
2013-05-01,21.640000,13.849164
2013-05-02,22.020000,14.092356
2013-05-03,22.420000,14.348348
2013-05-06,22.930000,14.674738
2013-05-07,23.200000,14.847533
2013-05-08,23.020000,14.732336
2013-05-09,23.250000,14.879532
2013-05-10,23.590000,15.097125
2013-05-13,23.870000,15.276319
2013-05-14,24.150000,15.455513
2013-05-15,24.200000,15.487512
2013-05-16,24.140000,15.449114
2013-05-17,24.230000,15.506712
2013-05-20,24.300000,15.551510
2013-05-21,24.400000,15.615508
2013-05-22,24.210000,15.493912
2013-05-23,24.320000,15.564310
2013-05-24,24.850000,15.903499
2013-05-28,25.190000,16.121092
2013-05-29,24.950000,15.967497
2013-05-30,25.150000,16.095493
2013-05-31,25.070000,16.044295
2013-06-03,25.330000,16.210690
2013-06-04,24.890000,15.929099
2013-06-05,24.910000,15.941898
2013-06-06,25.150000,16.095493
2013-06-07,25.210000,16.133892
2013-06-10,25.100000,16.063494
2013-06-11,24.970000,15.980297
2013-06-12,24.520000,15.692306
2013-06-13,24.670000,15.788303
2013-06-14,23.910000,15.301918
2013-06-17,23.800000,15.231520
2013-06-18,23.890000,15.289119
2013-06-19,23.590000,15.097125
2013-06-20,23.190000,14.841133
2013-06-21,23.220000,14.860332
2013-06-24,23.150000,14.815534
2013-06-25,23.840000,15.257120
2013-06-26,23.470000,15.020327
2013-06-27,23.610000,15.109924
2013-06-28,23.650000,15.135523
2013-07-01,23.890000,15.289119
2013-07-02,23.730000,15.186722
2013-07-03,23.670000,15.148323
2013-07-05,24.660000,15.781903
2013-07-08,24.330000,15.570710
2013-07-09,24.390000,15.609109
2013-07-10,23.950000,15.327517
2013-07-11,24.470000,15.778896
2013-07-12,24.650000,15.894964
2013-07-15,25.250000,16.281860
2013-07-16,25.660000,16.546239
2013-07-17,25.880000,16.688101
2013-07-18,26.400000,17.023410
2013-07-19,26.320000,16.971824
2013-07-22,26.300000,16.958928
2013-07-23,26.320000,16.971824
2013-07-24,26.350000,16.991169
2013-07-25,27.320000,17.616650
2013-07-26,27.110000,17.481237
2013-07-29,26.620000,17.165272
2013-07-30,26.290000,16.952479
2013-07-31,25.940000,16.726790
2013-08-01,26.290000,16.952479
2013-08-02,26.090000,16.823514
2013-08-05,25.910000,16.707445
2013-08-06,25.650000,16.539791
2013-08-07,25.600000,16.507549
2013-08-08,26.190000,16.887997
2013-08-09,25.850000,16.668756
2013-08-12,25.850000,16.668756
2013-08-13,26.250000,16.926686
2013-08-14,25.510000,16.449515
2013-08-15,24.570000,15.843378
2013-08-16,24.670000,15.907861
2013-08-19,24.900000,16.056171
2013-08-20,25.530000,16.462411
2013-08-21,25.330000,16.333446
2013-08-22,25.730000,16.591377
2013-08-23,25.670000,16.552687
2013-08-26,25.780000,16.623618
2013-08-27,25.460000,16.417274
2013-08-28,25.700000,16.572032
2013-08-29,25.640000,16.533342
2013-08-30,25.440000,16.404377
2013-09-03,25.690000,16.565584
2013-09-04,25.160000,16.223826
2013-09-05,25.130000,16.204481
2013-09-06,24.960000,16.094861
2013-09-09,24.930000,16.075516
2013-09-10,25.200000,16.249619
2013-09-11,25.720000,16.584928
2013-09-12,25.630000,16.526894
2013-09-13,25.900000,16.700997
2013-09-16,25.930000,16.720342
2013-09-17,26.360000,16.997617
2013-09-18,26.230000,16.913790
2013-09-19,26.230000,16.913790
2013-09-20,26.190000,16.887997
2013-09-23,26.870000,17.326478
2013-09-24,27.420000,17.681133
2013-09-25,27.090000,17.468340
2013-09-26,26.990000,17.403858
2013-09-27,27.290000,17.597305
2013-09-30,27.170000,17.519926
2013-10-01,27.160000,17.513478
2013-10-02,27.160000,17.513478
2013-10-03,27.070000,17.455444
2013-10-04,27.330000,17.623099
2013-10-07,27.160000,17.513478
2013-10-08,27.190000,17.532823
2013-10-09,27.130000,17.494133
2013-10-10,27.500000,17.732719
2013-10-11,27.710000,17.868132
2013-10-14,27.600000,17.797202
2013-10-15,27.270000,17.699843
2013-10-16,27.320000,17.732296
2013-10-17,27.670000,17.959466
2013-10-18,28.080000,18.225581
2013-10-21,27.840000,18.069806
2013-10-22,27.390000,17.777730
2013-10-23,27.470000,17.829655
2013-10-24,27.550000,17.881579
2013-10-25,27.360000,17.758258
2013-10-28,27.430000,17.803692
2013-10-29,27.410000,17.790711
2013-10-30,27.270000,17.699843
2013-10-31,26.900000,17.459691
2013-11-01,26.510000,17.206558
2013-11-04,26.610000,17.271464
2013-11-05,26.160000,16.979387
2013-11-06,26.150000,16.972896
2013-11-07,25.860000,16.784669
2013-11-08,26.520000,17.213048
2013-11-11,26.270000,17.050784
2013-11-12,26.260000,17.044293
2013-11-13,26.650000,17.297426
2013-11-14,26.630000,17.284445
2013-11-15,26.670000,17.310407
2013-11-18,27.000000,17.524597
2013-11-19,26.890000,17.453200
2013-11-20,26.970000,17.505125
2013-11-21,27.870000,18.089278
2013-11-22,27.810000,18.050335
2013-11-25,28.330000,18.387845
2013-11-26,28.480000,18.485204
2013-11-27,28.990000,18.816224
2013-11-29,29.030000,18.842187
2013-12-02,28.430000,18.452751
2013-12-03,27.850000,18.076297
2013-12-04,27.330000,17.738786
2013-12-05,27.330000,17.738786
2013-12-06,27.450000,17.816673
2013-12-09,27.130000,17.608974
2013-12-10,27.170000,17.634937
2013-12-11,26.940000,17.485653
2013-12-12,27.400000,17.784220
2013-12-13,27.390000,17.777730
2013-12-16,27.390000,17.777730
2013-12-17,27.400000,17.784220
2013-12-18,27.800000,18.043844
2013-12-19,27.640000,17.939995
2013-12-20,28.070000,18.219090
2013-12-23,28.200000,18.303468
2013-12-24,28.410000,18.439770
2013-12-26,28.290000,18.361883
2013-12-27,28.370000,18.413808
2013-12-30,28.240000,18.329430
2013-12-31,27.890000,18.102259
2014-01-02,27.450000,17.816673
2014-01-03,27.500000,17.849126
2014-01-06,27.410000,17.790711
2014-01-07,27.530000,17.868598
2014-01-08,27.400000,17.784220
2014-01-09,27.450000,17.816673
2014-01-10,27.300000,17.719314
2014-01-13,26.430000,17.154633
2014-01-14,26.430000,17.154633
2014-01-15,26.570000,17.363756
2014-01-16,26.330000,17.206914
2014-01-17,26.160000,17.095817
2014-01-21,26.450000,17.285335
2014-01-22,26.430000,17.272265
2014-01-23,26.210000,17.128493
2014-01-24,25.490000,16.657966
2014-01-27,24.970000,16.318140
2014-01-28,24.260000,15.854148
2014-01-29,23.560000,15.396692
2014-01-30,24.010000,15.690771
2014-01-31,23.570000,15.403227
2014-02-03,23.110000,15.102612
2014-02-04,23.660000,15.462043
2014-02-05,23.320000,15.239849
2014-02-06,23.160000,15.135288
2014-02-07,23.460000,15.331341
2014-02-10,23.490000,15.350946
2014-02-11,23.920000,15.631955
2014-02-12,23.610000,15.429367
2014-02-13,23.850000,15.586209
2014-02-14,23.740000,15.514323
2014-02-18,24.290000,15.873754
2014-02-19,23.770000,15.533929
2014-02-20,24.320000,15.893359
2014-02-21,23.950000,15.651560
2014-02-24,24.410000,15.952175
2014-02-25,24.500000,16.010991
2014-02-26,24.530000,16.030596
2014-02-27,24.590000,16.069807
2014-02-28,25.030000,16.357351
2014-03-03,24.880000,16.259325
2014-03-04,26.110000,17.063142
2014-03-05,26.050000,17.023931
2014-03-06,26.230000,17.141563
2014-03-07,26.380000,17.239589
2014-03-10,26.300000,17.187309
2014-03-11,26.180000,17.108887
2014-03-12,26.490000,17.311475
2014-03-13,26.450000,17.285335
2014-03-14,26.390000,17.246124
2014-03-17,26.670000,17.429107
2014-03-18,26.950000,17.612090
2014-03-19,26.970000,17.625160
2014-03-20,27.270000,17.821213
2014-03-21,27.430000,17.925775
2014-03-24,27.630000,18.056477
2014-03-25,28.000000,18.298275
2014-03-26,27.270000,17.821213
2014-03-27,26.730000,17.468318
2014-03-28,26.850000,17.546739
2014-03-31,27.470000,17.951915
2014-04-01,27.910000,18.239459
2014-04-02,27.790000,18.161038
2014-04-03,27.340000,17.866959
2014-04-04,26.650000,17.416037
2014-04-07,25.990000,16.984720
2014-04-08,27.010000,17.651301
2014-04-09,26.830000,17.533669
2014-04-10,27.000000,17.644765
2014-04-11,27.170000,17.755862
2014-04-14,27.400000,18.025588
2014-04-15,27.350000,17.992695
2014-04-16,27.650000,18.190055
2014-04-17,27.440000,18.051903
2014-04-21,27.670000,18.203212
2014-04-22,27.630000,18.176898
2014-04-23,27.350000,17.992695
2014-04-24,27.410000,18.032167
2014-04-25,26.570000,17.479557
2014-04-28,26.270000,17.282197
2014-04-29,25.850000,17.005892
2014-04-30,25.450000,16.742745
2014-05-01,25.000000,16.446704
2014-05-02,24.620000,16.196714
2014-05-05,24.360000,16.025669
2014-05-06,23.560000,15.499374
2014-05-07,23.740000,15.617791
2014-05-08,23.530000,15.479638
2014-05-09,24.210000,15.926989
2014-05-12,25.190000,16.571699
2014-05-13,24.510000,16.124349
2014-05-14,23.790000,15.650684
2014-05-15,23.500000,15.459902
2014-05-16,23.670000,15.571740
2014-05-19,24.340000,16.012511
2014-05-20,23.620000,15.538846
2014-05-21,23.750000,15.624369
2014-05-22,23.950000,15.755943
2014-05-23,24.090000,15.848044
2014-05-27,24.610000,16.190136
2014-05-28,24.770000,16.295395
2014-05-29,24.590000,16.176978
2014-05-30,24.530000,16.137506
2014-06-02,24.290000,15.979618
2014-06-03,24.320000,15.999354
2014-06-04,23.970000,15.769100
2014-06-05,24.330000,16.005933
2014-06-06,24.760000,16.288816
2014-06-09,25.470000,16.755902
2014-06-10,25.370000,16.690116
2014-06-11,25.140000,16.538806
2014-06-12,24.510000,16.124349
2014-06-13,24.320000,15.999354
2014-06-16,24.370000,16.032247
2014-06-17,24.640000,16.209872
2014-06-18,24.770000,16.295395
2014-06-19,24.940000,16.407232
2014-06-20,25.410000,16.716430
2014-06-23,25.450000,16.742745
2014-06-24,25.390000,16.703273
2014-06-25,25.600000,16.841425
2014-06-26,25.750000,16.940106
2014-06-27,25.920000,17.051943
2014-06-30,25.840000,16.999314
2014-07-01,26.310000,17.308512
2014-07-02,26.130000,17.190095
2014-07-03,26.370000,17.347984
2014-07-07,25.790000,16.966420
2014-07-08,25.630000,16.861161
2014-07-09,25.760000,16.946684
2014-07-10,25.100000,16.512491
2014-07-11,24.950000,16.413811
2014-07-14,25.030000,16.466440
2014-07-15,24.320000,16.115245
2014-07-16,23.910000,15.843565
2014-07-17,23.550000,15.605017
2014-07-18,24.040000,15.929707
2014-07-21,23.860000,15.810433
2014-07-22,23.770000,15.750796
2014-07-23,23.890000,15.830312
2014-07-24,23.670000,15.684533
2014-07-25,23.670000,15.684533
2014-07-28,23.630000,15.658028
2014-07-29,23.670000,15.684533
2014-07-30,23.770000,15.750796
2014-07-31,23.620000,15.651401
2014-08-01,23.830000,15.790554
2014-08-04,23.690000,15.697786
2014-08-05,23.830000,15.790554
2014-08-06,23.930000,15.856818
2014-08-07,23.680000,15.691159
2014-08-08,23.810000,15.777302
2014-08-11,24.260000,16.075487
2014-08-12,24.680000,16.353793
2014-08-13,24.270000,16.082113
2014-08-14,24.400000,16.168255
2014-08-15,24.050000,15.936334
2014-08-18,24.650000,16.333914
2014-08-19,24.400000,16.168255
2014-08-20,24.310000,16.108618
2014-08-21,24.250000,16.068860
2014-08-22,24.260000,16.075487
2014-08-25,24.230000,16.055608
2014-08-26,24.240000,16.062234
2014-08-27,24.390000,16.161629
2014-08-28,24.130000,15.989344
2014-08-29,24.370000,16.148376
2014-09-02,24.440000,16.194761
2014-09-03,24.140000,15.995971
2014-09-04,24.230000,16.055608
2014-09-05,24.310000,16.108618
2014-09-08,24.030000,15.923081
2014-09-09,23.980000,15.889949
2014-09-10,24.350000,16.135124
2014-09-11,24.610000,16.307408
2014-09-12,23.960000,15.876697
2014-09-15,23.690000,15.697786
2014-09-16,23.610000,15.644775
2014-09-17,23.510000,15.578512
2014-09-18,23.880000,15.823686
2014-09-19,23.970000,15.883323
2014-09-22,23.900000,15.836939
2014-09-23,23.680000,15.691159
2014-09-24,23.620000,15.651401
2014-09-25,23.450000,15.538754
2014-09-26,23.470000,15.552006
2014-09-29,23.370000,15.485743
2014-09-30,23.330000,15.459238
2014-10-01,23.240000,15.399601
2014-10-02,23.350000,15.472490
2014-10-03,23.490000,15.565259
2014-10-06,23.610000,15.644775
2014-10-07,23.550000,15.605017
2014-10-08,23.770000,15.750796
2014-10-09,23.340000,15.465864
2014-10-10,23.610000,15.644775
2014-10-13,24.530000,16.254398
2014-10-14,24.950000,16.532704
2014-10-15,25.170000,16.799683
2014-10-16,25.240000,16.846405
2014-10-17,24.640000,16.445935
2014-10-20,24.740000,16.512680
2014-10-21,24.940000,16.646170
2014-10-22,24.390000,16.279073
2014-10-23,25.090000,16.746287
2014-10-24,24.630000,16.439261
2014-10-27,24.830000,16.572751
2014-10-28,26.330000,17.573924
2014-10-29,26.680000,17.807531
2014-10-30,27.140000,18.114557
2014-10-31,27.270000,18.201325
2014-11-03,26.750000,17.854252
2014-11-04,27.060000,18.061161
2014-11-05,27.410000,18.294768
2014-11-06,27.210000,18.161279
2014-11-07,27.180000,18.141255
2014-11-10,27.170000,18.134581
2014-11-11,26.990000,18.014440
2014-11-12,26.950000,17.987742
2014-11-13,26.670000,17.800856
2014-11-14,26.290000,17.547226
2014-11-17,26.100000,17.420411
2014-11-18,25.970000,17.333642
2014-11-19,25.180000,16.806358
2014-11-20,24.930000,16.639496
2014-11-21,24.930000,16.639496
2014-11-24,24.790000,16.546053
2014-11-25,24.650000,16.452610
2014-11-26,24.630000,16.439261
2014-11-28,24.090000,16.078839
2014-12-01,23.870000,15.932000
2014-12-02,23.900000,15.952023
2014-12-03,24.100000,16.085513
2014-12-04,24.000000,16.018768
2014-12-05,24.830000,16.572751
2014-12-08,24.810000,16.559402
2014-12-09,24.670000,16.465959
2014-12-10,24.010000,16.025443
2014-12-11,24.170000,16.132235
2014-12-12,24.030000,16.038792
2014-12-15,24.000000,16.018768
2014-12-16,24.200000,16.152258
2014-12-17,25.270000,16.866428
2014-12-18,25.730000,17.173455
2014-12-19,26.000000,17.353666
2014-12-22,26.260000,17.527202
2014-12-23,26.270000,17.533877
2014-12-24,26.300000,17.553900
2014-12-26,26.330000,17.573924
2014-12-29,26.670000,17.800856
2014-12-30,26.570000,17.734111
2014-12-31,26.560000,17.727437
2015-01-02,26.090000,17.413736
2015-01-05,25.370000,16.933173
2015-01-06,24.730000,16.506006
2015-01-07,24.960000,16.659519
2015-01-08,25.920000,17.300270
2015-01-09,25.430000,16.973220
2015-01-12,25.380000,16.939847
2015-01-13,25.370000,16.933173
2015-01-14,25.210000,16.960083
2015-01-15,24.900000,16.751530
2015-01-16,25.290000,17.013903
2015-01-20,24.460000,16.455519
2015-01-21,24.420000,16.428609
2015-01-22,25.270000,17.000448
2015-01-23,25.660000,17.262822
2015-01-26,26.270000,17.673200
2015-01-27,25.470000,17.134999
2015-01-28,25.150000,16.919718
2015-01-29,25.630000,17.242639
2015-01-30,24.770000,16.664072
2015-02-02,24.930000,16.771712
2015-02-03,25.450000,17.121544
2015-02-04,25.090000,16.879353
2015-02-05,25.490000,17.148454
2015-02-06,25.300000,17.020631
2015-02-09,25.130000,16.906263
2015-02-10,25.170000,16.933173
2015-02-11,25.050000,16.852443
2015-02-12,25.310000,17.027358
2015-02-13,25.620000,17.235911
2015-02-17,26.150000,17.592470
2015-02-18,25.870000,17.404100
2015-02-19,25.250000,16.986993
2015-02-20,25.170000,16.933173
2015-02-23,24.890000,16.744802
2015-02-24,25.230000,16.973538
2015-02-25,25.410000,17.094634
2015-02-26,25.570000,17.202274
2015-02-27,25.400000,17.087906
2015-03-02,25.570000,17.202274
2015-03-03,25.490000,17.148454
2015-03-04,25.230000,16.973538
2015-03-05,25.470000,17.134999
2015-03-06,24.870000,16.731347
2015-03-09,25.110000,16.892808
2015-03-10,24.850000,16.717892
2015-03-11,24.940000,16.778440
2015-03-12,25.840000,17.383917
2015-03-13,25.900000,17.424282
2015-03-16,25.410000,17.094634
2015-03-17,25.640000,17.249367
2015-03-18,25.290000,17.013903
2015-03-19,25.170000,16.933173
2015-03-20,25.900000,17.424282
2015-03-23,25.910000,17.431010
2015-03-24,25.870000,17.404100
2015-03-25,25.340000,17.047541
2015-03-26,25.150000,16.919718
2015-03-27,25.730000,17.309914
2015-03-30,26.330000,17.713566
2015-03-31,26.560000,17.868299
2015-04-01,26.700000,17.962484
2015-04-02,27.130000,18.251767
2015-04-06,27.570000,18.547778
2015-04-07,27.000000,18.164310
2015-04-08,27.170000,18.278677
2015-04-09,27.150000,18.265222
2015-04-10,26.810000,18.036487
2015-04-13,26.880000,18.083579
2015-04-14,26.670000,18.076801
2015-04-15,26.680000,18.083579
2015-04-16,26.390000,17.887019
2015-04-17,25.600000,17.351560
2015-04-20,26.060000,17.663346
2015-04-21,25.970000,17.602345
2015-04-22,26.050000,17.656568
2015-04-23,25.930000,17.575233
2015-04-24,25.960000,17.595567
2015-04-27,25.840000,17.514231
2015-04-28,27.010000,18.307252
2015-04-29,27.290000,18.497034
2015-04-30,25.550000,17.317671
2015-05-01,25.570000,17.331226
2015-05-04,25.780000,17.473563
2015-05-05,25.330000,17.168556
2015-05-06,25.330000,17.168556
2015-05-07,25.480000,17.270225
2015-05-08,25.670000,17.399006
2015-05-11,26.270000,17.805683
2015-05-12,25.680000,17.405784
2015-05-13,25.510000,17.290559
2015-05-14,25.630000,17.371894
2015-05-15,25.490000,17.277003
2015-05-18,25.560000,17.324449
2015-05-19,25.860000,17.527787
2015-05-20,25.710000,17.426118
2015-05-21,25.800000,17.487119
2015-05-22,25.780000,17.473563
2015-05-26,25.500000,17.283781
2015-05-27,25.580000,17.338004
2015-05-28,25.600000,17.351560
2015-05-29,25.570000,17.331226
2015-06-01,25.270000,17.127888
2015-06-02,25.380000,17.202445
2015-06-03,25.330000,17.168556
2015-06-04,25.030000,16.965217
2015-06-05,25.100000,17.012663
2015-06-08,25.070000,16.992329
2015-06-09,25.460000,17.256669
2015-06-10,26.090000,17.683680
2015-06-11,26.000000,17.622678
2015-06-12,25.970000,17.602345
2015-06-15,25.670000,17.399006
2015-06-16,25.930000,17.575233
2015-06-17,25.730000,17.439674
2015-06-18,25.830000,17.507453
2015-06-19,25.730000,17.439674
2015-06-22,25.830000,17.507453
2015-06-23,25.830000,17.507453
2015-06-24,25.780000,17.473563
2015-06-25,25.810000,17.493897
2015-06-26,25.860000,17.527787
2015-06-29,25.770000,17.466786
2015-06-30,25.800000,17.487119
2015-07-01,25.910000,17.561677
2015-07-02,25.770000,17.466786
2015-07-06,25.610000,17.358338
2015-07-07,25.260000,17.121110
2015-07-08,25.450000,17.249891
2015-07-09,25.410000,17.222779
2015-07-10,25.830000,17.507453
2015-07-13,25.990000,17.753364
2015-07-14,25.990000,17.753364
2015-07-15,26.200000,17.896811
2015-07-16,26.610000,18.176876
2015-07-17,27.010000,18.450110
2015-07-20,26.850000,18.340816
2015-07-21,26.730000,18.258846
2015-07-22,26.930000,18.395463
2015-07-23,26.750000,18.272508
2015-07-24,26.710000,18.245184
2015-07-27,26.680000,18.224692
2015-07-28,26.870000,18.354478
2015-07-29,26.670000,18.217861
2015-07-30,26.680000,18.224692
2015-07-31,26.840000,18.333985
2015-08-03,26.690000,18.231523
2015-08-04,26.660000,18.211030
2015-08-05,26.770000,18.286169
2015-08-06,26.730000,18.258846
2015-08-07,26.980000,18.429617
2015-08-10,26.890000,18.368140
2015-08-11,26.900000,18.374970
2015-08-12,27.180000,18.566234
2015-08-13,26.730000,18.258846
2015-08-14,26.950000,18.409125
2015-08-17,27.230000,18.600388
2015-08-18,26.690000,18.231523
2015-08-19,26.710000,18.245184
2015-08-20,26.670000,18.217861
2015-08-21,27.190000,18.573065
2015-08-24,26.600000,18.170045
2015-08-25,26.330000,17.985612
2015-08-26,26.700000,18.238354
2015-08-27,27.090000,18.504756
2015-08-28,26.830000,18.327155
2015-08-31,26.670000,18.217861
2015-09-01,26.690000,18.231523
2015-09-02,26.830000,18.327155
2015-09-03,26.670000,18.217861
2015-09-04,26.650000,18.204199
2015-09-08,27.020000,18.456941
2015-09-09,26.760000,18.279339
2015-09-10,26.710000,18.245184
2015-09-11,26.570000,18.149553
2015-09-14,26.640000,18.197368
2015-09-15,27.210000,18.586727
2015-09-16,27.100000,18.511587
2015-09-17,27.090000,18.504756
2015-09-18,26.730000,18.258846
2015-09-21,26.870000,18.354478
2015-09-22,26.730000,18.258846
2015-09-23,26.940000,18.402294
2015-09-24,27.250000,18.614050
2015-09-25,26.600000,18.170045
2015-09-28,26.510000,18.108568
2015-09-29,26.580000,18.156383
2015-09-30,26.930000,18.395463
2015-10-01,26.730000,18.258846
2015-10-02,26.130000,17.848995
2015-10-05,26.370000,18.012936
2015-10-06,26.210000,17.903642
2015-10-07,26.400000,18.033428
2015-10-08,26.400000,18.033428
2015-10-09,26.360000,18.006105
2015-10-12,26.660000,18.211030
2015-10-13,26.670000,18.217861
2015-10-14,26.430000,18.053921
2015-10-15,26.370000,18.150282
2015-10-16,26.320000,18.115867
2015-10-19,26.820000,18.460014
2015-10-20,26.640000,18.336121
2015-10-21,26.350000,18.136516
2015-10-22,26.670000,18.356770
2015-10-23,26.970000,18.563257
2015-10-26,27.130000,18.673384
2015-10-27,26.510000,18.246643
2015-10-28,26.930000,18.535726
2015-10-29,26.450000,18.205345
2015-10-30,26.060000,17.936911
2015-11-02,27.340000,18.817926
2015-11-03,28.170000,19.389209
2015-11-04,28.210000,19.416741
2015-11-05,28.550000,19.650760
2015-11-06,29.070000,20.008672
2015-11-09,28.830000,19.843482
2015-11-10,28.930000,19.912311
2015-11-11,28.950000,19.926077
2015-11-12,29.130000,20.049970
2015-11-13,29.200000,20.098150
2015-11-16,29.500000,20.304638
2015-11-17,29.570000,20.352819
2015-11-18,29.870000,20.559307
2015-11-19,29.880000,20.566190
2015-11-20,30.030000,20.669433
2015-11-23,29.930000,20.600604
2015-11-24,29.730000,20.462946
2015-11-25,29.590000,20.366585
2015-11-27,29.970000,20.628136
2015-11-30,29.960000,20.621253
2015-12-01,29.970000,20.628136
2015-12-02,29.980000,20.635019
2015-12-03,29.550000,20.339053
2015-12-04,30.210000,20.793326
2015-12-07,30.230000,20.807092
2015-12-08,29.980000,20.635019
2015-12-09,29.510000,20.311521
2015-12-10,29.520000,20.318404
2015-12-11,29.450000,20.270224
2015-12-14,29.500000,20.304638
2015-12-15,29.230000,20.118799
2015-12-16,29.290000,20.160097
2015-12-17,29.250000,20.132565
2015-12-18,29.290000,20.160097
2015-12-21,29.470000,20.283990
2015-12-22,30.030000,20.669433
2015-12-23,30.160000,20.758912
2015-12-24,29.990000,20.641902
2015-12-28,29.640000,20.400999
2015-12-29,29.930000,20.600604
2015-12-30,29.970000,20.628136
2015-12-31,29.390000,20.228926
2016-01-04,28.870000,19.871014
2016-01-05,28.670000,19.733355
2016-01-06,28.610000,19.692058
2016-01-07,28.200000,19.409858
2016-01-08,28.200000,19.409858
2016-01-11,28.060000,19.313497
2016-01-12,27.730000,19.086360
2016-01-13,27.000000,18.718915
2016-01-14,26.960000,18.691183
2016-01-15,26.690000,18.503994
2016-01-19,26.270000,18.212811
2016-01-20,26.500000,18.372268
2016-01-21,26.370000,18.282140
2016-01-22,26.480000,18.358402
2016-01-25,26.130000,18.115750
2016-01-26,26.520000,18.386134
2016-01-27,26.450000,18.337603
2016-01-28,27.170000,18.836774
2016-01-29,27.980000,19.398342
2016-02-01,27.850000,19.308214
2016-02-02,27.270000,18.906104
2016-02-03,27.180000,18.843707
2016-02-04,26.670000,18.490128
2016-02-05,25.590000,17.741371
2016-02-08,25.230000,17.491786
2016-02-09,25.370000,17.588847
2016-02-10,25.090000,17.394725
2016-02-11,25.540000,17.706707
2016-02-12,26.070000,18.074152
2016-02-16,26.290000,18.226677
2016-02-17,25.980000,18.011756
2016-02-18,25.470000,17.658176
2016-02-19,25.750000,17.852298
2016-02-22,25.790000,17.880030
2016-02-23,25.410000,17.616579
2016-02-24,25.880000,17.942426
2016-02-25,25.940000,17.984024
2016-02-26,25.990000,18.018689
2016-02-29,25.870000,17.935493
2016-03-01,26.170000,18.143481
2016-03-02,26.590000,18.434664
2016-03-03,27.130000,18.809043
2016-03-04,26.670000,18.490128
2016-03-07,26.940000,18.677317
2016-03-08,26.990000,18.711982
2016-03-09,27.120000,18.802110
2016-03-10,27.040000,18.746646
2016-03-11,27.290000,18.919970
2016-03-14,27.180000,18.843707
2016-03-15,27.030000,18.739713
2016-03-16,26.840000,18.607988
2016-03-17,27.200000,18.857573
2016-03-18,28.030000,19.433007
2016-03-21,28.190000,19.543933
2016-03-22,27.850000,19.308214
2016-03-23,27.570000,19.114092
2016-03-24,27.630000,19.155689
2016-03-28,27.630000,19.155689
2016-03-29,28.140000,19.509269
2016-03-30,28.150000,19.516202
2016-03-31,28.000000,19.412208
2016-04-01,27.760000,19.245817
2016-04-04,27.770000,19.252750
2016-04-05,27.330000,18.947701
2016-04-06,27.730000,19.225019
2016-04-07,27.520000,19.079427
2016-04-08,27.710000,19.211153
2016-04-11,27.980000,19.398342
2016-04-12,28.460000,19.731123
2016-04-13,28.790000,20.101168
2016-04-14,28.810000,20.115132
2016-04-15,29.000000,20.247790
2016-04-18,28.990000,20.240808
2016-04-19,28.980000,20.233826
2016-04-20,28.930000,20.198916
2016-04-21,28.760000,20.080222
2016-04-22,29.130000,20.338556
2016-04-25,28.890000,20.170988
2016-04-26,29.000000,20.247790
2016-04-27,29.070000,20.296664
2016-04-28,28.870000,20.157024
2016-04-29,29.010000,20.254772
2016-05-02,28.990000,20.240808
2016-05-03,28.610000,19.975492
2016-05-04,28.130000,19.640357
2016-05-05,27.950000,19.514681
2016-05-06,27.820000,19.423915
2016-05-09,28.020000,19.563555
2016-05-10,28.200000,19.689231
2016-05-11,27.930000,19.500717
2016-05-12,27.690000,19.333149
2016-05-13,27.430000,19.151617
2016-05-16,28.180000,19.675267
2016-05-17,27.530000,19.221437
2016-05-18,28.670000,20.017384
2016-05-19,28.590000,19.961529
2016-05-20,28.410000,19.835853
2016-05-23,28.410000,19.835853
2016-05-24,28.650000,20.003420
2016-05-25,28.540000,19.926619
2016-05-26,28.640000,19.996438
2016-05-27,28.670000,20.017384
2016-05-31,28.680000,20.024366
2016-06-01,28.660000,20.010402
2016-06-02,29.170000,20.366484
2016-06-03,29.090000,20.310628
2016-06-06,28.950000,20.212880
2016-06-07,28.970000,20.226844
2016-06-08,29.050000,20.282700
2016-06-09,29.150000,20.352520
2016-06-10,29.120000,20.331574
2016-06-13,28.630000,19.989456
2016-06-14,28.610000,19.975492
2016-06-15,28.410000,19.835853
2016-06-16,28.650000,20.003420
2016-06-17,28.350000,19.793961
2016-06-20,28.330000,19.779997
2016-06-21,28.470000,19.877745
2016-06-22,27.670000,19.319185
2016-06-23,28.100000,19.619411
2016-06-24,26.970000,18.830445
2016-06-27,27.180000,18.977067
2016-06-28,27.570000,19.249365
2016-06-29,27.850000,19.444861
2016-06-30,28.000000,19.549591
2016-07-01,27.970000,19.528645
2016-07-05,27.910000,19.486753
2016-07-06,28.010000,19.556573
2016-07-07,27.960000,19.521663
2016-07-08,28.500000,19.898691
2016-07-11,29.020000,20.261754
2016-07-12,29.480000,20.582926
2016-07-13,29.620000,20.821936
2016-07-14,29.670000,20.857084
2016-07-15,29.870000,20.997678
2016-07-18,29.670000,20.857084
2016-07-19,29.670000,20.857084
2016-07-20,29.870000,20.997678
2016-07-21,29.690000,20.871143
2016-07-22,29.720000,20.892232
2016-07-25,29.650000,20.843025
2016-07-26,29.460000,20.709461
2016-07-27,29.100000,20.456392
2016-07-28,29.200000,20.526689
2016-07-29,28.990000,20.379065
2016-08-01,29.030000,20.407184
2016-08-02,28.940000,20.343917
2016-08-03,29.010000,20.393125
2016-08-04,29.230000,20.547778
2016-08-05,29.900000,21.018767
2016-08-08,30.090000,21.152331
2016-08-09,30.270000,21.278865
2016-08-10,30.330000,21.321043
2016-08-11,30.060000,21.131242
2016-08-12,29.930000,21.039856
2016-08-15,30.030000,21.110153
2016-08-16,30.360000,21.342133
2016-08-17,30.370000,21.349162
2016-08-18,30.360000,21.342133
2016-08-19,30.330000,21.321043
2016-08-22,30.340000,21.328073
2016-08-23,30.470000,21.419459
2016-08-24,30.310000,21.306984
2016-08-25,30.410000,21.377281
2016-08-26,30.470000,21.419459
2016-08-29,30.550000,21.475697
2016-08-30,30.600000,21.510845
2016-08-31,30.830000,21.672528
2016-09-01,30.800000,21.651439
2016-09-02,30.920000,21.735795
2016-09-06,31.680000,22.270051
2016-09-07,31.680000,22.270051
2016-09-08,32.320000,22.719951
2016-09-09,31.930000,22.445794
2016-09-12,32.300000,22.705892
2016-09-13,31.850000,22.389556
2016-09-14,31.750000,22.319259
2016-09-15,31.930000,22.445794
2016-09-16,31.080000,21.848270
2016-09-19,31.380000,22.059161
2016-09-20,31.680000,22.270051
2016-09-21,31.550000,22.178665
2016-09-22,32.130000,22.586387
2016-09-23,31.890000,22.417675
2016-09-26,31.300000,22.002923
2016-09-27,31.370000,22.052131
2016-09-28,31.610000,22.220843
2016-09-29,31.320000,22.016983
2016-09-30,31.830000,22.375497
2016-10-03,31.240000,21.960745
2016-10-04,30.320000,21.314014
2016-10-05,30.270000,21.278865
2016-10-06,30.020000,21.103123
2016-10-07,29.740000,20.906292
2016-10-10,29.790000,20.941440
2016-10-11,29.800000,20.948470
2016-10-12,30.170000,21.208568
2016-10-13,29.700000,21.017500
2016-10-14,30.040000,21.258105
2016-10-17,30.160000,21.343024
2016-10-18,30.190000,21.364254
2016-10-19,30.580000,21.640241
2016-10-20,30.790000,21.788850
2016-10-21,30.850000,21.831309
2016-10-24,31.000000,21.937458
2016-10-25,32.500000,22.998948
2016-10-26,33.180000,23.480157
2016-10-27,33.150000,23.458927
2016-10-28,33.130000,23.444774
2016-10-31,33.020000,23.366931
2016-11-01,32.990000,23.345701
2016-11-02,32.680000,23.126327
2016-11-03,32.930000,23.303242
2016-11-04,32.750000,23.175863
2016-11-07,33.500000,23.706608
2016-11-08,33.460000,23.678302
2016-11-09,34.800000,24.626566
2016-11-10,35.830000,25.355456
2016-11-11,36.970000,26.162188
2016-11-14,37.780000,26.735393
2016-11-15,37.480000,26.523095
2016-11-16,38.060000,26.933537
2016-11-17,38.050000,26.926461
2016-11-18,38.470000,27.223678
2016-11-21,38.250000,27.067993
2016-11-22,38.890000,27.520895
2016-11-23,39.000000,27.598738
2016-11-25,38.960000,27.570431
2016-11-28,38.500000,27.244908
2016-11-29,38.750000,27.421823
2016-11-30,38.950000,27.563355
2016-12-01,39.480000,27.938414
2016-12-02,39.300000,27.811036
2016-12-05,40.020000,28.320551
2016-12-06,40.930000,28.964521
2016-12-07,41.340000,29.254662
2016-12-08,42.390000,29.997705
2016-12-09,42.530000,30.096777
2016-12-12,42.120000,29.806637
2016-12-13,42.620000,30.160467
2016-12-14,42.570000,30.125084
2016-12-15,42.920000,30.372765
2016-12-16,42.720000,30.231233
2016-12-19,43.350000,30.677058
2016-12-20,44.150000,31.243186
2016-12-21,45.240000,32.014536
2016-12-22,44.770000,31.681936
2016-12-23,44.710000,31.639476
2016-12-27,44.730000,31.653629
2016-12-28,44.690000,31.625323
2016-12-29,44.490000,31.483791
2016-12-30,44.450000,31.455484
2017-01-03,43.990000,31.129961
2017-01-04,44.820000,31.717319
2017-01-05,43.780000,30.981352
2017-01-06,43.740000,30.953046
2017-01-09,43.200000,30.570909
2017-01-10,43.640000,30.882280
2017-01-11,44.370000,31.398872
2017-01-12,42.680000,30.360304
2017-01-13,43.410000,30.879588
2017-01-17,41.940000,29.833907
2017-01-18,42.460000,30.203808
2017-01-19,42.120000,29.961950
2017-01-20,42.390000,30.154014
2017-01-23,42.340000,30.118446
2017-01-24,43.040000,30.616390
2017-01-25,43.420000,30.886702
2017-01-26,43.610000,31.021857
2017-01-27,43.420000,30.886702
2017-01-30,42.090000,29.940610
2017-01-31,41.480000,29.506688
2017-02-01,41.480000,29.506688
2017-02-02,41.180000,29.293283
2017-02-03,41.880000,29.791227
2017-02-06,41.150000,29.271943
2017-02-07,40.820000,29.037198
2017-02-08,40.140000,28.553482
2017-02-09,40.310000,28.674411
2017-02-10,40.710000,28.958950
2017-02-13,40.820000,29.037198
2017-02-14,41.330000,29.399986
2017-02-15,41.700000,29.663184
2017-02-16,41.870000,29.784113
2017-02-17,42.070000,29.926383
2017-02-21,42.280000,30.075766
2017-02-22,42.310000,30.097106
2017-02-23,42.500000,30.232262
2017-02-24,42.450000,30.196695
2017-02-27,42.500000,30.232262
2017-02-28,42.460000,30.203808
2017-03-01,43.510000,30.950723
2017-03-02,42.730000,30.395872
2017-03-03,42.670000,30.353191
2017-03-06,42.140000,29.976177
2017-03-07,42.150000,29.983290
2017-03-08,41.980000,29.862361
2017-03-09,41.960000,29.848134
2017-03-10,42.060000,29.919269
2017-03-13,42.510000,30.239375
2017-03-14,43.090000,30.651957
2017-03-15,42.660000,30.346078
2017-03-16,43.110000,30.666184
2017-03-17,43.820000,31.171240
2017-03-20,43.070000,30.637730
2017-03-21,41.970000,29.855248
2017-03-22,41.090000,29.229262
2017-03-23,41.290000,29.371532
2017-03-24,41.660000,29.634730
2017-03-27,42.200000,30.018858
2017-03-28,42.710000,30.381645
2017-03-29,43.120000,30.673297
2017-03-30,44.520000,31.669184
2017-03-31,44.040000,31.327737
2017-04-03,43.060000,30.630616
2017-04-04,43.160000,30.701751
2017-04-05,41.800000,29.734319
2017-04-06,42.390000,30.154014
2017-04-07,42.310000,30.097106
2017-04-10,42.050000,29.912156
2017-04-11,42.820000,30.627415
2017-04-12,42.870000,30.663178
2017-04-13,41.100000,29.397169
2017-04-17,41.810000,29.905003
2017-04-18,41.740000,29.854935
2017-04-19,41.990000,30.033750
2017-04-20,43.000000,30.756162
2017-04-21,43.050000,30.791925
2017-04-24,44.090000,31.535795
2017-04-25,44.120000,31.557253
2017-04-26,44.060000,31.514337
2017-04-27,43.080000,30.813383
2017-04-28,42.750000,30.577347
2017-05-01,43.300000,30.970740
2017-05-02,43.270000,30.949282
2017-05-03,43.610000,31.192470
2017-05-04,43.780000,31.314064
2017-05-05,43.790000,31.321217
2017-05-08,44.010000,31.478574
2017-05-09,43.810000,31.335522
2017-05-10,43.450000,31.078029
2017-05-11,42.820000,30.627415
2017-05-12,41.480000,29.668967
2017-05-15,42.740000,30.570194
2017-05-16,42.680000,30.527279
2017-05-17,40.690000,29.103912
2017-05-18,41.020000,29.339948
2017-05-19,40.730000,29.132523
2017-05-22,40.810000,29.189743
2017-05-23,41.370000,29.590289
2017-05-24,41.020000,29.339948
2017-05-25,40.640000,29.068149
2017-05-26,40.820000,29.196896
2017-05-30,40.500000,28.968013
2017-05-31,40.200000,28.753435
2017-06-01,41.100000,29.397169
2017-06-02,41.330000,29.561678
2017-06-05,40.770000,29.161133
2017-06-06,40.580000,29.025234
2017-06-07,40.690000,29.103912
2017-06-08,41.710000,29.833477
2017-06-09,43.200000,30.899214
2017-06-12,42.730000,30.563042
2017-06-13,42.720000,30.555889
2017-06-14,42.670000,30.520126
2017-06-15,42.340000,30.284091
2017-06-16,42.310000,30.262633
2017-06-19,42.140000,30.141039
2017-06-20,40.980000,29.311338
2017-06-21,40.760000,29.153980
2017-06-22,40.420000,28.910792
2017-06-23,41.500000,29.683273
2017-06-26,42.000000,30.040902
2017-06-27,42.390000,30.319854
2017-06-28,43.330000,30.992198
2017-06-29,43.680000,31.242538
2017-06-30,42.910000,30.691789
2017-07-03,44.030000,31.492879
2017-07-05,43.640000,31.213928
2017-07-06,43.730000,31.278301
2017-07-07,44.400000,31.757525
2017-07-10,43.110000,30.834841
2017-07-11,42.510000,30.405685
2017-07-12,43.020000,30.770467
2017-07-13,42.910000,30.856760
2017-07-14,42.410000,30.497208
2017-07-17,42.000000,30.202375
2017-07-18,41.810000,30.065745
2017-07-19,41.720000,30.001026
2017-07-20,41.740000,30.015408
2017-07-21,41.550000,29.878778
2017-07-24,41.700000,29.986644
2017-07-25,42.500000,30.561927
2017-07-26,41.510000,29.850014
2017-07-27,41.960000,30.173611
2017-07-28,41.350000,29.734957
2017-07-31,42.000000,30.202375
2017-08-01,41.560000,29.885969
2017-08-02,41.190000,29.619900
2017-08-03,41.570000,29.893160
2017-08-04,41.340000,29.727766
2017-08-07,40.710000,29.274730
2017-08-08,40.880000,29.396978
2017-08-09,39.800000,28.620346
2017-08-10,39.340000,28.289558
2017-08-11,38.540000,27.714274
2017-08-14,40.590000,29.188438
2017-08-15,39.170000,28.167310
2017-08-16,39.470000,28.383041
2017-08-17,38.440000,27.642364
2017-08-18,39.090000,28.109782
2017-08-21,39.330000,28.282367
2017-08-22,38.860000,27.944388
2017-08-23,39.160000,28.160119
2017-08-24,39.170000,28.167310
2017-08-25,39.370000,28.311131
2017-08-28,39.120000,28.131355
2017-08-29,38.980000,28.030680
2017-08-30,39.260000,28.232029
2017-08-31,39.000000,28.045062
2017-09-01,39.190000,28.181692
2017-09-05,38.340000,27.570454
2017-09-06,38.360000,27.584836
2017-09-07,37.330000,26.844158
2017-09-08,38.290000,27.534498
2017-09-11,39.000000,28.045062
2017-09-12,39.570000,28.454952
2017-09-13,39.800000,28.620346
2017-09-14,39.290000,28.253603
2017-09-15,40.010000,28.771358
2017-09-18,40.750000,29.303495
2017-09-19,40.940000,29.440124
2017-09-20,41.540000,29.871587
2017-09-21,41.500000,29.842823
2017-09-22,42.300000,30.418106
2017-09-25,42.720000,30.720130
2017-09-26,42.820000,30.792040
2017-09-27,43.790000,31.489571
2017-09-28,44.200000,31.784404
2017-09-29,43.640000,31.381706
2017-10-02,44.040000,31.669347
2017-10-03,44.250000,31.820359
2017-10-04,43.520000,31.295413
2017-10-05,44.150000,31.748449
2017-10-06,44.000000,31.640583
2017-10-09,43.520000,31.295413
2017-10-10,43.860000,31.539909
2017-10-11,43.730000,31.446425
2017-10-12,43.350000,31.337989
2017-10-13,43.480000,31.431967
2017-10-16,43.690000,31.583777
2017-10-17,43.360000,31.345218
2017-10-18,44.170000,31.930772
2017-10-19,43.910000,31.742817
2017-10-20,44.500000,32.169331
2017-10-23,43.560000,31.489799
2017-10-24,44.100000,31.880169
2017-10-25,43.710000,31.598235
2017-10-26,44.190000,31.945230
2017-10-27,44.460000,32.140415
2017-10-30,43.070000,31.135575
2017-10-31,43.170000,31.207866
2017-11-01,42.000000,30.362066
2017-11-02,43.000000,31.084972
2017-11-03,43.150000,31.193408
2017-11-06,42.810000,30.947620
2017-11-07,41.810000,30.224713
2017-11-08,41.700000,30.145194
2017-11-09,41.790000,30.210255
2017-11-10,41.740000,30.174110
2017-11-13,42.060000,30.405440
2017-11-14,42.810000,30.947620
2017-11-15,42.440000,30.680144
2017-11-16,42.770000,30.918703
2017-11-17,42.720000,30.882558
2017-11-20,43.410000,31.381363
2017-11-21,43.900000,31.735588
2017-11-22,43.620000,31.533174
2017-11-24,43.030000,31.106659
2017-11-27,43.770000,31.641610
2017-11-28,45.750000,33.072964
2017-11-29,47.000000,33.976597
2017-11-30,45.690000,33.029590
2017-12-01,45.480000,32.877780
2017-12-04,45.710000,33.044048
2017-12-05,44.620000,32.256080
2017-12-06,44.440000,32.125957
2017-12-07,44.260000,31.995834
2017-12-08,43.600000,31.518716
2017-12-11,43.210000,31.236782
2017-12-12,43.710000,31.598235
2017-12-13,43.490000,31.439196
2017-12-14,42.430000,30.672915
2017-12-15,43.510000,31.453654
2017-12-18,43.960000,31.778962
2017-12-19,43.350000,31.337989
2017-12-20,43.050000,31.121117
2017-12-21,43.400000,31.374134
2017-12-22,43.070000,31.135575
2017-12-26,42.630000,30.817497
2017-12-27,42.220000,30.521105
2017-12-28,42.590000,30.788580
2017-12-29,42.130000,30.456043
2018-01-02,42.390000,30.643999
2018-01-03,42.170000,30.484960
2018-01-04,42.020000,30.376524
2018-01-05,42.960000,31.056056
2018-01-08,42.540000,30.752435
2018-01-09,43.580000,31.504258
2018-01-10,43.400000,31.374134
2018-01-11,43.520000,31.643159
2018-01-12,43.620000,31.715869
2018-01-16,42.900000,31.192361
2018-01-17,43.070000,31.315967
2018-01-18,42.360000,30.799730
2018-01-19,43.410000,31.563179
2018-01-22,43.410000,31.563179
2018-01-23,43.230000,31.432302
2018-01-24,42.720000,31.061484
2018-01-25,42.670000,31.025129
2018-01-26,42.270000,30.734291
2018-01-29,42.310000,30.763375
2018-01-30,43.020000,31.279612
2018-01-31,42.460000,30.872439
2018-02-01,42.520000,30.916065
2018-02-02,42.920000,31.206903
2018-02-05,42.140000,30.639769
2018-02-06,42.330000,30.777917
2018-02-07,42.650000,31.010587
2018-02-08,41.910000,30.472537
2018-02-09,42.760000,31.090568
2018-02-12,42.350000,30.792459
2018-02-13,42.440000,30.857897
2018-02-14,42.820000,31.134193
2018-02-15,42.940000,31.221445
2018-02-16,43.090000,31.330509
2018-02-20,42.550000,30.937878
2018-02-21,43.110000,31.345051
2018-02-22,42.510000,30.908794
2018-02-23,43.050000,31.301425
2018-02-26,43.140000,31.366863
2018-02-27,42.650000,31.010587
2018-02-28,42.220000,30.697936
2018-03-01,42.390000,30.821542
2018-03-02,43.140000,31.366863
2018-03-05,43.250000,31.446844
2018-03-06,43.740000,31.803120
2018-03-07,44.580000,32.413880
2018-03-08,43.980000,31.977623
2018-03-09,45.420000,33.024639
2018-03-12,45.290000,32.930117
2018-03-13,45.030000,32.741072
2018-03-14,44.720000,32.515673
2018-03-15,45.230000,32.886491
2018-03-16,45.740000,33.257310
2018-03-19,45.660000,33.199142
2018-03-20,44.900000,32.646550
2018-03-21,45.320000,32.951930
2018-03-22,44.250000,32.173939
2018-03-23,42.980000,31.250528
2018-03-26,44.260000,32.181209
2018-03-27,43.700000,31.774036
2018-03-28,44.560000,32.399338
2018-03-29,44.500000,32.355712
2018-04-02,43.540000,31.657701
2018-04-03,44.050000,32.028520
2018-04-04,44.500000,32.355712
2018-04-05,45.040000,32.748343
2018-04-06,43.890000,31.912184
2018-04-09,43.650000,31.737682
2018-04-10,44.780000,32.559299
2018-04-11,44.280000,32.195751
2018-04-12,44.690000,32.678359
2018-04-13,44.040000,32.203064
2018-04-16,44.470000,32.517490
2018-04-17,44.650000,32.649110
2018-04-18,44.000000,32.173815
2018-04-19,44.430000,32.488241
2018-04-20,44.960000,32.875789
2018-04-23,44.680000,32.671046
2018-04-24,44.560000,32.583300
2018-04-25,44.800000,32.758793
2018-04-26,45.180000,33.036658
2018-04-27,45.560000,33.314523
2018-04-30,44.310000,32.400494
2018-05-01,44.590000,32.605236
2018-05-02,44.330000,32.415118
2018-05-03,43.710000,31.961760
2018-05-04,44.300000,32.393182
2018-05-07,44.140000,32.276186
2018-05-08,44.560000,32.583300
2018-05-09,44.790000,32.751481
2018-05-10,44.770000,32.736856
2018-05-11,44.650000,32.649110
2018-05-14,43.860000,32.071443
2018-05-15,44.360000,32.437055
2018-05-16,44.830000,32.780730
2018-05-17,45.400000,33.197527
2018-05-18,45.380000,33.182903
2018-05-21,45.670000,33.394957
2018-05-22,45.560000,33.314523
2018-05-23,45.610000,33.351084
2018-05-24,45.370000,33.175590
2018-05-25,45.610000,33.351084
2018-05-29,45.090000,32.970848
2018-05-30,46.020000,33.650885
2018-05-31,45.720000,33.431518
2018-06-01,46.610000,34.082307
2018-06-04,46.730000,34.170054
2018-06-05,47.000000,34.367484
2018-06-06,46.730000,34.170054
2018-06-07,46.580000,34.060370
2018-06-08,46.560000,34.045746
2018-06-11,45.740000,33.446143
2018-06-12,45.060000,32.948911
2018-06-13,45.150000,33.014721
2018-06-14,45.720000,33.431518
2018-06-15,46.110000,33.716695
2018-06-18,46.300000,33.855628
2018-06-19,47.240000,34.542977
2018-06-20,47.300000,34.586851
2018-06-21,47.430000,34.681910
2018-06-22,47.220000,34.528353
2018-06-25,46.730000,34.170054
2018-06-26,46.900000,34.294362
2018-06-27,46.040000,33.665510
2018-06-28,46.140000,33.738632
2018-06-29,45.710000,33.424206
2018-07-02,46.410000,33.936062
2018-07-03,46.580000,34.060370
2018-07-05,46.960000,34.338235
2018-07-06,47.050000,34.404045
2018-07-09,46.930000,34.316298
2018-07-10,45.990000,33.628949
2018-07-11,45.870000,33.541202
2018-07-12,45.070000,33.173183
2018-07-13,45.120000,33.209985
2018-07-16,45.660000,33.607445
2018-07-17,45.550000,33.526481
2018-07-18,45.510000,33.497040
2018-07-19,45.840000,33.739932
2018-07-20,46.260000,34.049067
2018-07-23,46.660000,34.343482
2018-07-24,46.170000,33.982824
2018-07-25,45.700000,33.636887
2018-07-26,46.010000,33.865058
2018-07-27,45.700000,33.636887
2018-07-30,44.550000,32.790444
2018-07-31,46.100000,33.931301
2018-08-01,44.380000,32.665318
2018-08-02,44.650000,32.864048
2018-08-03,44.020000,32.400345
2018-08-06,43.760000,32.208975
2018-08-07,43.970000,32.363543
2018-08-08,44.530000,32.775723
2018-08-09,44.900000,33.048057
2018-08-10,45.120000,33.209985
2018-08-13,44.900000,33.048057
2018-08-14,45.600000,33.563283
2018-08-15,45.030000,33.143742
2018-08-16,45.590000,33.555923
2018-08-17,45.170000,33.246787
2018-08-20,45.860000,33.754653
2018-08-21,46.080000,33.916581
2018-08-22,46.610000,34.306680
2018-08-23,46.410000,34.159473
2018-08-24,45.980000,33.842977
2018-08-27,45.690000,33.629526
2018-08-28,45.440000,33.445517
2018-08-29,45.840000,33.739932
2018-08-30,45.490000,33.482319
2018-08-31,45.740000,33.666328
2018-09-04,45.930000,33.806175
2018-09-05,45.670000,33.614806
2018-09-06,45.610000,33.570643
2018-09-07,45.860000,33.754653
2018-09-10,45.540000,33.519121
2018-09-11,45.000000,33.121661
2018-09-12,44.450000,32.716840
2018-09-13,44.100000,32.459228
2018-09-14,44.480000,32.738922
2018-09-17,44.090000,32.451867
2018-09-18,43.500000,32.017605
2018-09-19,43.790000,32.231056
2018-09-20,44.330000,32.628516
2018-09-21,44.470000,32.731561
2018-09-24,43.440000,31.973443
2018-09-25,43.340000,31.899840
2018-09-26,42.580000,31.340451
2018-09-27,43.010000,31.656947
2018-09-28,43.440000,31.973443
2018-10-01,42.870000,31.553902
2018-10-02,42.110000,30.994514
2018-10-03,42.720000,31.443497
2018-10-04,42.900000,31.575983
2018-10-05,42.650000,31.391974
2018-10-08,43.090000,31.715830
2018-10-09,43.230000,31.818875
2018-10-10,42.950000,31.612785
2018-10-11,42.050000,30.950352
2018-10-12,42.140000,31.239469
2018-10-15,42.070000,31.187576
2018-10-16,42.350000,31.395147
2018-10-17,42.330000,31.380321
2018-10-18,42.420000,31.447040
2018-10-19,41.920000,31.076377
2018-10-22,41.370000,30.668648
2018-10-23,40.320000,29.890256
2018-10-24,39.220000,29.074798
2018-10-25,39.870000,29.556659
2018-10-26,39.300000,29.134104
2018-10-29,40.990000,30.386944
2018-10-30,42.190000,31.276535
2018-10-31,40.550000,30.060761
2018-11-01,40.960000,30.364705
2018-11-02,41.110000,30.475903
2018-11-05,40.860000,30.290572
2018-11-06,41.440000,30.720541
2018-11-07,41.390000,30.683475
2018-11-08,41.620000,30.853980
2018-11-09,41.470000,30.742781
2018-11-12,41.630000,30.861393
2018-11-13,41.860000,31.031898
2018-11-14,41.400000,30.690888
2018-11-15,42.610000,31.587892
2018-11-16,42.360000,31.402561
2018-11-19,42.350000,31.395147
2018-11-20,41.110000,30.475903
2018-11-21,41.370000,30.668648
2018-11-23,41.840000,31.017071
2018-11-26,41.530000,30.787260
2018-11-27,40.850000,30.283159
2018-11-28,40.930000,30.342465
2018-11-29,41.310000,30.624169
2018-11-30,41.350000,30.653822
2018-12-03,41.270000,30.594516
2018-12-04,38.790000,28.756028
2018-12-06,38.970000,28.889466
2018-12-07,37.050000,27.466121
2018-12-10,36.330000,26.932366
2018-12-11,36.750000,27.243723
2018-12-12,37.600000,27.873850
2018-12-13,37.040000,27.458707
2018-12-14,36.640000,27.162177
2018-12-17,36.250000,26.873060
2018-12-18,36.470000,27.036152
2018-12-19,35.100000,26.020535
2018-12-20,35.190000,26.087255
2018-12-21,34.960000,25.916750
2018-12-24,34.050000,25.242143
2018-12-26,35.100000,26.020535
2018-12-27,34.720000,25.738832
2018-12-28,35.590000,26.383785
2018-12-31,35.970000,26.665489
2019-01-02,36.350000,26.947193
2019-01-03,35.940000,26.643249
2019-01-04,37.750000,27.985049
2019-01-07,37.930000,28.118487
2019-01-08,38.410000,28.474324
2019-01-09,39.000000,28.911706
2019-01-10,38.550000,28.578109
2019-01-11,38.030000,28.192620
2019-01-14,37.410000,27.953509
2019-01-15,37.640000,28.125370
2019-01-16,38.360000,28.663369
2019-01-17,39.030000,29.164006
2019-01-18,39.650000,29.627283
2019-01-22,40.170000,30.015837
2019-01-23,39.910000,29.821560
2019-01-24,39.810000,29.746838
2019-01-25,40.010000,29.896282
2019-01-28,39.220000,29.305978
2019-01-29,40.030000,29.911227
2019-01-30,40.030000,29.911227
2019-01-31,40.520000,30.277364
2019-02-01,40.820000,30.501531
2019-02-04,41.510000,31.017112
2019-02-05,41.680000,31.144140
2019-02-06,42.160000,31.502806
2019-02-07,42.380000,31.667194
2019-02-08,42.330000,31.629833
2019-02-11,43.070000,32.182776
2019-02-12,43.190000,32.272443
2019-02-13,43.750000,32.690886
2019-02-14,43.460000,32.474192
2019-02-15,44.350000,33.139218
2019-02-19,45.340000,33.878966
2019-02-20,45.520000,34.013466
2019-02-21,45.440000,33.953688
2019-02-22,45.720000,34.162910
2019-02-25,45.710000,34.155438
2019-02-26,44.990000,33.617439
2019-02-27,44.830000,33.497884
2019-02-28,44.850000,33.512828
2019-03-01,45.110000,33.707105
2019-03-04,45.100000,33.699633
2019-03-05,44.810000,33.482939
2019-03-06,44.100000,32.952413
2019-03-07,43.060000,32.175304
2019-03-08,43.290000,32.347165
2019-03-11,43.960000,32.847802
2019-03-12,43.640000,32.608692
2019-03-13,43.770000,32.705830
2019-03-14,43.640000,32.608692
2019-03-15,43.260000,32.324748
2019-03-18,43.850000,32.765608
2019-03-19,42.410000,31.689611
2019-03-20,42.310000,31.614889
2019-03-21,41.400000,30.934918
2019-03-22,39.100000,29.216312
2019-03-25,40.340000,30.142865
2019-03-26,41.800000,31.233806
2019-03-27,41.840000,31.263695
2019-03-28,42.450000,31.719500
2019-03-29,41.720000,31.174029
2019-04-01,42.640000,31.861471
2019-04-02,42.640000,31.861471
2019-04-03,42.440000,31.712027
2019-04-04,42.860000,32.025860
2019-04-05,43.130000,32.227609
2019-04-08,43.050000,32.167832
2019-04-09,42.180000,31.517750
2019-04-10,42.670000,31.883888
2019-04-11,42.740000,31.936193
2019-04-12,42.840000,32.237194
2019-04-15,42.470000,31.958768
2019-04-16,42.720000,32.146894
2019-04-17,42.980000,32.342545
2019-04-18,42.650000,32.094219
2019-04-22,41.790000,31.447067
2019-04-23,42.520000,31.996394
2019-04-24,43.090000,32.425320
2019-04-25,42.710000,32.139369
2019-04-26,42.970000,32.335020
2019-04-29,43.920000,33.049897
2019-04-30,43.980000,33.095047
2019-05-01,44.700000,33.636848
2019-05-02,45.350000,34.125975
2019-05-03,46.440000,34.946202
2019-05-06,46.950000,35.329978
2019-05-07,45.940000,34.569951
2019-05-08,45.610000,34.321625
2019-05-09,45.730000,34.411926
2019-05-10,45.750000,34.426976
2019-05-13,44.130000,33.207922
2019-05-14,44.910000,33.794874
2019-05-15,43.950000,33.072472
2019-05-16,44.420000,33.426148
2019-05-17,43.820000,32.974646
2019-05-20,43.890000,33.027322
2019-05-21,44.290000,33.328322
2019-05-22,44.270000,33.313272
2019-05-23,43.320000,32.598395
2019-05-24,43.670000,32.861771
2019-05-28,43.280000,32.568295
2019-05-29,43.050000,32.395220
2019-05-30,42.210000,31.763118
2019-05-31,42.350000,31.868468
2019-06-03,42.400000,31.906093
2019-06-04,43.490000,32.726321
2019-06-05,42.780000,32.192044
2019-06-06,42.700000,32.131844
2019-06-07,42.580000,32.041544
2019-06-10,43.260000,32.553245
2019-06-11,43.360000,32.628495
2019-06-12,43.220000,32.523145
2019-06-13,43.920000,33.049897
2019-06-14,44.340000,33.365948
2019-06-17,44.230000,33.283172
2019-06-18,44.930000,33.809924
2019-06-19,44.670000,33.614273
2019-06-20,44.260000,33.305747
2019-06-21,43.800000,32.959596
2019-06-24,43.710000,32.891871
2019-06-25,43.910000,33.042372
2019-06-26,44.180000,33.245547
2019-06-27,45.080000,33.922799
2019-06-28,45.870000,34.517276
2019-07-01,45.570000,34.291525
2019-07-02,44.870000,33.764774
2019-07-03,44.710000,33.644373
2019-07-05,45.300000,34.088350
2019-07-08,44.820000,33.727149
2019-07-09,44.990000,33.855074
2019-07-10,44.340000,33.365948
2019-07-11,44.600000,33.561598
2019-07-12,44.630000,33.811606
2019-07-15,44.130000,33.432806
2019-07-16,44.150000,33.447958
2019-07-17,43.860000,33.228255
2019-07-18,44.040000,33.364623
2019-07-19,43.860000,33.228255
2019-07-22,43.190000,32.720664
2019-07-23,43.230000,32.750968
2019-07-24,44.300000,33.561598
2019-07-25,44.200000,33.485838
2019-07-26,44.890000,34.008581
2019-07-29,44.660000,33.834333
2019-07-30,44.640000,33.819182
2019-07-31,44.710000,33.872213
2019-08-01,43.760000,33.152495
2019-08-02,43.180000,32.713088
2019-08-05,42.140000,31.925186
2019-08-06,42.490000,32.190345
2019-08-07,42.130000,31.917610
2019-08-08,42.830000,32.447929
2019-08-09,42.800000,32.425201
2019-08-12,42.760000,32.394897
2019-08-13,43.500000,32.955520
2019-08-14,41.720000,31.606995
2019-08-15,41.610000,31.523659
2019-08-16,42.410000,32.129738
2019-08-19,42.690000,32.341865
2019-08-20,42.020000,31.834274
2019-08-21,41.870000,31.720635
2019-08-22,41.910000,31.750939
2019-08-23,40.400000,30.606965
2019-08-26,41.330000,31.311532
2019-08-27,40.630000,30.781213
2019-08-28,41.220000,31.228196
2019-08-29,41.590000,31.508507
2019-08-30,41.460000,31.410019
2019-09-03,40.880000,30.970612
2019-09-04,41.100000,31.137284
2019-09-05,41.930000,31.766091
2019-09-06,41.820000,31.682755
2019-09-09,43.070000,32.629752
2019-09-10,43.690000,33.099463
2019-09-11,44.360000,33.607054
2019-09-12,44.410000,33.644934
2019-09-13,45.510000,34.478292
2019-09-16,45.120000,34.182829
2019-09-17,44.870000,33.993429
2019-09-18,44.840000,33.970701
2019-09-19,44.370000,33.614630
2019-09-20,44.580000,33.773726
2019-09-23,44.280000,33.546446
2019-09-24,43.710000,33.114615
2019-09-25,44.420000,33.652510
2019-09-26,43.520000,32.970672
2019-09-27,43.640000,33.061583
2019-09-30,43.320000,32.819152
2019-10-01,42.460000,32.167618
2019-10-02,42.610000,32.281257
2019-10-03,42.290000,32.038826
2019-10-04,42.740000,32.379745
2019-10-07,42.650000,32.311561
2019-10-08,41.890000,31.735787
2019-10-09,42.080000,31.879730
2019-10-10,42.410000,32.129738
2019-10-11,42.440000,32.381526
2019-10-14,42.820000,32.671464
2019-10-15,43.060000,32.854583
2019-10-16,42.870000,32.709614
2019-10-17,42.870000,32.709614
2019-10-18,43.300000,33.037702
2019-10-21,43.950000,33.533649
2019-10-22,43.920000,33.510759
2019-10-23,43.940000,33.526019
2019-10-24,43.460000,33.159781
2019-10-25,43.730000,33.365790
2019-10-28,44.220000,33.739658
2019-10-29,44.480000,33.938037
2019-10-30,45.270000,34.540803
2019-10-31,44.310000,33.808328
2019-11-01,44.750000,34.144046
2019-11-04,45.140000,34.441614
2019-11-05,45.360000,34.609473
2019-11-06,45.020000,34.350054
2019-11-07,45.310000,34.571323
2019-11-08,44.790000,34.174565
2019-11-11,44.850000,34.220345
2019-11-12,44.870000,34.235605
2019-11-13,44.570000,34.006706
2019-11-14,44.460000,33.922777
2019-11-15,44.600000,34.029596
2019-11-18,44.390000,33.869367
2019-11-19,44.170000,33.701508
2019-11-20,43.500000,33.190301
2019-11-21,43.240000,32.991922
2019-11-22,43.100000,32.885103
2019-11-25,43.280000,33.022442
2019-11-26,43.050000,32.846953
2019-11-27,43.530000,33.213191
2019-11-29,43.440000,33.144522
2019-12-02,43.490000,33.182671
2019-12-03,43.210000,32.969033
2019-12-04,43.480000,33.175041
2019-12-05,43.420000,33.129262
2019-12-06,44.080000,33.632839
2019-12-09,43.810000,33.426830
2019-12-10,44.140000,33.678618
2019-12-11,44.210000,33.732028
2019-12-12,45.070000,34.388204
2019-12-13,44.710000,34.113526
2019-12-16,45.050000,34.372944
2019-12-17,45.600000,34.792592
2019-12-18,46.120000,35.189349
2019-12-19,46.330000,35.349578
2019-12-20,46.820000,35.723446
2019-12-23,46.270000,35.303799
2019-12-24,46.200000,35.250389
2019-12-26,46.150000,35.212239
2019-12-27,46.110000,35.181719
2019-12-30,46.250000,35.288539
2019-12-31,46.060000,35.143570
2020-01-02,46.050000,35.135940
2020-01-03,45.820000,34.960451
2020-01-06,45.650000,34.830741
2020-01-07,45.440000,34.670512
2020-01-08,46.000000,35.097790
2020-01-09,45.600000,34.792592
2020-01-10,45.620000,34.807852
2020-01-13,46.650000,35.593737
2020-01-14,46.210000,35.509209
2020-01-15,46.160000,35.470788
2020-01-16,46.690000,35.878056
2020-01-17,46.590000,35.801213
2020-01-21,46.280000,35.563000
2020-01-22,46.340000,35.609106
2020-01-23,46.310000,35.586053
2020-01-24,46.210000,35.509209
2020-01-27,46.070000,35.401629
2020-01-28,46.870000,36.016374
2020-01-29,47.150000,36.231535
2020-01-30,47.610000,36.585013
2020-01-31,47.260000,36.316062
2020-02-03,47.590000,36.569645
2020-02-04,47.810000,36.738700
2020-02-05,48.160000,37.007650
2020-02-06,47.740000,36.684909
2020-02-07,47.570000,36.554276
2020-02-10,47.280000,36.331431
2020-02-11,47.270000,36.323747
2020-02-12,47.370000,36.400590
2020-02-13,47.690000,36.646488
2020-02-14,47.050000,36.154692
2020-02-18,46.810000,35.970268
2020-02-19,47.180000,36.254588
2020-02-20,47.230000,36.293009
2020-02-21,47.130000,36.216166
2020-02-24,45.640000,35.071204
2020-02-25,44.570000,34.248982
2020-02-26,44.370000,34.095296
2020-02-27,42.940000,32.996439
2020-02-28,41.010000,31.513367
2020-03-02,43.370000,33.326865
2020-03-03,41.880000,32.181902
2020-03-04,42.000000,32.274114
2020-03-05,40.550000,31.159888
2020-03-06,39.310000,30.207034
2020-03-09,35.060000,26.941201
2020-03-10,35.490000,27.271626
2020-03-11,34.100000,26.203507
2020-03-12,30.870000,23.721474
2020-03-13,34.140000,26.234244
2020-03-16,30.450000,23.398732
2020-03-17,34.450000,26.472458
2020-03-18,30.520000,23.452523
2020-03-19,34.990000,26.887410
2020-03-20,32.930000,25.304442
2020-03-23,30.560000,23.483260
2020-03-24,30.130000,23.152834
2020-03-25,28.940000,22.238401
2020-03-26,32.000000,24.589801
2020-03-27,29.240000,22.468931
2020-03-30,30.000000,23.052938
2020-03-31,31.450000,24.167164
2020-04-01,29.270000,22.491984
2020-04-02,29.570000,22.722513
2020-04-03,28.300000,21.746605
2020-04-06,30.040000,23.083676
2020-04-07,29.800000,22.899252
2020-04-08,30.260000,23.252731
2020-04-09,32.780000,25.189177
2020-04-13,31.490000,24.197901
2020-04-14,29.860000,23.188361
2020-04-15,28.010000,21.751708
2020-04-16,26.930000,20.913013
2020-04-17,28.350000,22.015741
2020-04-20,27.710000,21.518737
2020-04-21,28.010000,21.751708
2020-04-22,27.910000,21.674051
2020-04-23,28.270000,21.953616
2020-04-24,28.590000,22.202118
2020-04-27,30.580000,23.747491
2020-04-28,32.020000,24.865751
2020-04-29,35.330000,27.436195
2020-04-30,32.750000,25.432646
2020-05-01,32.620000,25.331692
2020-05-04,31.810000,24.702671
2020-05-05,30.530000,23.708662
2020-05-06,29.710000,23.071875
2020-05-07,30.070000,23.351440
2020-05-08,31.350000,24.345449
2020-05-11,29.710000,23.071875
2020-05-12,28.130000,21.844896
2020-05-13,27.440000,21.309063
2020-05-14,27.580000,21.417783
2020-05-15,27.990000,21.736176
2020-05-18,30.450000,23.646537
2020-05-19,28.650000,22.248712
2020-05-20,30.970000,24.050353
2020-05-21,30.900000,23.995993
2020-05-22,31.030000,24.096947
2020-05-26,32.980000,25.611257
2020-05-27,35.790000,27.793417
2020-05-28,34.810000,27.032379
2020-05-29,33.540000,26.046136
2020-06-01,32.490000,25.230738
2020-06-02,32.350000,25.122019
2020-06-03,34.390000,26.706220
2020-06-04,34.770000,27.001316
2020-06-05,37.510000,29.129116
2020-06-08,38.420000,29.835795
2020-06-09,37.620000,29.214539
2020-06-10,35.590000,27.638103
2020-06-11,32.530000,25.261801
2020-06-12,33.620000,26.108262
2020-06-15,33.770000,26.224747
2020-06-16,35.030000,27.203224
2020-06-17,33.320000,25.875291
2020-06-18,33.440000,25.968479
2020-06-19,33.010000,25.634554
2020-06-22,33.480000,25.999542
2020-06-23,32.920000,25.564663
2020-06-24,32.010000,24.857985
2020-06-25,33.210000,25.789868
2020-06-26,32.370000,25.137550
2020-06-29,33.570000,26.069433
2020-06-30,34.540000,26.822705
2020-07-01,32.980000,25.611257
2020-07-02,33.970000,26.380061
2020-07-06,34.070000,26.457718
2020-07-07,32.580000,25.300629
2020-07-08,32.190000,24.997767
2020-07-09,31.550000,24.500763
2020-07-10,32.970000,25.603492
2020-07-13,33.930000,26.348998
2020-07-14,33.380000,26.176475
2020-07-15,35.170000,27.580186
2020-07-16,34.990000,27.439031
2020-07-17,33.810000,26.513679
2020-07-20,32.920000,25.815745
2020-07-21,34.770000,27.266508
2020-07-22,34.000000,26.662677
2020-07-23,34.260000,26.866568
2020-07-24,33.640000,26.380366
2020-07-27,32.900000,25.800061
2020-07-28,31.970000,25.070758
2020-07-29,32.530000,25.509908
2020-07-30,32.050000,25.133494
2020-07-31,31.690000,24.851183
2020-08-03,31.750000,24.898235
2020-08-04,31.510000,24.710028
2020-08-05,30.750000,24.114038
2020-08-06,31.710000,24.866867
2020-08-07,33.520000,26.286262
2020-08-10,33.930000,26.607783
2020-08-11,34.770000,27.266508
2020-08-12,35.170000,27.580186
2020-08-13,34.370000,26.952829
2020-08-14,34.500000,27.054775
2020-08-17,34.140000,26.772464
2020-08-18,33.000000,25.878480
2020-08-19,33.190000,26.027478
2020-08-20,32.660000,25.611854
2020-08-21,32.440000,25.439330
2020-08-24,33.400000,26.192159
2020-08-25,33.560000,26.317630
2020-08-26,32.490000,25.478540
2020-08-27,33.330000,26.137265
2020-08-28,33.370000,26.168633
2020-08-31,32.660000,25.611854
2020-09-01,32.550000,25.525592
2020-09-02,32.600000,25.564802
2020-09-03,32.660000,25.611854
2020-09-04,32.870000,25.776535
2020-09-08,31.370000,24.600240
2020-09-09,31.210000,24.474769
2020-09-10,30.560000,23.965041
2020-09-11,30.300000,23.761150
2020-09-14,31.190000,24.459085
2020-09-15,30.290000,23.753308
2020-09-16,30.520000,23.933673
2020-09-17,30.390000,23.831728
2020-09-18,30.770000,24.129722
2020-09-21,29.040000,22.773063
2020-09-22,28.940000,22.694643
2020-09-23,28.360000,22.239809
2020-09-24,29.210000,22.906376
2020-09-25,29.300000,22.976954
2020-09-28,30.210000,23.690572
2020-09-29,30.110000,23.612153
2020-09-30,30.230000,23.706256
2020-10-01,30.300000,23.761150
2020-10-02,31.050000,24.349297
2020-10-05,32.020000,25.109968
2020-10-06,31.890000,25.008022
2020-10-07,32.630000,25.588328
2020-10-08,33.040000,25.909848
2020-10-09,32.520000,25.502066
2020-10-12,32.720000,25.658905
2020-10-13,32.050000,25.133494
2020-10-14,30.990000,24.555075
2020-10-15,31.910000,25.284041
2020-10-16,32.040000,25.387047
2020-10-19,31.550000,24.998793
2020-10-20,32.050000,25.394971
2020-10-21,32.350000,25.632677
2020-10-22,33.480000,26.528038
2020-10-23,33.460000,26.512191
2020-10-26,32.960000,26.116014
2020-10-27,31.960000,25.323659
2020-10-28,31.090000,24.634310
2020-10-29,31.830000,25.220653
2020-10-30,31.970000,25.331582
2020-11-02,32.720000,25.925849
2020-11-03,33.720000,26.718203
2020-11-04,31.540000,24.990870
2020-11-05,32.800000,25.989237
2020-11-06,31.880000,25.260271
2020-11-09,35.490000,28.120671
2020-11-10,36.920000,29.253739
2020-11-11,35.920000,28.461384
2020-11-12,34.710000,27.502635
2020-11-13,35.400000,28.049359
2020-11-16,36.860000,29.206197
2020-11-17,36.760000,29.126962
2020-11-18,35.900000,28.445537
2020-11-19,36.080000,28.588161
2020-11-20,35.860000,28.413843
2020-11-23,36.110000,28.611931
2020-11-24,37.850000,29.990629
2020-11-25,36.810000,29.166580
2020-11-27,35.760000,28.334607
2020-11-30,34.350000,27.217387
2020-12-01,35.160000,27.859194
2020-12-02,35.800000,28.366301
2020-12-03,35.670000,28.263295
2020-12-04,36.660000,29.047726
2020-12-07,36.460000,28.889255
2020-12-08,36.540000,28.952644
2020-12-09,36.790000,29.150732
2020-12-10,36.590000,28.992262
2020-12-11,36.270000,28.738708
2020-12-14,36.010000,28.532696
2020-12-15,36.930000,29.261662
2020-12-16,36.880000,29.222044
2020-12-17,36.800000,29.158656
2020-12-18,35.480000,28.112748
2020-12-21,35.190000,27.882965
2020-12-22,34.770000,27.550176
2020-12-23,35.460000,28.096901
2020-12-24,35.320000,27.985971
2020-12-28,35.560000,28.176136
2020-12-29,34.980000,27.716570
2020-12-30,35.510000,28.136518
2020-12-31,35.780000,28.350454
2021-01-04,35.960000,28.493078
2021-01-05,36.220000,28.699090
2021-01-06,39.480000,31.282167
2021-01-07,38.870000,30.798830
2021-01-08,38.660000,30.632436
2021-01-11,38.390000,30.418500
2021-01-12,39.220000,31.076155
2021-01-13,38.700000,30.664130
2021-01-14,38.930000,31.111665
2021-01-15,38.530000,30.791997
2021-01-19,38.430000,30.712080
2021-01-20,37.980000,30.352454
2021-01-21,37.950000,30.328479
2021-01-22,38.340000,30.640155
2021-01-25,37.310000,29.817011
2021-01-26,37.540000,30.000820
2021-01-27,37.110000,29.657177
2021-01-28,38.360000,30.656138
2021-01-29,37.550000,30.008811
2021-02-01,37.760000,30.176637
2021-02-02,38.290000,30.600197
2021-02-03,38.600000,30.847939
2021-02-04,39.550000,31.607150
2021-02-05,39.140000,31.279491
2021-02-08,40.260000,32.174560
2021-02-09,40.680000,32.510211
2021-02-10,40.450000,32.326403
2021-02-11,39.650000,31.687067
2021-02-12,39.590000,31.639117
2021-02-16,39.670000,31.703050
2021-02-17,39.850000,31.846901
2021-02-18,39.350000,31.447316
2021-02-19,39.930000,31.910834
2021-02-22,40.950000,32.725987
2021-02-23,41.470000,33.141555
2021-02-24,42.350000,33.844824
2021-02-25,41.310000,33.013688
2021-02-26,40.530000,32.390336
2021-03-01,42.150000,33.684990
2021-03-02,41.710000,33.333356
2021-03-03,43.110000,34.452193
2021-03-04,43.080000,34.428218
2021-03-05,45.120000,36.058524
2021-03-08,47.490000,37.952555
2021-03-09,46.700000,37.321211
2021-03-10,48.190000,38.511974
2021-03-11,48.190000,38.511974
2021-03-12,49.190000,39.311143
2021-03-15,47.750000,38.160339
2021-03-16,47.400000,37.880630
2021-03-17,47.830000,38.224273
2021-03-18,47.990000,38.352140
2021-03-19,47.910000,38.288206
2021-03-22,46.850000,37.441087
2021-03-23,46.350000,37.041502
2021-03-24,46.200000,36.921627
2021-03-25,47.170000,37.696821
2021-03-26,48.600000,38.839633
2021-03-29,47.700000,38.120381
2021-03-30,47.630000,38.064439
2021-03-31,47.860000,38.248248
2021-04-01,48.030000,38.384107
2021-04-05,48.580000,38.823650
2021-04-06,47.970000,38.336156
2021-04-07,47.400000,37.880630
2021-04-08,47.740000,38.152347
2021-04-09,47.830000,38.224273
2021-04-12,48.310000,38.607874
2021-04-13,47.430000,37.904605
2021-04-14,47.560000,38.299193
2021-04-15,47.450000,38.210612
2021-04-16,48.020000,38.669622
2021-04-19,47.360000,38.138137
2021-04-20,46.040000,37.075165
2021-04-21,46.990000,37.840182
2021-04-22,46.200000,37.204010
2021-04-23,47.570000,38.307246
2021-04-26,47.050000,37.888499
2021-04-27,46.950000,37.807971
2021-04-28,47.090000,37.920711
2021-04-29,47.480000,38.234770
2021-04-30,47.720000,38.428038
2021-05-03,48.100000,38.734045
2021-05-04,48.060000,38.701834
2021-05-05,47.570000,38.307246
2021-05-06,47.530000,38.275034
2021-05-07,47.610000,38.339457
2021-05-10,46.830000,37.711337
2021-05-11,46.400000,37.365066
2021-05-12,46.020000,37.059059
2021-05-13,47.900000,38.572989
2021-05-14,48.000000,38.653517
2021-05-17,47.810000,38.500513
2021-05-18,47.040000,37.880447
2021-05-19,46.910000,37.775760
2021-05-20,46.940000,37.799918
2021-05-21,47.960000,38.621306
2021-05-24,47.850000,38.532725
2021-05-25,46.250000,37.244274
2021-05-26,46.910000,37.775760
2021-05-27,47.320000,38.105925
2021-05-28,47.620000,38.347510
2021-06-01,47.980000,38.637411
2021-06-02,47.430000,38.194506
2021-06-03,47.790000,38.484408
2021-06-04,47.910000,38.581042
2021-06-07,48.540000,39.088369
2021-06-08,48.450000,39.015894
2021-06-09,47.660000,38.379721
2021-06-10,46.940000,37.799918
2021-06-11,47.130000,37.952922
2021-06-14,47.180000,37.993186
2021-06-15,47.600000,38.331404
2021-06-16,48.140000,38.766256
2021-06-17,46.730000,37.630809
2021-06-18,46.260000,37.252327
2021-06-21,47.500000,38.250876
2021-06-22,47.460000,38.218665
2021-06-23,47.990000,38.645464
2021-06-24,48.660000,39.185003
2021-06-25,49.200000,39.619855
2021-06-28,48.300000,38.895101
2021-06-29,47.780000,38.476355
2021-06-30,47.760000,38.460249
2021-07-01,47.940000,38.605200
2021-07-02,47.290000,38.081767
2021-07-06,46.190000,37.195957
2021-07-07,46.050000,37.083218
2021-07-08,45.240000,36.430940
2021-07-09,46.450000,37.405330
2021-07-12,46.880000,37.751601
2021-07-13,46.320000,37.300644
2021-07-14,45.830000,37.195137
2021-07-15,46.220000,37.511657
2021-07-16,45.170000,36.659488
2021-07-19,44.200000,35.872247
2021-07-20,44.710000,36.286157
2021-07-21,45.320000,36.781227
2021-07-22,44.350000,35.993985
2021-07-23,44.590000,36.188766
2021-07-26,45.010000,36.529634
2021-07-27,44.430000,36.058912
2021-07-28,44.190000,35.864131
2021-07-29,45.020000,36.537750
2021-07-30,44.770000,36.334853
2021-08-02,44.280000,35.937174
2021-08-03,44.950000,36.480939
2021-08-04,44.000000,35.709929
2021-08-05,44.570000,36.172535
2021-08-06,45.770000,37.146442
2021-08-09,45.570000,36.984124
2021-08-10,46.140000,37.446730
2021-08-11,47.280000,38.371942
2021-08-12,47.400000,38.469332
2021-08-13,47.440000,38.501796
2021-08-16,46.930000,38.087885
2021-08-17,46.130000,37.438614
2021-08-18,45.880000,37.235717
2021-08-19,45.850000,37.211369
2021-08-20,46.710000,37.909336
2021-08-23,46.370000,37.633395
2021-08-24,46.590000,37.811945
2021-08-25,46.560000,37.787597
2021-08-26,45.920000,37.268180
2021-08-27,47.320000,38.404405
2021-08-30,46.320000,37.592816
2021-08-31,46.670000,37.876872
2021-09-01,46.880000,38.047306
2021-09-02,46.680000,37.884988
2021-09-03,46.760000,37.949915
2021-09-07,46.830000,38.006726
2021-09-08,46.410000,37.665859
2021-09-09,46.190000,37.487309
2021-09-10,45.500000,36.927313
2021-09-13,45.720000,37.105862
2021-09-14,44.960000,36.489054
2021-09-15,45.740000,37.122094
2021-09-16,45.570000,36.984124
2021-09-17,46.940000,38.096001
2021-09-20,45.390000,36.838038
2021-09-21,45.250000,36.724415
2021-09-22,45.920000,37.268180
2021-09-23,47.060000,38.193392
2021-09-24,47.320000,38.404405
2021-09-27,49.090000,39.840918
2021-09-28,47.990000,38.948170
2021-09-29,48.590000,39.435124
2021-09-30,47.900000,38.875127
2021-10-01,48.910000,39.694832
2021-10-04,48.360000,39.248458
2021-10-05,48.630000,39.467587
2021-10-06,48.610000,39.451355
2021-10-07,48.860000,39.654253
2021-10-08,49.110000,39.857150
2021-10-11,48.210000,39.126720
2021-10-12,48.370000,39.256574
2021-10-13,47.820000,38.810200
2021-10-14,48.410000,39.587058
2021-10-15,48.130000,39.358089
2021-10-18,48.150000,39.374444
2021-10-19,48.570000,39.717897
2021-10-20,49.190000,40.224899
2021-10-21,48.430000,39.603413
2021-10-22,48.450000,39.619768
2021-10-25,48.830000,39.930511
2021-10-26,47.330000,38.703893
2021-10-27,46.880000,38.335907
2021-10-28,47.680000,38.990104
2021-10-29,47.600000,38.924684
2021-11-01,48.640000,39.775139
2021-11-02,47.860000,39.137298
2021-11-03,49.370000,40.372094
2021-11-04,48.460000,39.627945
2021-11-05,50.170000,41.026290
2021-11-08,50.620000,41.394276
2021-11-09,50.450000,41.255259
2021-11-10,50.590000,41.369743
2021-11-11,50.830000,41.566002
2021-11-12,49.910000,40.813676
2021-11-15,49.830000,40.748257
2021-11-16,49.460000,40.445691
2021-11-17,48.460000,39.627945
2021-11-18,48.770000,39.881446
2021-11-19,47.990000,39.243605
2021-11-22,48.840000,39.938689
2021-11-23,49.190000,40.224899
2021-11-24,48.680000,39.807849
2021-11-26,46.470000,38.000632
2021-11-29,46.220000,37.796195
2021-11-30,45.820000,37.469097
2021-12-01,45.520000,37.223774
2021-12-02,46.850000,38.311375
2021-12-03,46.470000,38.000632
2021-12-06,47.120000,38.532166
2021-12-07,46.710000,38.196891
2021-12-08,46.510000,38.033342
2021-12-09,46.420000,37.959745
2021-12-10,46.180000,37.763486
2021-12-13,45.960000,37.583582
2021-12-14,45.960000,37.583582
2021-12-15,46.610000,38.115116
2021-12-16,46.650000,38.147826
2021-12-17,44.270000,36.201592
2021-12-20,45.470000,37.182886
2021-12-21,46.640000,38.139649
2021-12-22,48.000000,39.251782
2021-12-23,48.200000,39.415331
2021-12-27,48.540000,39.693365
2021-12-28,48.670000,39.799672
2021-12-29,48.890000,39.979576
2021-12-30,48.160000,39.382622
2021-12-31,48.160000,39.382622
2022-01-03,49.270000,40.290319
2022-01-04,49.750000,40.682837
2022-01-05,49.490000,40.470223
2022-01-06,50.700000,41.459695
2022-01-07,51.630000,42.220198
2022-01-10,51.170000,41.844036
2022-01-11,50.510000,41.304324
2022-01-12,50.430000,41.238904
2022-01-13,50.370000,41.519160
2022-01-14,50.820000,41.890088
2022-01-18,50.590000,41.700503
2022-01-19,50.080000,41.280118
2022-01-20,48.950000,40.348678
2022-01-21,49.400000,40.719605
2022-01-24,50.120000,41.313089
2022-01-25,51.100000,42.120887
2022-01-26,50.540000,41.659288
2022-01-27,50.210000,41.387275
2022-01-28,49.590000,40.876219
2022-01-31,49.660000,40.933919
2022-02-01,49.340000,40.670148
2022-02-02,49.320000,40.653663
2022-02-03,49.280000,40.620691
2022-02-04,49.530000,40.826762
2022-02-07,49.440000,40.752577
2022-02-08,49.650000,40.925676
2022-02-09,48.690000,40.134364
2022-02-10,48.710000,40.150850
2022-02-11,48.510000,39.985993
2022-02-14,48.120000,39.664522
2022-02-15,48.410000,39.903565
2022-02-16,48.230000,39.755194
2022-02-17,47.310000,38.996853
2022-02-18,47.660000,39.285352
2022-02-22,47.830000,39.425480
2022-02-23,47.260000,38.955639
2022-02-24,46.720000,38.510525
2022-02-25,48.170000,39.705737
2022-02-28,47.550000,39.194681
2022-03-01,48.000000,39.565608
2022-03-02,50.950000,41.997245
2022-03-03,50.870000,41.931302
2022-03-04,50.830000,41.898331
2022-03-07,50.570000,41.684017
2022-03-08,49.510000,40.810276
2022-03-09,49.500000,40.802034
2022-03-10,49.910000,41.139990
2022-03-11,50.900000,41.956031
2022-03-14,49.410000,40.727848
2022-03-15,49.660000,40.933919
2022-03-16,49.880000,41.115261
2022-03-17,49.180000,40.538263
2022-03-18,49.020000,40.406378
2022-03-21,48.870000,40.282735
2022-03-22,49.660000,40.933919
2022-03-23,48.410000,39.903565
2022-03-24,48.670000,40.117878
2022-03-25,49.270000,40.612448
2022-03-28,48.930000,40.332192
2022-03-29,48.910000,40.315706
2022-03-30,47.710000,39.326566
2022-03-31,47.040000,38.774296
2022-04-01,47.370000,39.046310
2022-04-04,46.850000,38.617682
2022-04-05,46.790000,38.568225
2022-04-06,46.970000,38.716596
2022-04-07,46.800000,38.576468
2022-04-08,46.700000,38.494040
2022-04-11,46.900000,38.658896
2022-04-12,46.980000,38.724839
2022-04-13,47.090000,39.148834
2022-04-14,47.020000,39.090638
2022-04-18,47.080000,39.140520
2022-04-19,47.460000,39.456438
2022-04-20,47.940000,39.855491
2022-04-21,47.550000,39.531260
2022-04-22,46.660000,38.791348
2022-04-25,46.580000,38.724839
2022-04-26,46.560000,38.708212
2022-04-27,45.310000,37.669010
2022-04-28,45.300000,37.660696
2022-04-29,44.750000,37.203447
2022-05-02,44.550000,37.037174
2022-05-03,44.430000,36.937411
2022-05-04,45.190000,37.569246
2022-05-05,44.650000,37.120311
2022-05-06,44.620000,37.095370
2022-05-09,44.770000,37.220074
2022-05-10,44.090000,36.654748
2022-05-11,43.530000,36.189185
2022-05-12,43.400000,36.081108
2022-05-13,42.380000,35.233119
2022-05-16,42.000000,34.917201
2022-05-17,42.760000,35.549037
2022-05-18,41.930000,34.859006
2022-05-19,42.240000,35.116728
2022-05-20,42.570000,35.391078
2022-05-23,42.970000,35.723623
2022-05-24,43.190000,35.906522
2022-05-25,43.130000,35.856640
2022-05-26,43.510000,36.172558
2022-05-27,43.990000,36.571612
2022-05-31,44.260000,36.796079
2022-06-01,44.240000,36.779452
2022-06-02,44.390000,36.904157
2022-06-03,43.620000,36.264008
2022-06-06,44.470000,36.970665
2022-06-07,45.240000,37.610814
2022-06-08,45.650000,37.951673
2022-06-09,45.170000,37.552619
2022-06-10,44.460000,36.962352
2022-06-13,44.110000,36.671375
2022-06-14,44.510000,37.003920
2022-06-15,45.080000,37.477796
2022-06-16,44.190000,36.737884
2022-06-17,44.450000,36.954038
2022-06-21,44.940000,37.361406
2022-06-22,45.120000,37.511051
2022-06-23,44.590000,37.070429
2022-06-24,44.130000,36.688002
2022-06-27,44.480000,36.978979
2022-06-28,43.860000,36.463535
2022-06-29,43.520000,36.180872
2022-06-30,44.050000,36.621493
2022-07-01,44.770000,37.220074
2022-07-05,44.860000,37.294897
2022-07-06,44.890000,37.319837
2022-07-07,45.310000,37.669010
2022-07-08,45.340000,37.693950
2022-07-11,45.200000,37.577560
2022-07-12,44.870000,37.303210
2022-07-13,43.900000,36.496789
2022-07-14,42.710000,35.833974
2022-07-15,43.910000,36.840782
2022-07-18,44.040000,36.949853
2022-07-19,44.610000,37.428087
2022-07-20,44.700000,37.503597
2022-07-21,44.860000,37.637838
2022-07-22,44.990000,37.746909
2022-07-25,45.990000,38.585916
2022-07-26,45.120000,37.855980
2022-07-27,45.880000,38.493625
2022-07-28,45.350000,38.048951
2022-07-29,45.700000,38.342604
2022-08-01,45.640000,38.292263
2022-08-02,44.900000,37.671398
2022-08-03,45.160000,37.889540
2022-08-04,44.230000,37.109264
2022-08-05,45.180000,37.906320
2022-08-08,45.360000,38.057342
2022-08-09,45.790000,38.418114
2022-08-10,45.940000,38.543965
2022-08-11,47.310000,39.693405
2022-08-12,48.000000,40.272319
2022-08-15,48.260000,40.490461
2022-08-16,49.010000,41.119716
2022-08-17,48.390000,40.599532
2022-08-18,48.670000,40.834454
2022-08-19,48.510000,40.700212
2022-08-22,47.380000,39.752135
2022-08-23,46.680000,39.164830
2022-08-24,46.470000,38.988639
2022-08-25,47.040000,39.466873
2022-08-26,46.350000,38.887958
2022-08-29,45.820000,38.443285
2022-08-30,45.690000,38.334214
2022-08-31,45.230000,37.948271
2022-09-01,45.230000,37.948271
2022-09-02,44.940000,37.704959
2022-09-06,44.480000,37.319016
2022-09-07,45.330000,38.032171
2022-09-08,45.080000,37.822420
2022-09-09,45.540000,38.208363
2022-09-12,45.710000,38.350994
2022-09-13,44.950000,37.713349
2022-09-14,45.400000,38.090902
2022-09-15,45.480000,38.158022
2022-09-16,45.200000,37.923100
2022-09-19,45.660000,38.309044
2022-09-20,45.210000,37.931491
2022-09-21,44.880000,37.654618
2022-09-22,44.090000,36.991803
2022-09-23,43.920000,36.849172
2022-09-26,44.220000,37.100874
2022-09-27,43.580000,36.563910
2022-09-28,44.010000,36.924683
2022-09-29,43.390000,36.404498
2022-09-30,42.600000,35.741683
2022-10-03,43.060000,36.127626
2022-10-04,43.830000,36.773661
2022-10-05,43.100000,36.161187
2022-10-06,42.360000,35.540322
2022-10-07,40.820000,34.248251
2022-10-10,41.350000,34.692925
2022-10-11,41.710000,34.994967
2022-10-12,41.860000,35.120818
2022-10-13,43.350000,36.721840
2022-10-14,43.340000,36.713369
2022-10-17,44.060000,37.323282
2022-10-18,43.740000,37.052209
2022-10-19,43.710000,37.026796
2022-10-20,42.280000,35.815441
2022-10-21,43.120000,36.527006
2022-10-24,43.860000,37.153861
2022-10-25,42.690000,36.162753
2022-10-26,42.080000,35.646021
2022-10-27,42.360000,35.883209
2022-10-28,43.420000,36.781137
2022-10-31,43.520000,36.865847
2022-11-01,43.010000,36.433825
2022-11-02,42.660000,36.137340
2022-11-03,42.120000,35.679905
2022-11-04,43.390000,36.755724
2022-11-07,43.260000,36.645601
2022-11-08,43.300000,36.679485
2022-11-09,42.910000,36.349115
2022-11-10,44.070000,37.331753
2022-11-11,43.030000,36.450767
2022-11-14,43.100000,36.510064
2022-11-15,43.440000,36.798079
2022-11-16,43.100000,36.510064
2022-11-17,42.640000,36.120398
2022-11-18,42.460000,35.967920
2022-11-21,43.180000,36.577832
2022-11-22,43.500000,36.848905
2022-11-23,43.160000,36.560890
2022-11-25,43.730000,37.043738
2022-11-28,42.700000,36.171224
2022-11-29,42.710000,36.179695
2022-11-30,43.780000,37.086093
2022-12-01,42.990000,36.416883
2022-12-02,43.190000,36.586303
2022-12-05,41.710000,35.332594
2022-12-06,41.940000,35.527427
2022-12-07,41.780000,35.391891
2022-12-08,41.950000,35.535898
2022-12-09,42.100000,35.662963
2022-12-12,42.700000,36.171224
2022-12-13,42.300000,35.832383
2022-12-14,41.850000,35.451188
2022-12-15,40.960000,34.697268
2022-12-16,40.880000,34.629500
2022-12-19,40.950000,34.688797
2022-12-20,40.380000,34.205949
2022-12-21,41.020000,34.748094
2022-12-22,41.130000,34.841275
2022-12-23,41.520000,35.171644
2022-12-27,41.360000,35.036108
2022-12-28,41.200000,34.900572
2022-12-29,41.780000,35.391891
2022-12-30,41.690000,35.315652
2023-01-03,41.840000,35.442717
2023-01-04,41.960000,35.544369
2023-01-05,41.470000,35.129289
2023-01-06,42.320000,35.849325
2023-01-09,41.720000,35.341065
2023-01-10,42.080000,35.646021
2023-01-11,42.220000,35.764615
2023-01-12,42.200000,36.106860
2023-01-13,42.340000,36.226646
2023-01-17,42.000000,35.935738
2023-01-18,41.260000,35.302584
2023-01-19,41.650000,35.636273
2023-01-20,42.180000,36.089748
2023-01-23,42.090000,36.012743
2023-01-24,41.880000,35.833064
2023-01-25,41.240000,35.285472
2023-01-26,41.120000,35.182799
2023-01-27,41.560000,35.559268
2023-01-30,41.550000,35.550712
2023-01-31,42.230000,36.132529
2023-02-01,39.950000,34.181732
2023-02-02,40.840000,34.943227
2023-02-03,41.790000,35.756059
2023-02-06,41.760000,35.730391
2023-02-07,41.730000,35.704722
2023-02-08,41.400000,35.422370
2023-02-09,41.470000,35.482263
2023-02-10,41.520000,35.525044
2023-02-13,41.750000,35.721835
2023-02-14,41.290000,35.328253
2023-02-15,41.780000,35.747503
2023-02-16,41.650000,35.636273
2023-02-17,42.350000,36.235202
2023-02-21,41.850000,35.807396
2023-02-22,41.680000,35.661942
2023-02-23,42.160000,36.072636
2023-02-24,41.570000,35.567824
2023-02-27,41.460000,35.473707
2023-02-28,41.150000,35.208467
2023-03-01,41.380000,35.405258
2023-03-02,41.210000,35.259804
2023-03-03,41.380000,35.405258
2023-03-06,40.720000,34.840553
2023-03-07,40.130000,34.335742
2023-03-08,40.340000,34.515421
2023-03-09,38.780000,33.180665
2023-03-10,38.210000,32.692965
2023-03-13,36.360000,31.110082
2023-03-14,36.040000,30.836285
2023-03-15,36.210000,30.981740
2023-03-16,37.500000,32.085480
2023-03-17,37.450000,32.042700
2023-03-20,37.350000,31.957138
2023-03-21,38.710000,33.120772
2023-03-22,37.200000,31.828796
2023-03-23,36.460000,31.195643
2023-03-24,37.560000,32.136817
2023-03-27,37.580000,32.153929
2023-03-28,37.750000,32.299383
2023-03-29,36.860000,31.537888
2023-03-30,35.430000,30.314362
2023-03-31,36.190000,30.964627
2023-04-03,35.730000,30.571046
2023-04-04,35.250000,30.160351
2023-04-05,35.380000,30.271581
2023-04-06,35.140000,30.066234
2023-04-10,35.000000,29.946448
2023-04-11,34.780000,29.758213
2023-04-12,34.380000,29.415968
2023-04-13,34.330000,29.736460
2023-04-14,33.430000,28.956885
2023-04-17,33.850000,29.320687
2023-04-18,32.990000,28.575759
2023-04-19,33.680000,29.173434
2023-04-20,33.560000,29.069490
2023-04-21,33.390000,28.922237
2023-04-24,33.280000,28.826956
2023-04-25,32.300000,27.978085
2023-04-26,31.400000,27.198510
2023-04-27,31.840000,27.579636
2023-04-28,31.950000,27.674917
2023-05-01,31.820000,27.562312
2023-05-02,30.520000,26.436259
2023-05-03,29.960000,25.951190
2023-05-04,28.980000,25.102319
2023-05-05,30.280000,26.228372
2023-05-08,29.460000,25.518093
2023-05-09,29.610000,25.648022
2023-05-10,29.860000,25.864570
2023-05-11,29.640000,25.674008
2023-05-12,29.210000,25.301544
2023-05-15,29.510000,25.561402
2023-05-16,29.660000,25.691331
2023-05-17,31.600000,27.371749
2023-05-18,31.500000,27.285130
2023-05-19,31.010000,26.860694
2023-05-22,31.610000,27.380411
2023-05-23,31.780000,27.527664
2023-05-24,30.990000,26.843370
2023-05-25,30.730000,26.618160
2023-05-26,31.220000,27.042595
2023-05-30,30.650000,26.548864
2023-05-31,29.510000,25.561402
2023-06-01,29.820000,25.829923
2023-06-02,29.470000,25.526755
2023-06-05,29.040000,25.154291
2023-06-06,31.560000,27.337101
2023-06-07,33.570000,29.078152
2023-06-08,33.350000,28.887590
2023-06-09,32.510000,28.159986
2023-06-12,32.410000,28.073367
2023-06-13,33.450000,28.974209
2023-06-14,32.530000,28.177310
2023-06-15,33.160000,28.723013
2023-06-16,32.930000,28.523788
2023-06-20,32.660000,28.289915
2023-06-21,32.670000,28.298577
2023-06-22,32.220000,27.908790
2023-06-23,32.780000,28.393859
2023-06-26,31.910000,27.640269
2023-06-27,31.490000,27.276468
2023-06-28,31.120000,26.955976
2023-06-29,31.580000,27.354425
2023-06-30,30.970000,26.826046
2023-07-03,30.870000,26.739427
2023-07-05,30.510000,26.427597
2023-07-06,29.480000,25.535416
2023-07-07,29.960000,25.951190
2023-07-10,29.940000,25.933866
2023-07-11,30.320000,26.263020
2023-07-12,30.620000,26.522878
2023-07-13,30.260000,26.575573
2023-07-14,29.950000,26.303318
2023-07-17,30.680000,26.944434
2023-07-18,32.020000,28.121277
2023-07-19,33.170000,29.131254
2023-07-20,33.360000,29.298120
2023-07-21,32.980000,28.964388
2023-07-24,34.070000,29.921671
2023-07-25,34.010000,29.868977
2023-07-26,34.840000,30.597917
2023-07-27,34.660000,30.439833
2023-07-28,34.890000,30.641829
2023-07-31,34.580000,30.369574
2023-08-01,34.760000,30.527657
2023-08-02,35.000000,30.738435
2023-08-03,35.300000,31.001907
2023-08-04,35.890000,31.520070
2023-08-07,36.750000,32.275357
2023-08-08,36.400000,31.967973
2023-08-09,36.200000,31.792324
2023-08-10,36.130000,31.730847
2023-08-11,36.390000,31.959190
2023-08-14,35.910000,31.537634
2023-08-15,34.530000,30.325662
2023-08-16,34.070000,29.921671
2023-08-17,34.710000,30.483745
2023-08-18,34.320000,30.141231
2023-08-21,33.880000,29.754805
2023-08-22,32.670000,28.692134
2023-08-23,32.710000,28.727263
2023-08-24,32.710000,28.727263
2023-08-25,32.470000,28.516485
2023-08-28,32.940000,28.929259
2023-08-29,32.910000,28.902911
2023-08-30,32.890000,28.885347
2023-08-31,32.790000,28.797522
2023-09-01,33.260000,29.210296
2023-09-05,32.670000,28.692134
2023-09-06,32.180000,28.261795
2023-09-07,32.000000,28.103712
2023-09-08,31.670000,27.813893
2023-09-11,30.500000,26.786351
2023-09-12,30.660000,26.926869
2023-09-13,30.710000,26.970781
2023-09-14,31.050000,27.269383
2023-09-15,29.960000,26.312100
2023-09-18,29.580000,25.978369
2023-09-19,29.290000,25.723679
2023-09-20,29.110000,25.565596
2023-09-21,28.830000,25.319688
2023-09-22,28.200000,24.766396
2023-09-25,28.300000,24.854220
2023-09-26,28.440000,24.977174
2023-09-27,28.400000,24.942044
2023-09-28,28.220000,24.783961
2023-09-29,28.220000,24.783961
2023-10-02,27.870000,24.476577
2023-10-03,27.150000,23.844243
2023-10-04,27.810000,24.423882
2023-10-05,28.050000,24.634660
2023-10-06,27.700000,24.327276
2023-10-09,27.770000,24.388753
2023-10-10,27.970000,24.564401
2023-10-11,28.200000,24.766396
2023-10-12,27.360000,24.391958
2023-10-13,26.820000,23.910538
2023-10-16,27.190000,24.240400
2023-10-17,27.650000,24.650499
2023-10-18,27.280000,24.320637
2023-10-19,27.320000,24.356298
2023-10-20,27.090000,24.151248
2023-10-23,27.140000,24.195824
2023-10-24,27.100000,24.160163
2023-10-25,27.450000,24.472195
2023-10-26,28.160000,25.105173
2023-10-27,27.970000,24.935785
2023-10-30,28.500000,25.408290
2023-10-31,29.160000,25.996692
2023-11-01,28.880000,25.747067
2023-11-02,30.630000,27.307225
2023-11-03,32.280000,28.778232
2023-11-06,32.570000,29.036772
2023-11-07,33.330000,29.714326
2023-11-08,32.390000,28.876299
2023-11-09,32.010000,28.537521
2023-11-10,32.220000,28.724740
2023-11-13,32.590000,29.054602
2023-11-14,35.230000,31.408212
2023-11-15,34.610000,30.855471
2023-11-16,34.470000,30.730658
2023-11-17,34.730000,30.962453
2023-11-20,34.470000,30.730658
2023-11-21,33.470000,29.839139
2023-11-22,33.460000,29.830224
2023-11-24,34.000000,30.311644
2023-11-27,34.020000,30.329475
2023-11-28,33.520000,29.883715
2023-11-29,34.480000,30.739573
2023-11-30,33.750000,30.088764
2023-12-01,35.980000,32.076852
2023-12-04,36.210000,32.281901
2023-12-05,35.750000,31.871802
2023-12-06,35.400000,31.559771
2023-12-07,36.370000,32.424544
2023-12-08,36.520000,32.558272
2023-12-11,36.160000,32.237325
2023-12-12,35.450000,31.604347
2023-12-13,37.950000,33.833144
2023-12-14,38.890000,34.671172
2023-12-15,37.860000,33.752907
2023-12-18,38.070000,33.940126
2023-12-19,38.700000,34.501783
2023-12-20,38.250000,34.100600
2023-12-21,38.390000,34.225412
2023-12-22,38.220000,34.073854
2023-12-26,38.850000,34.635511
2023-12-27,38.750000,34.546359
2023-12-28,38.740000,34.537444
2023-12-29,37.630000,33.547858
2024-01-02,37.800000,33.699416
2024-01-03,36.770000,32.781152
2024-01-04,36.980000,32.968371
2024-01-05,36.840000,32.843558
2024-01-08,37.300000,33.253657
2024-01-09,36.770000,32.781152
2024-01-10,37.080000,33.057522
2024-01-11,36.820000,33.201800
2024-01-12,36.380000,32.805037
2024-01-16,35.710000,32.200876
2024-01-17,35.690000,32.182842
2024-01-18,35.850000,32.327119
2024-01-19,36.220000,32.660760
2024-01-22,37.180000,33.526424
2024-01-23,36.580000,32.985384
2024-01-24,37.050000,33.409198
2024-01-25,36.680000,33.075557
2024-01-26,36.370000,32.796020
2024-01-29,37.600000,33.905151
2024-01-30,37.130000,33.481337
2024-01-31,36.030000,32.489431
2024-02-01,35.340000,31.867235
2024-02-02,34.610000,31.208970
2024-02-05,33.450000,30.162960
2024-02-06,32.850000,29.621921
2024-02-07,32.000000,28.855448
2024-02-08,31.890000,28.756257
2024-02-09,32.350000,29.171054
2024-02-12,33.150000,29.892441
2024-02-13,31.270000,28.197183
2024-02-14,31.960000,28.819379
2024-02-15,33.710000,30.397411
2024-02-16,32.820000,29.594869
2024-02-20,32.680000,29.468626
2024-02-21,32.400000,29.216141
2024-02-22,31.720000,28.602963
2024-02-23,31.640000,28.530824
2024-02-26,31.790000,28.666084
2024-02-27,31.810000,28.684119
2024-02-28,31.490000,28.395564
2024-02-29,31.780000,28.657067
2024-03-01,31.350000,28.269322
2024-03-04,31.490000,28.395564
2024-03-05,32.350000,29.171054
2024-03-06,32.520000,29.324349
2024-03-07,32.770000,29.549782
2024-03-08,32.920000,29.685042
2024-03-11,33.110000,29.856371
2024-03-12,32.580000,29.378453
2024-03-13,32.390000,29.207124
2024-03-14,31.260000,28.188166
2024-03-15,31.240000,28.170131
2024-03-18,30.440000,27.448745
2024-03-19,30.630000,27.620074
2024-03-20,32.310000,29.134985
2024-03-21,32.790000,29.567817
2024-03-22,32.210000,29.044812
2024-03-25,32.380000,29.198106
2024-03-26,31.690000,28.575911
2024-03-27,33.250000,29.982614
2024-03-28,33.520000,30.226082
2024-04-01,32.090000,28.936604
2024-04-02,30.820000,27.791403
2024-04-03,30.370000,27.385624
2024-04-04,31.050000,27.998802
2024-04-05,31.140000,28.079958
2024-04-08,32.320000,29.144002
2024-04-09,31.860000,28.729205
2024-04-10,29.820000,26.889670
2024-04-11,30.090000,27.133138
2024-04-12,29.310000,26.803919
2024-04-15,29.280000,26.776484
2024-04-16,28.960000,26.483845
2024-04-17,28.650000,26.200351
2024-04-18,28.710000,26.255221
2024-04-19,30.060000,27.489792
2024-04-22,30.310000,27.718417
2024-04-23,30.700000,28.075071
2024-04-24,31.010000,28.358565
2024-04-25,30.690000,28.065926
2024-04-26,30.500000,27.892171
2024-04-29,30.150000,27.572097
2024-04-30,31.220000,28.550609
2024-05-01,31.780000,29.062728
2024-05-02,32.130000,29.382802
2024-05-03,32.030000,29.291352
2024-05-06,32.080000,29.337077
2024-05-07,31.790000,29.071873
2024-05-08,32.140000,29.391947
2024-05-09,32.800000,29.995515
2024-05-10,32.390000,29.620571
2024-05-13,32.310000,29.547412
2024-05-14,33.100000,30.269864
2024-05-15,33.400000,30.544214
2024-05-16,33.110000,30.279009
2024-05-17,33.190000,30.352169
2024-05-20,32.370000,29.602281
2024-05-21,32.540000,29.757746
2024-05-22,32.800000,29.995515
2024-05-23,32.300000,29.538267
2024-05-24,32.320000,29.556556
2024-05-28,32.180000,29.428527
2024-05-29,31.870000,29.145033
2024-05-30,32.370000,29.602281
2024-05-31,32.420000,29.648006
2024-06-03,31.970000,29.236482
2024-06-04,31.660000,28.952988
2024-06-05,32.110000,29.364512
2024-06-06,32.450000,29.675441
2024-06-07,32.350000,29.583991
2024-06-10,31.310000,28.632914
2024-06-11,31.190000,28.523174
2024-06-12,32.330000,29.565701
2024-06-13,31.940000,29.209047
2024-06-14,31.180000,28.514029
2024-06-17,31.570000,28.870683
2024-06-18,31.930000,29.199902
2024-06-20,31.670000,28.962133
2024-06-21,31.470000,28.779234
2024-06-24,31.720000,29.007858
2024-06-25,31.310000,28.632914
2024-06-26,31.570000,28.870683
2024-06-27,32.230000,29.474252
2024-06-28,33.000000,30.178415
2024-07-01,32.850000,30.041240
2024-07-02,33.140000,30.306444
2024-07-03,32.640000,29.849196
2024-07-05,32.010000,29.273062
2024-07-08,32.170000,29.419382
2024-07-09,32.190000,29.437672
2024-07-10,33.360000,30.507634
2024-07-11,35.240000,32.226889
2024-07-12,35.440000,32.409788
2024-07-15,36.310000,33.603638
2024-07-16,38.820000,35.926556
2024-07-17,38.940000,36.037612
2024-07-18,37.760000,34.945563
2024-07-19,37.650000,34.843762
2024-07-22,37.820000,35.001091
2024-07-23,39.230000,36.305997
2024-07-24,38.550000,35.676680
2024-07-25,40.300000,37.296244
2024-07-26,40.600000,37.573884
2024-07-29,40.050000,37.064878
2024-07-30,41.380000,38.295747
2024-07-31,41.680000,38.573386
2024-08-01,38.800000,35.908047
2024-08-02,37.610000,34.806743
2024-08-05,36.950000,34.195936
2024-08-06,36.940000,34.186681
2024-08-07,36.370000,33.659166
2024-08-08,36.860000,34.112644
2024-08-09,36.150000,33.455564
2024-08-12,35.620000,32.965067
2024-08-13,36.070000,33.381527
2024-08-14,35.960000,33.279726
2024-08-15,37.080000,34.316247
2024-08-16,37.860000,35.038109
2024-08-19,38.050000,35.213948
2024-08-20,37.410000,34.621650
2024-08-21,37.630000,34.825252
2024-08-22,37.790000,34.973327
2024-08-23,40.240000,37.240716
2024-08-26,39.930000,36.953822
2024-08-27,39.390000,36.454071
2024-08-28,39.660000,36.703947
2024-08-29,40.070000,37.083387
2024-08-30,39.980000,37.000095
2024-09-03,39.540000,36.592891
2024-09-04,38.820000,35.926556
2024-09-05,38.330000,35.473078
2024-09-06,37.780000,34.964072
2024-09-09,37.900000,35.075128
2024-09-10,37.780000,34.964072
2024-09-11,37.920000,35.093637
2024-09-12,37.700000,34.890035
2024-09-13,38.740000,35.852519
2024-09-16,38.830000,35.935811
2024-09-17,39.400000,36.463326
2024-09-18,39.870000,36.898294
2024-09-19,41.050000,37.990343
2024-09-20,40.180000,37.185188
2024-09-23,39.390000,36.454071
2024-09-24,39.620000,36.666928
2024-09-25,39.560000,36.611400
2024-09-26,40.060000,37.074133
2024-09-27,40.080000,37.092642
2024-09-30,41.320000,38.240219
2024-10-01,39.060000,36.148668
2024-10-02,38.750000,35.861773
2024-10-03,38.980000,36.074630
2024-10-04,39.520000,36.574381
2024-10-07,39.510000,36.565127
2024-10-08,39.660000,36.703947
2024-10-09,40.350000,37.342518
2024-10-10,40.160000,37.166679
2024-10-11,41.420000,38.332765
2024-10-14,41.550000,38.453076
2024-10-15,42.190000,39.444086
2024-10-16,42.720000,39.939591
2024-10-17,42.980000,40.182669
2024-10-18,41.970000,39.238405
2024-10-21,40.550000,37.910825
2024-10-22,41.030000,38.359584
2024-10-23,41.190000,38.509171
2024-10-24,41.090000,38.415679
2024-10-25,40.180000,37.564906
2024-10-28,41.470000,38.770947
2024-10-29,42.200000,39.453435
2024-10-30,42.420000,39.659117
2024-10-31,41.950000,39.219706
2024-11-01,42.080000,39.341245
2024-11-04,41.960000,39.229056
2024-11-05,43.090000,40.285510
2024-11-06,49.570000,46.343763
2024-11-07,47.060000,43.997125
2024-11-08,47.900000,44.782454
2024-11-11,49.500000,46.278319
2024-11-12,48.800000,45.623878
2024-11-13,48.580000,45.418196
2024-11-14,47.490000,44.399138
2024-11-15,47.250000,44.174759
2024-11-18,46.470000,43.445525
2024-11-19,46.390000,43.370731
2024-11-20,46.310000,43.295938
2024-11-21,46.760000,43.716650
2024-11-22,47.960000,44.838549
2024-11-25,48.340000,45.193817
2024-11-26,47.840000,44.726359
2024-11-27,47.580000,44.483281
2024-11-29,47.110000,44.043871
2024-12-02,47.200000,44.128013
2024-12-03,46.240000,43.230494
2024-12-04,47.170000,44.099965
2024-12-05,46.800000,43.754047
2024-12-06,46.550000,43.520318
2024-12-09,46.130000,43.127653
2024-12-10,46.570000,43.539016
2024-12-11,46.800000,43.754047
2024-12-12,45.940000,42.950019
2024-12-13,45.860000,42.875226
2024-12-16,45.910000,42.921972
2024-12-17,44.960000,42.033802
2024-12-18,42.650000,39.874147
2024-12-19,42.290000,39.537578
2024-12-20,43.420000,40.594032
2024-12-23,42.830000,40.042432
2024-12-24,42.990000,40.192019
2024-12-26,43.360000,40.537937
2024-12-27,42.830000,40.042432
2024-12-30,42.770000,39.986337
2024-12-31,42.740000,39.958290
2025-01-02,42.250000,39.500181
2025-01-03,42.080000,39.341245
2025-01-06,41.860000,39.135564
2025-01-07,42.010000,39.275801
2025-01-08,41.750000,39.032723
2025-01-10,41.510000,38.808344
2025-01-13,42.130000,39.387991
2025-01-14,43.440000,40.612731
2025-01-15,44.100000,41.632297
2025-01-16,43.890000,41.434048
2025-01-17,44.050000,41.585095
2025-01-21,44.800000,42.293127
2025-01-22,43.760000,41.311322
2025-01-23,43.430000,40.999788
2025-01-24,43.800000,41.349084
2025-01-27,44.440000,41.953272
2025-01-28,45.430000,42.887874
2025-01-29,45.860000,43.293813
2025-01-30,45.470000,42.925636
2025-01-31,45.360000,42.821791
2025-02-03,44.410000,41.924950
2025-02-04,45.560000,43.010600
2025-02-05,45.800000,43.237170
2025-02-06,46.520000,43.916881
2025-02-07,45.210000,42.680185
2025-02-10,44.820000,42.312008
2025-02-11,45.570000,43.020040
2025-02-12,44.410000,41.924950
2025-02-13,44.720000,42.217604
2025-02-14,44.570000,42.075997
2025-02-18,45.020000,42.500817
2025-02-19,44.710000,42.208163
2025-02-20,43.910000,41.452929
2025-02-21,43.090000,40.678814
2025-02-24,43.120000,40.707135
2025-02-25,43.500000,41.065871
2025-02-26,43.570000,41.131954
2025-02-27,43.590000,41.150835
2025-02-28,43.980000,41.519012
2025-03-03,43.700000,41.254680
2025-03-04,42.440000,40.065186
2025-03-05,42.140000,39.781973
2025-03-06,41.710000,39.376034
2025-03-07,41.470000,39.149464
2025-03-10,40.280000,38.026053
2025-03-11,40.320000,38.063814
2025-03-12,40.870000,38.583038
2025-03-13,40.680000,38.403670
2025-03-14,41.310000,38.998417
2025-03-17,41.430000,39.111702
2025-03-18,41.790000,39.451558
2025-03-19,41.820000,39.479879
2025-03-20,41.440000,39.121143
2025-03-21,41.040000,38.743525
2025-03-24,42.010000,39.659247
2025-03-25,41.540000,39.215547
2025-03-26,41.500000,39.177785
2025-03-27,41.450000,39.130583
2025-03-28,40.610000,38.337587
2025-03-31,40.470000,38.205421
2025-04-01,40.230000,37.978851
2025-04-02,40.310000,38.054374
2025-04-03,37.280000,35.193924
2025-04-04,36.460000,34.419808
2025-04-07,36.350000,34.315964
2025-04-08,36.530000,34.485891
2025-04-09,38.390000,36.241811
2025-04-10,36.520000,34.476451
2025-04-11,36.440000,34.400927
2025-04-14,37.030000,34.957913
2025-04-15,37.400000,35.712263
2025-04-16,37.420000,35.731360
2025-04-17,37.740000,36.036920
2025-04-21,37.320000,35.635873
2025-04-22,38.300000,36.571649
2025-04-23,39.030000,37.268706
2025-04-24,39.290000,37.516973
2025-04-25,38.740000,36.991793
2025-04-28,38.820000,37.068183
2025-04-29,39.220000,37.450132
2025-04-30,38.520000,36.781721
2025-05-01,38.660000,36.915403
2025-05-02,39.590000,37.803435
2025-05-05,39.610000,37.822533
2025-05-06,39.360000,37.583815
2025-05-07,39.250000,37.478778
2025-05-08,40.230000,38.414554
2025-05-09,39.920000,38.118544
2025-05-12,41.010000,39.159356
2025-05-13,41.310000,39.445818
2025-05-14,41.080000,39.226197
2025-05-15,41.490000,39.617695
2025-05-16,41.210000,39.350330
2025-05-19,41.230000,39.369428
2025-05-20,41.170000,39.312135
2025-05-21,39.860000,38.061251
2025-05-22,39.600000,37.812984
2025-05-23,39.320000,37.545620
2025-05-27,40.320000,38.500493
2025-05-28,39.730000,37.937118
2025-05-29,39.940000,38.137641
2025-05-30,39.340000,37.564717
2025-06-02,38.930000,37.173219
2025-06-03,39.510000,37.727046
2025-06-04,38.810000,37.058634
2025-06-05,38.610000,36.867660
2025-06-06,39.530000,37.746143
2025-06-09,39.770000,37.975313
2025-06-10,40.260000,38.443201
2025-06-11,40.110000,38.299970
2025-06-12,39.920000,38.118544
2025-06-13,38.700000,36.953598
2025-06-16,38.590000,36.848562
2025-06-17,38.090000,36.371125
2025-06-18,38.420000,36.686234
2025-06-20,38.570000,36.829465
2025-06-23,39.720000,37.927569
2025-06-24,40.140000,38.328616
2025-06-25,39.650000,37.860728
2025-06-26,40.510000,38.681919
2025-06-27,40.720000,38.882442
2025-06-30,40.580000,38.748760
2025-07-01,41.880000,39.990095
2025-07-02,42.590000,40.668055
2025-07-03,43.340000,41.384210
2025-07-07,43.030000,41.088200
2025-07-08,43.340000,41.384210
2025-07-09,43.310000,41.355564
2025-07-10,43.500000,41.536990
2025-07-11,42.580000,40.658507
2025-07-14,43.510000,41.546539
2025-07-15,41.580000,40.090626
2025-07-16,41.890000,40.389522
2025-07-17,42.430000,40.910180
2025-07-18,42.270000,40.755911
2025-07-21,42.290000,40.775194
2025-07-22,42.170000,40.659493
2025-07-23,41.870000,40.370239
2025-07-24,40.950000,39.483193
2025-07-25,41.000000,39.531402
2025-07-28,41.460000,39.974925
2025-07-29,37.230000,35.896441
2025-07-30,37.110000,35.780739
2025-07-31,37.710000,36.359248
2025-08-01,36.600000,35.289007
2025-08-04,37.070000,35.742172
2025-08-05,36.860000,35.539694
2025-08-06,37.170000,35.838590
2025-08-07,36.660000,35.346858
2025-08-08,37.320000,35.983217
2025-08-11,37.720000,36.368889
2025-08-12,39.120000,37.718742
2025-08-13,39.950000,38.519012
2025-08-14,39.440000,38.027280
2025-08-15,38.720000,37.333070
2025-08-18,38.820000,37.429488
2025-08-19,38.740000,37.352354
2025-08-20,38.670000,37.284861
2025-08-21,38.710000,37.323428
2025-08-22,40.730000,39.271073
2025-08-25,40.460000,39.010744
2025-08-26,40.800000,39.338565
2025-08-27,41.140000,39.666387
2025-08-28,40.810000,39.348207
2025-08-29,40.890000,39.425342
2025-09-02,40.370000,38.923968
2025-09-03,40.350000,38.904684
2025-09-04,41.020000,39.550685
2025-09-05,40.560000,39.107162
2025-09-08,40.530000,39.078237
2025-09-09,40.130000,38.692565
2025-09-10,40.100000,38.663639
2025-09-11,40.680000,39.222864
2025-09-12,40.430000,38.981819
2025-09-15,40.260000,38.817908
2025-09-16,39.800000,38.374385
2025-09-17,39.820000,38.393669
2025-09-18,41.520000,40.032775
2025-09-19,40.220000,38.779341
2025-09-22,39.650000,38.229758
2025-09-23,39.520000,38.104414
2025-09-24,39.290000,37.882653
2025-09-25,38.970000,37.574115
2025-09-26,39.770000,38.345460
2025-09-29,38.720000,37.333070
2025-09-30,38.590000,37.207727
2025-10-01,38.170000,36.802771
2025-10-02,37.900000,36.542442
2025-10-03,38.360000,36.985965
2025-10-06,39.200000,37.795877
2025-10-07,38.560000,37.178801
2025-10-08,38.460000,37.082383
2025-10-09,37.530000,36.185695
2025-10-10,36.460000,35.154022
2025-10-13,37.010000,35.684321
2025-10-14,38.380000,37.005249
2025-10-15,37.050000,36.118136
2025-10-16,35.450000,34.558379
2025-10-17,35.690000,34.792343
2025-10-20,36.790000,35.864676
2025-10-21,36.980000,36.049897
2025-10-22,37.110000,36.176627
2025-10-23,36.690000,35.767191
2025-10-24,37.650000,36.703046
2025-10-27,37.130000,36.196124
2025-10-28,37.710000,36.761536
2025-10-29,38.810000,37.833870
2025-10-30,38.790000,37.814373
2025-10-31,38.150000,37.190470
2025-11-03,38.490000,37.521918
2025-11-04,38.250000,37.287955
2025-11-05,39.200000,38.214061
2025-11-06,38.560000,37.590158
2025-11-07,38.830000,37.853367
2025-11-10,38.840000,37.863115
2025-11-11,39.220000,38.233558
2025-11-12,39.250000,38.262803
2025-11-13,39.430000,38.438276
2025-11-14,39.460000,38.467521
2025-11-17,38.340000,37.375691
2025-11-18,38.170000,37.209967
2025-11-19,38.440000,37.473176
2025-11-20,38.230000,37.268458
2025-11-21,39.910000,38.906203
2025-11-24,40.030000,39.023185
2025-11-25,41.550000,40.504955
2025-11-26,40.540000,39.520358
2025-11-28,40.440000,39.422873
2025-12-01,40.980000,39.949291
2025-12-02,41.070000,40.037027
2025-12-03,42.870000,41.791755
2025-12-04,42.640000,41.567540
2025-12-05,42.370000,41.304330
2025-12-08,42.770000,41.694270
2025-12-09,43.120000,42.035467
2025-12-10,44.360000,43.244279
2025-12-11,44.700000,43.575727
2025-12-12,45.210000,44.072900
2025-12-15,45.680000,44.531079
2025-12-16,45.810000,44.657809
2025-12-17,45.930000,44.774791
2025-12-18,46.470000,45.301209
2025-12-19,45.950000,44.794288
2025-12-22,45.370000,44.228876
2025-12-23,44.690000,43.565979
2025-12-24,44.780000,43.653715
2025-12-26,44.560000,43.439249
2025-12-29,44.360000,43.244279
2025-12-30,43.800000,42.698364
2025-12-31,43.380000,42.288927
2026-01-02,43.030000,41.947730
2026-01-05,44.150000,43.039561
2026-01-06,44.900000,43.770697
2026-01-07,44.020000,42.912830
2026-01-08,45.100000,43.965667
2026-01-09,44.650000,43.526985
2026-01-12,44.150000,43.039561
2026-01-13,44.120000,43.010315
2026-01-14,44.930000,43.799943
2026-01-15,45.680000,44.951278
2026-01-16,45.310000,44.587180
2026-01-20,44.570000,43.858985
2026-01-21,47.260000,46.506072
2026-01-22,47.590000,46.830808
2026-01-23,45.560000,44.833192
2026-01-26,47.190000,46.437189
2026-01-27,47.380000,46.624158
2026-01-28,45.670000,44.941437
2026-01-29,46.660000,45.915644
2026-01-30,47.570000,46.811127
2026-02-02,49.150000,48.365922
2026-02-03,49.680000,48.887467
2026-02-04,50.910000,50.097845
2026-02-05,50.000000,49.202362
2026-02-06,50.130000,49.330288
2026-02-09,50.140000,49.340129
2026-02-10,49.730000,48.936669
2026-02-11,49.660000,48.867786
2026-02-12,49.610000,48.818583
2026-02-13,50.090000,49.290926
2026-02-17,50.560000,49.753428
2026-02-18,48.730000,47.952622
2026-02-19,48.620000,47.844377
2026-02-20,49.190000,48.405284
2026-02-23,46.950000,46.201018
2026-02-24,46.850000,46.102613
2026-02-25,48.240000,47.470439
2026-02-26,48.240000,47.470439
2026-02-27,46.160000,45.423620
2026-03-02,46.900000,46.151815
2026-03-03,46.760000,46.014049
2026-03-04,47.250000,46.496232
2026-03-05,46.110000,45.374418
2026-03-06,45.920000,45.187449
2026-03-09,45.830000,45.098885
2026-03-10,45.840000,45.108725
2026-03-11,45.410000,44.685585
2026-03-12,45.990000,45.256332
2026-03-13,45.480000,44.754468
2026-03-16,45.950000,45.216971
2026-03-17,45.630000,44.902075
2026-03-18,45.150000,44.429733
2026-03-19,45.710000,44.980799
2026-03-20,45.260000,44.537978
2026-03-23,46.570000,45.827080
2026-03-24,46.740000,45.994368
2026-03-25,46.600000,45.856601
2026-03-26,46.910000,46.161656
2026-03-27,46.200000,45.462982
2026-03-30,47.030000,46.279742
2026-03-31,47.450000,46.693041
2026-04-01,48.180000,47.411396
2026-04-02,48.230000,47.460598
2026-04-06,49.000000,48.218315
2026-04-07,49.070000,48.287198
2026-04-08,50.310000,49.507417
2026-04-09,51.270000,50.452102
2026-04-10,50.820000,50.009281
2026-04-13,51.170000,50.353697
2026-04-14,51.120000,50.304495
2026-04-15,50.380000,49.986991
2026-04-16,49.660000,49.272608
2026-04-17,51.200000,50.800594
2026-04-20,50.430000,50.036601
2026-04-21,49.160000,48.776508
2026-04-22,49.380000,48.994792
2026-04-23,49.880000,49.490892
2026-04-24,49.680000,49.292452
2026-04-27,50.400000,50.006835
2026-04-28,50.670000,50.274729
2026-04-29,47.970000,47.595791
2026-04-30,48.170000,47.794231
2026-05-01,48.840000,48.459004
2026-05-04,48.070000,47.695011
2026-05-05,48.830000,48.449082
2026-05-06,49.110000,48.726898
2026-05-07,48.620000,48.240721
2026-05-08,49.300000,48.915416
2026-05-11,48.030000,47.655323
2026-05-12,48.050000,47.675167
2026-05-13,47.520000,47.149302
2026-05-14,47.530000,47.159224
2026-05-15,47.340000,46.970706
2026-05-18,48.310000,47.933139
2026-05-19,48.250000,47.873607
2026-05-20,49.200000,48.816196
2026-05-21,49.420000,49.034480
2026-05-22,49.320000,48.935260
2026-05-26,50.250000,49.858005
2026-05-27,50.090000,49.699253
2026-05-28,49.760000,49.371828
2026-05-29,50.030000,49.639721
2026-06-01,48.980000,48.597912
2026-06-02,50.360000,49.967147
2026-06-03,48.460000,48.081969
2026-06-04,50.380000,49.986991
2026-06-05,50.500000,50.106055
2026-06-08,50.720000,50.324339
2026-06-09,51.240000,50.840282
2026-06-10,51.800000,51.395914
2026-06-11,51.740000,51.336382
2026-06-12,52.680000,52.269049
2026-06-15,51.890000,51.485212
2026-06-16,51.790000,51.385992
2026-06-17,51.290000,50.889892
2026-06-18,51.490000,51.088332
2026-06-22,51.860000,51.455446
2026-06-23,52.780000,52.368269
2026-06-24,53.170000,52.755227
2026-06-25,53.130000,52.715539
2026-06-26,54.330000,53.906178
2026-06-29,53.960000,53.539064
2026-06-30,54.220000,53.797036
2026-07-01,55.790000,55.354788
2026-07-02,54.580000,54.154227
2026-07-06,54.860000,54.432043
2026-07-07,53.930000,53.509298
2026-07-08,52.880000,52.467489
2026-07-09,53.670000,53.251326
2026-07-10,53.730000,53.310858
2026-07-13,53.920000,53.499376
2026-07-14,53.840000,53.420000
2026-07-15,54.160000,54.160000
2026-07-16,55.590000,55.590000
2026-07-17,54.200000,54.200000
2026-07-20,54.280000,54.280000
2026-07-21,54.230000,54.230000
2026-07-22,53.630000,53.630000
2026-07-23,53.600000,53.600000
2026-07-24,54.630000,54.630000
2026-07-27,54.810000,54.810000
2026-07-28,57.850000,57.850000
2026-07-29,58.480000,58.480000
2026-07-30,57.850000,57.850000
2026-07-31,57.890000,57.890000
2026-08-03,59.280000,59.280000
2026-08-04,59.770000,59.770000
2026-08-05,59.370000,59.370000
2026-08-06,58.710000,58.710000
2026-08-07,57.790000,57.790000
2026-08-10,57.380000,57.380000
2026-08-11,58.090000,58.090000
2026-08-12,58.570000,58.570000
2026-08-13,58.960000,58.960000
2026-08-14,58.770000,58.770000
2026-08-17,58.480000,58.480000
